-- MySQL dump 10.13  Distrib 5.5.31, for debian-linux-gnu (x86_64)
--
-- Host: localhost    Database: parquelareja
-- ------------------------------------------------------
-- Server version	5.5.31-0ubuntu0.12.04.1

/*!40101 SET @OLD_CHARACTER_SET_CLIENT=@@CHARACTER_SET_CLIENT */;
/*!40101 SET @OLD_CHARACTER_SET_RESULTS=@@CHARACTER_SET_RESULTS */;
/*!40101 SET @OLD_COLLATION_CONNECTION=@@COLLATION_CONNECTION */;
/*!40101 SET NAMES utf8 */;
/*!40103 SET @OLD_TIME_ZONE=@@TIME_ZONE */;
/*!40103 SET TIME_ZONE='+00:00' */;
/*!40014 SET @OLD_UNIQUE_CHECKS=@@UNIQUE_CHECKS, UNIQUE_CHECKS=0 */;
/*!40014 SET @OLD_FOREIGN_KEY_CHECKS=@@FOREIGN_KEY_CHECKS, FOREIGN_KEY_CHECKS=0 */;
/*!40101 SET @OLD_SQL_MODE=@@SQL_MODE, SQL_MODE='NO_AUTO_VALUE_ON_ZERO' */;
/*!40111 SET @OLD_SQL_NOTES=@@SQL_NOTES, SQL_NOTES=0 */;

--
-- Table structure for table `a_access`
--

DROP TABLE IF EXISTS `a_access`;
/*!40101 SET @saved_cs_client     = @@character_set_client */;
/*!40101 SET character_set_client = utf8 */;
CREATE TABLE `a_access` (
  `id` bigint(20) NOT NULL AUTO_INCREMENT,
  `page_id` bigint(20) DEFAULT NULL,
  `privilege` varchar(100) DEFAULT NULL,
  `user_id` bigint(20) DEFAULT NULL,
  PRIMARY KEY (`id`),
  KEY `pageindex_idx` (`page_id`),
  KEY `user_id_idx` (`user_id`),
  CONSTRAINT `a_access_page_id_a_page_id` FOREIGN KEY (`page_id`) REFERENCES `a_page` (`id`) ON DELETE CASCADE,
  CONSTRAINT `a_access_user_id_sf_guard_user_id` FOREIGN KEY (`user_id`) REFERENCES `sf_guard_user` (`id`) ON DELETE CASCADE
) ENGINE=InnoDB DEFAULT CHARSET=utf8;
/*!40101 SET character_set_client = @saved_cs_client */;

--
-- Dumping data for table `a_access`
--

LOCK TABLES `a_access` WRITE;
/*!40000 ALTER TABLE `a_access` DISABLE KEYS */;
/*!40000 ALTER TABLE `a_access` ENABLE KEYS */;
UNLOCK TABLES;

--
-- Table structure for table `a_area`
--

DROP TABLE IF EXISTS `a_area`;
/*!40101 SET @saved_cs_client     = @@character_set_client */;
/*!40101 SET character_set_client = utf8 */;
CREATE TABLE `a_area` (
  `id` bigint(20) NOT NULL AUTO_INCREMENT,
  `page_id` bigint(20) DEFAULT NULL,
  `name` varchar(100) DEFAULT NULL,
  `culture` varchar(7) DEFAULT NULL,
  `latest_version` int(11) DEFAULT NULL,
  PRIMARY KEY (`id`),
  KEY `page_index_idx` (`page_id`),
  CONSTRAINT `a_area_page_id_a_page_id` FOREIGN KEY (`page_id`) REFERENCES `a_page` (`id`) ON DELETE CASCADE
) ENGINE=InnoDB AUTO_INCREMENT=203 DEFAULT CHARSET=utf8;
/*!40101 SET character_set_client = @saved_cs_client */;

--
-- Dumping data for table `a_area`
--

LOCK TABLES `a_area` WRITE;
/*!40000 ALTER TABLE `a_area` DISABLE KEYS */;
INSERT INTO `a_area` VALUES (1,1,'title','es',2),(2,1,'title','fr',1),(3,1,'body','es',71),(4,1,'body','fr',1),(9,3,'title','es',1),(10,3,'title','fr',1),(11,4,'title','es',1),(12,4,'title','fr',1),(18,7,'blog-header','es',2),(22,9,'title','es',1),(24,11,'title','es',1),(25,1,'sidebar','es',50),(26,6,'footer','es',1),(27,12,'title','es',7),(28,12,'catTag','es',7),(29,12,'blog-body','es',1),(30,13,'title','es',6),(31,13,'catTag','es',6),(32,13,'blog-body','es',2),(33,6,'logo','es',9),(34,14,'title','es',2),(36,16,'title','es',6),(37,16,'catTag','es',6),(41,16,'blog-body','es',1),(42,14,'sidebar','es',1),(43,14,'body','es',1),(45,14,'body-simple','es',187),(46,9,'body-simple','es',105),(47,7,'title','es',1),(49,19,'title','es',1),(50,20,'title','es',1),(51,21,'title','es',2),(52,22,'title','es',2),(53,23,'title','es',2),(56,26,'title','es',2),(57,20,'body','es',8),(58,11,'body-simple','es',5),(59,21,'body','es',16),(60,26,'body','es',12),(62,27,'title','es',4),(63,27,'catTag','es',4),(64,27,'blog-body','es',1),(65,23,'body','es',21),(66,28,'title','es',1),(67,29,'title','es',1),(69,31,'title','es',1),(70,22,'body','es',1),(74,35,'title','es',8),(75,35,'catTag','es',8),(76,35,'blog-body','es',6),(81,37,'title','es',2),(82,37,'catTag','es',2),(83,38,'title','es',6),(84,38,'catTag','es',6),(85,38,'blog-body','es',1),(86,39,'title','es',4),(87,39,'catTag','es',4),(88,39,'blog-body','es',1),(89,40,'title','es',4),(90,40,'catTag','es',4),(91,40,'blog-body','es',1),(92,41,'title','es',4),(93,41,'catTag','es',4),(94,42,'title','es',6),(95,42,'catTag','es',6),(96,41,'blog-body','es',1),(97,42,'blog-body','es',1),(98,43,'title','es',4),(99,43,'catTag','es',4),(100,43,'blog-body','es',1),(101,44,'title','es',4),(102,44,'catTag','es',4),(103,44,'blog-body','es',1),(104,45,'title','es',4),(105,45,'catTag','es',4),(106,45,'blog-body','es',2),(107,46,'title','es',5),(108,46,'catTag','es',5),(109,46,'blog-body','es',1),(110,47,'title','es',1),(111,47,'body','es',13),(113,49,'title','es',2),(114,49,'body','es',1),(115,50,'title','es',1),(116,50,'body','es',1),(124,1,'leftbar','es',102),(125,53,'title','es',6),(126,53,'catTag','es',6),(127,53,'blog-body','es',1),(128,47,'sidebar','es',1),(129,54,'title','es',1),(130,55,'title','es',7),(131,55,'catTag','es',6),(132,55,'blog-body','es',5),(134,57,'title','es',6),(135,57,'catTag','es',6),(136,57,'blog-body','es',1),(137,58,'title','es',1),(138,59,'title','es',1),(139,60,'title','es',4),(140,60,'catTag','es',4),(141,60,'blog-body','es',2),(143,62,'title','es',1),(144,63,'title','es',1),(145,64,'title','es',1),(146,65,'title','es',1),(149,62,'body','es',8),(150,63,'body','es',77),(151,9,'body','es',11),(152,68,'title','es',1),(153,69,'title','es',1),(154,70,'title','es',1),(155,71,'title','es',4),(156,71,'catTag','es',4),(157,71,'blog-body','es',2),(158,72,'title','es',7),(159,72,'catTag','es',7),(160,72,'blog-body','es',2),(161,59,'body','es',1),(162,73,'title','es',2),(163,73,'catTag','es',2),(164,74,'title','es',15),(165,74,'catTag','es',15),(166,74,'blog-body','es',1),(167,75,'title','es',6),(168,75,'catTag','es',6),(169,76,'title','es',6),(170,76,'catTag','es',6),(171,77,'title','es',7),(172,77,'catTag','es',7),(173,77,'blog-body','es',1),(174,78,'title','es',8),(175,78,'catTag','es',8),(178,80,'title','es',7),(179,80,'catTag','es',7),(180,81,'title','es',22),(181,81,'catTag','es',22),(182,81,'blog-body','es',1),(183,82,'title','es',8),(184,82,'catTag','es',8),(185,83,'title','es',8),(186,83,'catTag','es',8),(187,84,'title','es',8),(188,84,'catTag','es',8),(189,85,'title','es',7),(190,85,'catTag','es',7),(191,85,'blog-body','es',1),(192,82,'blog-body','es',1),(193,86,'title','es',9),(194,86,'catTag','es',9),(195,86,'blog-body','es',2),(196,89,'title','es',1),(197,90,'title','es',2),(198,90,'blog-body','es',1),(199,54,'sidebar','es',4),(200,91,'title','es',5),(201,92,'title','es',1),(202,1,'bottom-left','es',1);
/*!40000 ALTER TABLE `a_area` ENABLE KEYS */;
UNLOCK TABLES;

--
-- Table structure for table `a_area_version`
--

DROP TABLE IF EXISTS `a_area_version`;
/*!40101 SET @saved_cs_client     = @@character_set_client */;
/*!40101 SET character_set_client = utf8 */;
CREATE TABLE `a_area_version` (
  `id` bigint(20) NOT NULL AUTO_INCREMENT,
  `area_id` bigint(20) DEFAULT NULL,
  `version` int(11) DEFAULT NULL,
  `author_id` bigint(20) DEFAULT NULL,
  `diff` varchar(200) DEFAULT NULL,
  `created_at` datetime NOT NULL,
  `updated_at` datetime NOT NULL,
  PRIMARY KEY (`id`),
  KEY `area_index_idx` (`area_id`),
  KEY `author_id_idx` (`author_id`),
  CONSTRAINT `a_area_version_area_id_a_area_id` FOREIGN KEY (`area_id`) REFERENCES `a_area` (`id`) ON DELETE CASCADE,
  CONSTRAINT `a_area_version_author_id_sf_guard_user_id` FOREIGN KEY (`author_id`) REFERENCES `sf_guard_user` (`id`) ON DELETE SET NULL
) ENGINE=InnoDB AUTO_INCREMENT=1339 DEFAULT CHARSET=utf8;
/*!40101 SET character_set_client = @saved_cs_client */;

--
-- Dumping data for table `a_area_version`
--

LOCK TABLES `a_area_version` WRITE;
/*!40000 ALTER TABLE `a_area_version` DISABLE KEYS */;
INSERT INTO `a_area_version` VALUES (1,1,1,NULL,NULL,'2010-06-29 02:51:31','2010-06-29 02:51:31'),(2,2,1,NULL,NULL,'2010-06-29 02:51:31','2010-06-29 02:51:31'),(3,3,1,NULL,NULL,'2010-06-29 02:51:31','2010-06-29 02:51:31'),(4,4,1,NULL,NULL,'2010-06-29 02:51:31','2010-06-29 02:51:31'),(9,9,1,NULL,NULL,'2010-06-29 02:51:31','2010-06-29 02:51:31'),(10,10,1,NULL,NULL,'2010-06-29 02:51:31','2010-06-29 02:51:31'),(11,11,1,NULL,NULL,'2010-06-29 02:51:31','2010-06-29 02:51:31'),(12,12,1,NULL,NULL,'2010-06-29 02:51:31','2010-06-29 02:51:31'),(18,18,1,1,'<strong>\n\n\n\n      \n&nbsp;est</strong>','2010-06-29 02:57:25','2010-06-29 02:57:25'),(36,3,2,1,'<strong>\n\n\n\n      \n&nbsp;asd</strong>','2010-06-29 03:59:45','2010-06-29 03:59:45'),(37,3,3,1,'<strike>Welcome to aSandbox,</strike>','2010-06-29 04:00:11','2010-06-29 04:00:11'),(38,22,1,1,'<strong>El Parque</strong>','2010-06-29 04:12:20','2010-06-29 04:12:20'),(40,24,1,1,'<strong>Calendario de Uso</strong>','2010-06-29 04:48:48','2010-06-29 04:48:48'),(41,3,4,1,'<strong></strong>','2010-07-26 01:51:52','2010-07-26 01:51:52'),(42,3,5,1,'<strike>\n\n\n\n      \n&nbsp;asd</strike>','2010-07-26 01:52:10','2010-07-26 01:52:10'),(43,3,6,1,'','2010-07-26 01:52:46','2010-07-26 01:52:46'),(44,25,1,1,'<strong></strong>','2010-07-26 02:06:08','2010-07-26 02:06:08'),(45,25,2,1,'<strong></strong>','2010-07-26 02:07:58','2010-07-26 02:07:58'),(46,26,1,1,'<strong>\n\n\n\n      \n&nbsp;fin</strong>','2010-07-26 02:09:05','2010-07-26 02:09:05'),(48,27,1,1,'<strong>Untitled</strong>','2010-07-26 21:53:18','2010-07-26 21:53:18'),(49,28,1,1,'<strong></strong>','2010-07-26 21:53:20','2010-07-26 21:53:20'),(50,27,2,1,'<strike>Untitled</strike><strong>untitled</strong>','2010-07-26 21:53:20','2010-07-26 21:53:20'),(51,28,2,1,'','2010-07-26 21:53:20','2010-07-26 21:53:20'),(52,29,1,1,'<strong>\n\n\n\n      \nClub C.N.</strong>','2010-07-26 21:54:01','2010-07-26 21:54:01'),(53,27,3,1,'<strike>Untitled</strike><strong>Alojamientos cerca d</strong>','2010-07-26 21:54:08','2010-07-26 21:54:08'),(54,28,3,1,'','2010-07-26 21:54:08','2010-07-26 21:54:08'),(55,27,4,1,'<strike>Untitled</strike><strong>Alojamientos cerca d</strong>','2010-07-26 21:54:44','2010-07-26 21:54:44'),(56,28,4,1,'<strong>informacion</strong>','2010-07-26 21:54:44','2010-07-26 21:54:44'),(57,27,5,1,'<strike>Untitled</strike><strong>Alojamientos cerca d</strong>','2010-07-26 21:54:53','2010-07-26 21:54:53'),(58,28,5,1,'<strong> alojamiento</strong>','2010-07-26 21:54:53','2010-07-26 21:54:53'),(59,27,6,1,'<strike>Untitled</strike><strong>Alojamientos cerca d</strong>','2010-07-26 21:54:54','2010-07-26 21:54:54'),(60,28,6,1,'','2010-07-26 21:54:54','2010-07-26 21:54:54'),(61,30,1,1,'<strong>Untitled</strong>','2010-07-26 21:55:04','2010-07-26 21:55:04'),(62,31,1,1,'<strong></strong>','2010-07-26 21:55:04','2010-07-26 21:55:04'),(63,30,2,1,'<strike>Untitled</strike><strong>untitled</strong>','2010-07-26 21:55:04','2010-07-26 21:55:04'),(64,31,2,1,'','2010-07-26 21:55:04','2010-07-26 21:55:04'),(65,27,7,1,'<strike>Untitled</strike><strong>Alojamientos cerca d</strong>','2010-07-26 21:55:05','2010-07-26 21:55:05'),(66,28,7,1,'','2010-07-26 21:55:05','2010-07-26 21:55:05'),(67,30,3,1,'<strike>Untitled</strike><strong>untitled</strong>','2010-07-26 21:55:43','2010-07-26 21:55:43'),(68,31,3,1,'<strong>cartas</strong>','2010-07-26 21:55:43','2010-07-26 21:55:43'),(69,30,4,1,'<strike>Untitled</strike><strong>Carta para el tercer</strong>','2010-07-26 21:56:03','2010-07-26 21:56:03'),(70,31,4,1,'','2010-07-26 21:56:03','2010-07-26 21:56:03'),(71,30,5,1,'<strike>Untitled</strike><strong>Carta para el tercer</strong>','2010-07-26 21:57:23','2010-07-26 21:57:23'),(72,31,5,1,'','2010-07-26 21:57:24','2010-07-26 21:57:24'),(73,3,7,1,'<strong></strong>','2010-07-26 21:58:13','2010-07-26 21:58:13'),(74,3,8,1,'<strike></strike>','2010-07-26 21:58:30','2010-07-26 21:58:30'),(75,30,6,1,'<strike>Untitled</strike><strong>Carta para el tercer</strong>','2010-07-26 22:08:58','2010-07-26 22:08:58'),(76,31,6,1,'','2010-07-26 22:08:59','2010-07-26 22:08:59'),(77,32,1,1,'<strong>\n\n\n\n      \n&nbsp;Que</strong>','2010-07-26 22:09:24','2010-07-26 22:09:24'),(78,32,2,1,'<strike>&nbsp;Queridos amigo</strike><strong>Queridos amigos</strong>','2010-07-26 22:10:37','2010-07-26 22:10:37'),(79,3,9,1,'<strong></strong>','2010-07-26 22:11:18','2010-07-26 22:11:18'),(80,33,1,1,'<strong></strong>','2010-07-26 22:15:24','2010-07-26 22:15:24'),(81,33,2,1,'','2010-07-26 22:16:02','2010-07-26 22:16:02'),(82,33,3,1,'','2010-07-26 22:18:14','2010-07-26 22:18:14'),(83,34,1,1,'<strong>otros-parques</strong>','2010-07-26 22:23:02','2010-07-26 22:23:02'),(85,36,1,1,'<strong>Untitled</strong>','2010-07-26 22:24:57','2010-07-26 22:24:57'),(86,37,1,1,'<strong></strong>','2010-07-26 22:24:57','2010-07-26 22:24:57'),(87,36,2,1,'<strike>Untitled</strike><strong>untitled</strong>','2010-07-26 22:24:57','2010-07-26 22:24:57'),(88,37,2,1,'','2010-07-26 22:24:57','2010-07-26 22:24:57'),(89,36,3,1,'<strike>Untitled</strike><strong>taller del fuego</strong>','2010-07-26 22:25:25','2010-07-26 22:25:25'),(90,37,3,1,'','2010-07-26 22:25:25','2010-07-26 22:25:25'),(91,36,4,1,'<strike>Untitled</strike><strong>taller del fuego</strong>','2010-07-26 22:25:58','2010-07-26 22:25:58'),(92,37,4,1,'<strong>talleres</strong>','2010-07-26 22:25:58','2010-07-26 22:25:58'),(93,36,5,1,'<strike>Untitled</strike><strong>taller del fuego</strong>','2010-07-26 22:26:04','2010-07-26 22:26:04'),(94,37,5,1,'','2010-07-26 22:26:04','2010-07-26 22:26:04'),(95,36,6,1,'<strike>Untitled</strike><strong>taller del fuego</strong>','2010-07-26 22:26:43','2010-07-26 22:26:43'),(96,37,6,1,'','2010-07-26 22:26:43','2010-07-26 22:26:43'),(108,34,2,1,'<strike>otros-parques</strike><strong>Otros Parques</strong>','2010-07-26 22:33:06','2010-07-26 22:33:06'),(109,41,1,1,'<strong></strong>','2010-07-26 22:34:01','2010-07-26 22:34:01'),(110,42,1,1,'<strong></strong>','2010-07-26 22:35:20','2010-07-26 22:35:20'),(111,43,1,1,'<strong>\n\n\n\n      \n&nbsp;Par</strong>','2010-07-26 22:35:44','2010-07-26 22:35:44'),(113,45,1,1,'<strong></strong>','2010-07-27 01:44:13','2010-07-27 01:44:13'),(114,45,2,1,'<strong></strong>','2010-07-27 02:11:09','2010-07-27 02:11:09'),(115,45,3,1,'<strike></strike>','2010-07-27 02:12:06','2010-07-27 02:12:06'),(116,45,4,1,'','2010-07-27 02:36:51','2010-07-27 02:36:51'),(117,45,5,1,'<strong></strong>','2010-07-27 02:45:14','2010-07-27 02:45:14'),(118,45,6,1,'<strike></strike>','2010-07-27 02:45:15','2010-07-27 02:45:15'),(119,45,7,1,'<strong></strong>','2010-07-27 02:45:38','2010-07-27 02:45:38'),(120,45,8,1,'','2010-07-27 02:45:39','2010-07-27 02:45:39'),(121,45,9,1,'<strike></strike>','2010-07-27 02:45:57','2010-07-27 02:45:57'),(122,45,10,1,'','2010-07-27 02:48:34','2010-07-27 02:48:34'),(123,45,11,1,'','2010-07-27 02:55:11','2010-07-27 02:55:11'),(124,45,12,1,'','2010-07-27 03:04:21','2010-07-27 03:04:21'),(125,45,13,1,'<strike></strike>','2010-07-27 03:10:18','2010-07-27 03:10:18'),(126,45,14,1,'<strong></strong>','2010-07-27 03:11:30','2010-07-27 03:11:30'),(127,45,15,1,'','2010-07-27 03:11:40','2010-07-27 03:11:40'),(128,45,16,1,'<strike></strike>','2010-07-27 03:12:50','2010-07-27 03:12:50'),(129,45,17,1,'<strong></strong>','2010-07-27 03:13:00','2010-07-27 03:13:00'),(130,45,18,1,'','2010-07-27 03:13:41','2010-07-27 03:13:41'),(131,45,19,1,'<strong></strong>','2010-07-27 03:55:01','2010-07-27 03:55:01'),(132,45,20,1,'','2010-07-27 03:55:07','2010-07-27 03:55:07'),(133,45,21,1,'','2010-07-27 03:56:36','2010-07-27 03:56:36'),(134,45,22,1,'','2010-07-27 11:35:52','2010-07-27 11:35:52'),(135,45,23,1,'','2010-07-27 11:36:00','2010-07-27 11:36:00'),(136,45,24,1,'','2010-07-27 11:36:59','2010-07-27 11:36:59'),(137,45,25,1,'[Reordered slots]','2010-07-27 11:37:06','2010-07-27 11:37:06'),(138,45,26,1,'','2010-07-27 12:07:09','2010-07-27 12:07:09'),(139,45,27,NULL,'<strong></strong>','2010-07-27 12:13:01','2010-07-27 12:13:01'),(140,45,28,NULL,'[Reordered slots]','2010-07-27 12:13:06','2010-07-27 12:13:06'),(141,45,29,NULL,'[Reordered slots]','2010-07-27 12:13:10','2010-07-27 12:13:10'),(142,45,30,NULL,'','2010-07-27 12:14:09','2010-07-27 12:14:09'),(143,45,31,NULL,'','2010-07-27 12:14:35','2010-07-27 12:14:35'),(144,3,10,1,'<strong></strong>','2010-07-27 12:18:32','2010-07-27 12:18:32'),(145,45,32,1,'','2010-07-27 13:55:23','2010-07-27 13:55:23'),(146,45,33,1,'','2010-07-27 14:04:06','2010-07-27 14:04:06'),(147,45,34,1,'','2010-07-27 14:04:17','2010-07-27 14:04:17'),(148,33,4,1,'','2010-07-27 14:17:59','2010-07-27 14:17:59'),(149,45,35,1,'<strong>\nOtros Parques en el</strong>','2010-07-27 14:25:18','2010-07-27 14:25:18'),(150,45,36,1,'<strike>\nOtros Parques en el</strike>','2010-07-27 14:26:45','2010-07-27 14:26:45'),(151,45,37,1,'<strong>\n\n\n\n      &nbsp;Otro</strong>','2010-07-27 14:34:46','2010-07-27 14:34:46'),(152,45,38,1,'<strong>Son espacios abierto</strong>','2010-07-27 14:37:55','2010-07-27 14:37:55'),(153,45,39,1,'<strike>&nbsp;Otros Parques </strike><strong>Otros Parques en el </strong>','2010-07-27 14:38:14','2010-07-27 14:38:14'),(154,45,40,1,'<strong></strong>','2010-07-27 14:41:09','2010-07-27 14:41:09'),(155,45,41,1,'[Reordered slots]','2010-07-27 14:41:21','2010-07-27 14:41:21'),(156,45,42,1,'<strong>\n\n\n\n      El Parque </strong>','2010-07-27 14:42:18','2010-07-27 14:42:18'),(157,45,43,1,'[Reordered slots]','2010-07-27 14:42:22','2010-07-27 14:42:22'),(158,45,44,1,'[Reordered slots]','2010-07-27 14:42:31','2010-07-27 14:42:31'),(159,45,45,1,'<strike>&nbsp;este video &nb</strike><strong>l siguiente video</strong>','2010-07-27 14:42:52','2010-07-27 14:42:52'),(160,45,46,1,'','2010-07-27 14:48:21','2010-07-27 14:48:21'),(161,45,47,1,'<strong></strong>','2010-07-27 15:00:18','2010-07-27 15:00:18'),(162,45,48,1,'','2010-07-27 15:06:22','2010-07-27 15:06:22'),(163,45,49,1,'<strong></strong>','2010-07-27 15:07:33','2010-07-27 15:07:33'),(164,45,50,1,'','2010-07-27 15:09:57','2010-07-27 15:09:57'),(165,45,51,1,'','2010-07-27 15:11:17','2010-07-27 15:11:17'),(166,45,52,1,'','2010-07-27 15:11:26','2010-07-27 15:11:26'),(167,46,1,1,'<strong>\n\n\n\n      &nbsp;Qu&e</strong>','2010-07-27 15:16:53','2010-07-27 15:16:53'),(168,46,2,1,'<strike>&nbsp;Qu&eacute; son</strike><strong>Qu&eacute; son estos</strong>','2010-07-27 15:17:01','2010-07-27 15:17:01'),(169,46,3,1,'<strike>&nbsp;</strike>','2010-07-27 15:17:10','2010-07-27 15:17:10'),(170,46,4,1,'<strong></strong>','2010-07-27 15:17:31','2010-07-27 15:17:31'),(171,46,5,1,'[Reordered slots]','2010-07-27 15:17:36','2010-07-27 15:17:36'),(172,46,6,1,'<strong>\n\n\n\n      El Parque </strong>','2010-07-27 15:19:08','2010-07-27 15:19:08'),(173,46,7,1,'[Reordered slots]','2010-07-27 15:19:12','2010-07-27 15:19:12'),(174,46,8,1,'[Reordered slots]','2010-07-27 15:19:15','2010-07-27 15:19:15'),(175,46,9,1,'<strong></strong>','2010-07-27 15:21:23','2010-07-27 15:21:23'),(176,46,10,1,'','2010-07-27 15:21:51','2010-07-27 15:21:51'),(177,46,11,1,'','2010-07-27 15:22:00','2010-07-27 15:22:00'),(178,46,12,1,'[Reordered slots]','2010-07-27 15:22:04','2010-07-27 15:22:04'),(179,46,13,1,'[Reordered slots]','2010-07-27 15:22:08','2010-07-27 15:22:08'),(180,46,14,1,'[Reordered slots]','2010-07-27 15:22:13','2010-07-27 15:22:13'),(181,45,53,1,'<strike></strike>','2010-07-27 15:23:03','2010-07-27 15:23:03'),(182,45,54,1,'<strike></strike>','2010-07-27 15:23:12','2010-07-27 15:23:12'),(183,45,55,1,'<strike>\n\n\n\n      El Parque </strike>','2010-07-27 15:23:16','2010-07-27 15:23:16'),(184,45,56,1,'<strike></strike>','2010-07-27 15:23:20','2010-07-27 15:23:20'),(185,45,57,1,'<strike></strike>','2010-07-27 15:23:24','2010-07-27 15:23:24'),(186,45,58,1,'<strike></strike>','2010-07-27 15:23:29','2010-07-27 15:23:29'),(187,45,59,1,'[Reordered slots]','2010-07-27 15:23:33','2010-07-27 15:23:33'),(188,45,60,1,'<strike>&nbsp;</strike>','2010-07-27 15:23:56','2010-07-27 15:23:56'),(189,18,2,1,'<strike>\n\n\n\n      \n&nbsp;est</strike>','2010-07-27 15:37:58','2010-07-27 15:37:58'),(190,47,1,1,'<strong>Contacto</strong>','2010-07-27 15:58:33','2010-07-27 15:58:33'),(192,3,11,1,'<strike></strike>','2010-07-28 17:16:29','2010-07-28 17:16:29'),(193,3,12,1,'','2010-07-28 17:19:09','2010-07-28 17:19:09'),(194,3,13,1,'','2010-07-28 17:19:28','2010-07-28 17:19:28'),(195,49,1,1,'<strong>Reserva</strong>','2010-07-28 17:56:38','2010-07-28 17:56:38'),(196,50,1,1,'<strong>Materiales CdE</strong>','2010-07-28 17:58:42','2010-07-28 17:58:42'),(197,51,1,1,'<strong>Primera Camada</strong>','2010-07-28 17:59:19','2010-07-28 17:59:19'),(198,52,1,1,'<strong>Segunda Camada</strong>','2010-07-28 17:59:39','2010-07-28 17:59:39'),(199,53,1,1,'<strong>Nivelacion - Materia</strong>','2010-07-28 18:00:12','2010-07-28 18:00:12'),(202,56,1,1,'<strong>Monografías</strong>','2010-07-28 18:01:09','2010-07-28 18:01:09'),(203,57,1,1,'<strong></strong>','2010-07-28 18:02:24','2010-07-28 18:02:24'),(204,58,1,1,'<strong>\n\n\n\n      \n&nbsp;Res</strong>','2010-07-28 18:19:05','2010-07-28 18:19:05'),(205,58,2,1,'<strong>&nbsp;</strong>','2010-07-28 18:20:52','2010-07-28 18:20:52'),(206,58,3,1,'<strike>Reservar el Parque</strike><strong> &nbsp;Reservar el P</strong>','2010-07-28 18:21:21','2010-07-28 18:21:21'),(207,58,4,1,'<strong>&nbsp; &nbsp;</strong>','2010-07-28 18:21:58','2010-07-28 18:21:58'),(208,59,1,1,'<strong>\n\n\n\n      \n&nbsp;\n\n\n</strong>','2010-07-28 18:23:17','2010-07-28 18:23:17'),(209,59,2,1,'<strike>8.00hs</strike><strong>Programa del Retiro</strong>','2010-07-28 18:23:50','2010-07-28 18:23:50'),(210,60,1,1,'','2010-07-28 18:24:41','2010-07-28 18:24:41'),(211,60,2,1,'<strong></strong>','2010-07-28 18:25:37','2010-07-28 18:25:37'),(212,3,14,1,'<strong></strong>','2010-07-29 00:44:55','2010-07-29 00:44:55'),(213,25,3,1,'','2010-07-29 00:45:30','2010-07-29 00:45:30'),(215,46,15,1,'<strong></strong>','2010-07-29 00:51:03','2010-07-29 00:51:03'),(216,46,16,1,'','2010-07-29 00:51:50','2010-07-29 00:51:50'),(217,46,17,1,'[Reordered slots]','2010-07-29 00:52:33','2010-07-29 00:52:33'),(218,46,18,1,'[Reordered slots]','2010-07-29 00:52:37','2010-07-29 00:52:37'),(219,46,19,1,'[Reordered slots]','2010-07-29 00:52:42','2010-07-29 00:52:42'),(220,46,20,1,'[Reordered slots]','2010-07-29 00:52:46','2010-07-29 00:52:46'),(221,46,21,1,'[Reordered slots]','2010-07-29 00:52:58','2010-07-29 00:52:58'),(222,46,22,1,'[Reordered slots]','2010-07-29 00:53:01','2010-07-29 00:53:01'),(223,46,23,1,'[Reordered slots]','2010-07-29 00:53:05','2010-07-29 00:53:05'),(224,46,24,1,'','2010-07-29 00:53:18','2010-07-29 00:53:18'),(225,62,1,1,'<strong>Untitled</strong>','2010-07-29 00:54:57','2010-07-29 00:54:57'),(226,63,1,1,'<strong></strong>','2010-07-29 00:54:57','2010-07-29 00:54:57'),(227,62,2,1,'<strike>Untitled</strike><strong>untitled</strong>','2010-07-29 00:54:58','2010-07-29 00:54:58'),(228,63,2,1,'','2010-07-29 00:54:58','2010-07-29 00:54:58'),(229,62,3,1,'<strike>Untitled</strike><strong>Nota del 21/06/2010 </strong>','2010-07-29 00:55:42','2010-07-29 00:55:42'),(230,63,3,1,'','2010-07-29 00:55:42','2010-07-29 00:55:42'),(231,64,1,1,'<strong>\n\n\n\n      \n&nbsp;Que</strong>','2010-07-29 00:56:24','2010-07-29 00:56:24'),(232,62,4,1,'<strike>Untitled</strike><strong>Nota del 21/06/2010 </strong>','2010-07-29 00:56:32','2010-07-29 00:56:32'),(233,63,4,1,'','2010-07-29 00:56:32','2010-07-29 00:56:32'),(234,33,5,1,'','2010-07-29 01:05:16','2010-07-29 01:05:16'),(235,33,6,1,'','2010-07-29 01:05:43','2010-07-29 01:05:43'),(236,33,7,1,'','2010-07-29 01:06:58','2010-07-29 01:06:58'),(237,45,61,1,'<strong></strong>','2010-07-29 01:07:37','2010-07-29 01:07:37'),(238,45,62,1,'','2010-07-29 01:07:55','2010-07-29 01:07:55'),(239,3,15,1,'<strike></strike>','2010-07-29 14:14:29','2010-07-29 14:14:29'),(240,46,25,1,'','2010-07-29 14:23:46','2010-07-29 14:23:46'),(241,3,16,1,'[Reordered slots]','2010-07-30 19:38:48','2010-07-30 19:38:48'),(242,58,5,1,'<strike>\n\n\n\n      \n&nbsp; &n</strike>','2010-07-30 19:40:19','2010-07-30 19:40:19'),(243,45,63,1,'','2010-07-30 19:41:26','2010-07-30 19:41:26'),(244,45,64,1,'<strike></strike>','2010-07-30 19:41:40','2010-07-30 19:41:40'),(245,3,17,1,'[Reordered slots]','2010-08-04 09:56:15','2010-08-04 09:56:15'),(246,3,18,1,'[Reordered slots]','2010-08-04 09:56:21','2010-08-04 09:56:21'),(247,33,8,1,'','2010-08-04 09:57:48','2010-08-04 09:57:48'),(248,33,9,1,'','2010-08-04 09:58:03','2010-08-04 09:58:03'),(249,3,19,1,'<strong></strong>','2010-08-09 22:31:21','2010-08-09 22:31:21'),(250,3,20,1,'<strike></strike>','2010-08-09 22:31:59','2010-08-09 22:31:59'),(251,46,26,6,'','2010-08-30 15:46:22','2010-08-30 15:46:22'),(252,46,27,6,'','2010-08-30 15:46:56','2010-08-30 15:46:56'),(253,46,28,6,'<strong></strong>','2010-08-30 15:51:43','2010-08-30 15:51:43'),(254,46,29,6,'','2010-08-30 15:52:26','2010-08-30 15:52:26'),(255,46,30,6,'[Reordered slots]','2010-08-30 15:52:34','2010-08-30 15:52:34'),(256,46,31,6,'[Reordered slots]','2010-08-30 15:52:39','2010-08-30 15:52:39'),(257,46,32,6,'[Reordered slots]','2010-08-30 15:52:47','2010-08-30 15:52:47'),(258,46,33,6,'[Reordered slots]','2010-08-30 15:52:54','2010-08-30 15:52:54'),(259,46,34,6,'[Reordered slots]','2010-08-30 15:53:03','2010-08-30 15:53:03'),(260,46,35,6,'<strong></strong>','2010-08-30 15:54:06','2010-08-30 15:54:06'),(261,46,36,6,'','2010-08-30 15:54:37','2010-08-30 15:54:37'),(262,46,37,6,'[Reordered slots]','2010-08-30 15:54:41','2010-08-30 15:54:41'),(263,46,38,6,'[Reordered slots]','2010-08-30 15:54:45','2010-08-30 15:54:45'),(264,46,39,6,'[Reordered slots]','2010-08-30 15:54:50','2010-08-30 15:54:50'),(265,46,40,6,'[Reordered slots]','2010-08-30 15:55:04','2010-08-30 15:55:04'),(266,46,41,6,'[Reordered slots]','2010-08-30 15:55:11','2010-08-30 15:55:11'),(267,46,42,6,'[Reordered slots]','2010-08-30 15:55:22','2010-08-30 15:55:22'),(268,46,43,6,'<strong></strong>','2010-08-30 15:56:03','2010-08-30 15:56:03'),(269,46,44,6,'','2010-08-30 15:56:31','2010-08-30 15:56:31'),(270,46,45,6,'[Reordered slots]','2010-08-30 15:56:35','2010-08-30 15:56:35'),(271,46,46,6,'[Reordered slots]','2010-08-30 15:56:55','2010-08-30 15:56:55'),(272,46,47,6,'[Reordered slots]','2010-08-30 15:57:08','2010-08-30 15:57:08'),(273,46,48,6,'[Reordered slots]','2010-08-30 15:57:19','2010-08-30 15:57:19'),(274,46,49,6,'[Reordered slots]','2010-08-30 15:57:28','2010-08-30 15:57:28'),(275,46,50,6,'[Reordered slots]','2010-08-30 15:57:38','2010-08-30 15:57:38'),(276,46,51,6,'[Reordered slots]','2010-08-30 15:57:52','2010-08-30 15:57:52'),(277,46,52,6,'[Reordered slots]','2010-08-30 15:58:00','2010-08-30 15:58:00'),(278,46,53,6,'[Reordered slots]','2010-08-30 15:58:05','2010-08-30 15:58:05'),(279,46,54,6,'[Reordered slots]','2010-08-30 15:58:21','2010-08-30 15:58:21'),(280,46,55,6,'[Reordered slots]','2010-08-30 15:58:27','2010-08-30 15:58:27'),(281,46,56,6,'[Reordered slots]','2010-08-30 15:58:34','2010-08-30 15:58:34'),(282,46,57,6,'<strong></strong>','2010-08-30 15:59:19','2010-08-30 15:59:19'),(283,46,58,6,'','2010-08-30 15:59:41','2010-08-30 15:59:41'),(284,46,59,6,'[Reordered slots]','2010-08-30 15:59:44','2010-08-30 15:59:44'),(285,46,60,6,'[Reordered slots]','2010-08-30 15:59:50','2010-08-30 15:59:50'),(286,46,61,6,'[Reordered slots]','2010-08-30 15:59:58','2010-08-30 15:59:58'),(287,46,62,6,'[Reordered slots]','2010-08-30 16:00:08','2010-08-30 16:00:08'),(288,46,63,6,'[Reordered slots]','2010-08-30 16:00:14','2010-08-30 16:00:14'),(289,46,64,6,'[Reordered slots]','2010-08-30 16:00:22','2010-08-30 16:00:22'),(290,46,65,6,'[Reordered slots]','2010-08-30 16:00:30','2010-08-30 16:00:30'),(291,46,66,6,'<strong></strong>','2010-08-30 16:01:38','2010-08-30 16:01:38'),(292,46,67,6,'','2010-08-30 16:02:12','2010-08-30 16:02:12'),(293,46,68,6,'[Reordered slots]','2010-08-30 16:02:15','2010-08-30 16:02:15'),(294,46,69,6,'[Reordered slots]','2010-08-30 16:02:20','2010-08-30 16:02:20'),(295,46,70,6,'[Reordered slots]','2010-08-30 16:02:28','2010-08-30 16:02:28'),(296,46,71,6,'[Reordered slots]','2010-08-30 16:02:34','2010-08-30 16:02:34'),(297,46,72,6,'[Reordered slots]','2010-08-30 16:02:40','2010-08-30 16:02:40'),(298,46,73,6,'[Reordered slots]','2010-08-30 16:02:45','2010-08-30 16:02:45'),(299,46,74,6,'[Reordered slots]','2010-08-30 16:02:53','2010-08-30 16:02:53'),(300,46,75,6,'[Reordered slots]','2010-08-30 16:03:01','2010-08-30 16:03:01'),(301,46,76,6,'[Reordered slots]','2010-08-30 16:03:07','2010-08-30 16:03:07'),(302,45,65,6,'<strong></strong>','2010-08-30 16:05:43','2010-08-30 16:05:43'),(303,45,66,6,'','2010-08-30 16:06:24','2010-08-30 16:06:24'),(304,45,67,6,'[Reordered slots]','2010-08-30 16:07:03','2010-08-30 16:07:03'),(305,45,68,6,'<strong></strong>','2010-08-30 16:11:19','2010-08-30 16:11:19'),(306,45,69,6,'','2010-08-30 16:11:47','2010-08-30 16:11:47'),(307,45,70,6,'[Reordered slots]','2010-08-30 16:11:54','2010-08-30 16:11:54'),(308,45,71,6,'[Reordered slots]','2010-08-30 16:11:59','2010-08-30 16:11:59'),(309,45,72,6,'[Reordered slots]','2010-08-30 16:12:07','2010-08-30 16:12:07'),(310,45,73,6,'<strong></strong>','2010-08-30 16:14:16','2010-08-30 16:14:16'),(311,45,74,6,'','2010-08-30 16:14:41','2010-08-30 16:14:41'),(312,45,75,6,'[Reordered slots]','2010-08-30 16:14:45','2010-08-30 16:14:45'),(313,45,76,6,'[Reordered slots]','2010-08-30 16:14:51','2010-08-30 16:14:51'),(314,45,77,6,'[Reordered slots]','2010-08-30 16:14:58','2010-08-30 16:14:58'),(315,45,78,6,'<strong></strong>','2010-08-30 16:18:10','2010-08-30 16:18:10'),(316,45,79,6,'','2010-08-30 16:18:35','2010-08-30 16:18:35'),(317,45,80,6,'[Reordered slots]','2010-08-30 16:18:39','2010-08-30 16:18:39'),(318,45,81,6,'[Reordered slots]','2010-08-30 16:18:45','2010-08-30 16:18:45'),(319,45,82,6,'[Reordered slots]','2010-08-30 16:19:03','2010-08-30 16:19:03'),(320,45,83,6,'<strong></strong>','2010-08-30 16:20:32','2010-08-30 16:20:32'),(321,45,84,6,'','2010-08-30 16:20:53','2010-08-30 16:20:53'),(322,45,85,6,'[Reordered slots]','2010-08-30 16:20:57','2010-08-30 16:20:57'),(323,45,86,6,'[Reordered slots]','2010-08-30 16:21:01','2010-08-30 16:21:01'),(324,45,87,6,'[Reordered slots]','2010-08-30 16:21:07','2010-08-30 16:21:07'),(325,45,88,6,'<strong></strong>','2010-08-30 16:22:45','2010-08-30 16:22:45'),(326,45,89,6,'','2010-08-30 16:23:24','2010-08-30 16:23:24'),(327,45,90,6,'[Reordered slots]','2010-08-30 16:23:27','2010-08-30 16:23:27'),(328,45,91,6,'[Reordered slots]','2010-08-30 16:23:39','2010-08-30 16:23:39'),(329,45,92,6,'[Reordered slots]','2010-08-30 16:23:45','2010-08-30 16:23:45'),(330,45,93,6,'<strong></strong>','2010-08-30 16:25:31','2010-08-30 16:25:31'),(331,45,94,6,'','2010-08-30 16:25:59','2010-08-30 16:25:59'),(332,45,95,6,'[Reordered slots]','2010-08-30 16:26:03','2010-08-30 16:26:03'),(333,45,96,6,'[Reordered slots]','2010-08-30 16:26:13','2010-08-30 16:26:13'),(334,45,97,6,'[Reordered slots]','2010-08-30 16:26:21','2010-08-30 16:26:21'),(335,45,98,6,'<strong></strong>','2010-08-30 16:28:19','2010-08-30 16:28:19'),(336,45,99,6,'','2010-08-30 16:28:51','2010-08-30 16:28:51'),(337,45,100,6,'[Reordered slots]','2010-08-30 16:28:54','2010-08-30 16:28:54'),(338,45,101,6,'[Reordered slots]','2010-08-30 16:28:59','2010-08-30 16:28:59'),(339,45,102,6,'[Reordered slots]','2010-08-30 16:29:08','2010-08-30 16:29:08'),(340,45,103,6,'[Reordered slots]','2010-08-30 16:29:35','2010-08-30 16:29:35'),(341,45,104,6,'[Reordered slots]','2010-08-30 16:29:41','2010-08-30 16:29:41'),(342,45,105,6,'<strong></strong>','2010-08-30 16:32:22','2010-08-30 16:32:22'),(343,45,106,6,'','2010-08-30 16:33:07','2010-08-30 16:33:07'),(344,45,107,6,'[Reordered slots]','2010-08-30 16:33:10','2010-08-30 16:33:10'),(345,45,108,6,'[Reordered slots]','2010-08-30 16:33:16','2010-08-30 16:33:16'),(346,45,109,6,'[Reordered slots]','2010-08-30 16:33:25','2010-08-30 16:33:25'),(347,45,110,6,'<strong></strong>','2010-08-30 16:33:51','2010-08-30 16:33:51'),(348,45,111,6,'','2010-08-30 16:34:15','2010-08-30 16:34:15'),(349,45,112,6,'[Reordered slots]','2010-08-30 16:34:19','2010-08-30 16:34:19'),(350,45,113,6,'[Reordered slots]','2010-08-30 16:34:29','2010-08-30 16:34:29'),(351,45,114,6,'[Reordered slots]','2010-08-30 16:34:38','2010-08-30 16:34:38'),(352,45,115,6,'<strong></strong>','2010-08-30 16:37:25','2010-08-30 16:37:25'),(353,45,116,6,'','2010-08-30 16:37:49','2010-08-30 16:37:49'),(354,45,117,6,'[Reordered slots]','2010-08-30 16:38:10','2010-08-30 16:38:10'),(355,45,118,6,'[Reordered slots]','2010-08-30 16:38:26','2010-08-30 16:38:26'),(356,45,119,6,'[Reordered slots]','2010-08-30 16:38:39','2010-08-30 16:38:39'),(357,45,120,6,'<strong></strong>','2010-08-30 16:39:08','2010-08-30 16:39:08'),(358,45,121,6,'','2010-08-30 16:39:31','2010-08-30 16:39:31'),(359,45,122,6,'[Reordered slots]','2010-08-30 16:39:36','2010-08-30 16:39:36'),(360,45,123,6,'[Reordered slots]','2010-08-30 16:39:50','2010-08-30 16:39:50'),(361,45,124,6,'[Reordered slots]','2010-08-30 16:40:00','2010-08-30 16:40:00'),(362,45,125,6,'<strong></strong>','2010-08-30 16:42:27','2010-08-30 16:42:27'),(363,45,126,6,'','2010-08-30 16:42:53','2010-08-30 16:42:53'),(364,45,127,6,'[Reordered slots]','2010-08-30 16:42:56','2010-08-30 16:42:56'),(365,45,128,6,'[Reordered slots]','2010-08-30 16:43:12','2010-08-30 16:43:12'),(366,45,129,6,'[Reordered slots]','2010-08-30 16:43:23','2010-08-30 16:43:23'),(367,45,130,6,'<strong></strong>','2010-08-30 16:43:51','2010-08-30 16:43:51'),(368,45,131,6,'','2010-08-30 16:44:20','2010-08-30 16:44:20'),(369,45,132,6,'[Reordered slots]','2010-08-30 16:44:23','2010-08-30 16:44:23'),(370,45,133,6,'[Reordered slots]','2010-08-30 16:44:33','2010-08-30 16:44:33'),(371,45,134,6,'[Reordered slots]','2010-08-30 16:44:42','2010-08-30 16:44:42'),(372,45,135,6,'<strong></strong>','2010-08-30 16:48:03','2010-08-30 16:48:03'),(373,45,136,6,'','2010-08-30 16:48:26','2010-08-30 16:48:26'),(374,45,137,6,'[Reordered slots]','2010-08-30 16:48:32','2010-08-30 16:48:32'),(375,45,138,6,'[Reordered slots]','2010-08-30 16:48:40','2010-08-30 16:48:40'),(376,45,139,6,'[Reordered slots]','2010-08-30 16:48:47','2010-08-30 16:48:47'),(377,45,140,6,'<strong></strong>','2010-08-30 16:49:27','2010-08-30 16:49:27'),(378,45,141,6,'','2010-08-30 16:49:58','2010-08-30 16:49:58'),(379,45,142,6,'[Reordered slots]','2010-08-30 16:50:07','2010-08-30 16:50:07'),(380,45,143,6,'[Reordered slots]','2010-08-30 16:50:16','2010-08-30 16:50:16'),(381,45,144,6,'[Reordered slots]','2010-08-30 16:50:27','2010-08-30 16:50:27'),(382,45,145,6,'<strong></strong>','2010-08-30 16:51:48','2010-08-30 16:51:48'),(383,45,146,6,'','2010-08-30 16:52:46','2010-08-30 16:52:46'),(384,45,147,6,'[Reordered slots]','2010-08-30 16:52:53','2010-08-30 16:52:53'),(385,45,148,6,'[Reordered slots]','2010-08-30 16:53:03','2010-08-30 16:53:03'),(386,45,149,6,'[Reordered slots]','2010-08-30 16:53:15','2010-08-30 16:53:15'),(387,45,150,6,'','2010-08-30 16:53:46','2010-08-30 16:53:46'),(388,45,151,6,'<strong></strong>','2010-08-30 16:55:06','2010-08-30 16:55:06'),(389,45,152,6,'','2010-08-30 16:55:39','2010-08-30 16:55:39'),(390,45,153,6,'[Reordered slots]','2010-08-30 16:55:43','2010-08-30 16:55:43'),(391,45,154,6,'[Reordered slots]','2010-08-30 16:55:51','2010-08-30 16:55:51'),(392,45,155,6,'','2010-08-30 17:03:25','2010-08-30 17:03:25'),(393,51,2,1,'<strike>Primera Camada</strike><strong>Nivelacion</strong>','2010-08-30 21:01:42','2010-08-30 21:01:42'),(394,59,3,1,'<strike>\n\n\n\n      Programa d</strike>','2010-08-30 21:02:06','2010-08-30 21:02:06'),(395,52,2,1,'<strike>Segunda Camada</strike><strong>Disciplinas</strong>','2010-08-30 21:03:56','2010-08-30 21:03:56'),(396,53,2,1,'<strike>Nivelacion - Materia</strike><strong>Producciones CdE</strong>','2010-08-30 21:04:43','2010-08-30 21:04:43'),(397,65,1,1,'<strong></strong>','2010-08-30 21:10:26','2010-08-30 21:10:26'),(398,65,2,1,'<strong></strong>','2010-08-30 21:13:19','2010-08-30 21:13:19'),(399,65,3,1,'[Reordered slots]','2010-08-30 21:13:28','2010-08-30 21:13:28'),(400,65,4,1,'<strong>\n\n\n\n      \n&nbsp;\nOt</strong>','2010-08-30 21:15:08','2010-08-30 21:15:08'),(401,65,5,1,'[Reordered slots]','2010-08-30 21:15:58','2010-08-30 21:15:58'),(402,65,6,1,'[Reordered slots]','2010-08-30 21:16:07','2010-08-30 21:16:07'),(403,56,2,1,'<strike>Monografías</strike><strong>Oficios</strong>','2010-08-30 21:17:23','2010-08-30 21:17:23'),(404,60,3,1,'<strike></strike>','2010-08-30 21:18:24','2010-08-30 21:18:24'),(405,60,4,1,'<strong></strong>','2010-08-30 21:22:36','2010-08-30 21:22:36'),(406,60,5,1,'<strong></strong>','2010-08-30 21:22:52','2010-08-30 21:22:52'),(407,60,6,1,'<strike></strike>','2010-08-30 21:23:13','2010-08-30 21:23:13'),(408,60,7,1,'<strike></strike>','2010-08-30 21:23:18','2010-08-30 21:23:18'),(409,59,4,1,'<strong></strong>','2010-08-30 21:24:00','2010-08-30 21:24:00'),(410,59,5,1,'<strong></strong>','2010-08-30 21:24:26','2010-08-30 21:24:26'),(411,66,1,1,'<strong>Disciplina Material</strong>','2010-08-30 21:26:16','2010-08-30 21:26:16'),(412,67,1,1,'<strong>Disciplina Energéti</strong>','2010-08-30 21:26:43','2010-08-30 21:26:43'),(414,69,1,1,'<strong>Disciplina Morfológ</strong>','2010-08-30 21:27:38','2010-08-30 21:27:38'),(415,70,1,1,'<strong></strong>','2010-08-30 21:29:20','2010-08-30 21:29:20'),(420,74,1,1,'<strong>Untitled</strong>','2010-08-30 21:59:59','2010-08-30 21:59:59'),(421,75,1,1,'<strong></strong>','2010-08-30 22:00:00','2010-08-30 22:00:00'),(422,74,2,1,'<strike>Untitled</strike><strong>untitled</strong>','2010-08-30 22:00:00','2010-08-30 22:00:00'),(423,75,2,1,'','2010-08-30 22:00:00','2010-08-30 22:00:00'),(424,74,3,1,'<strike>Untitled</strike><strong>Nota acerca del proc</strong>','2010-08-30 22:00:12','2010-08-30 22:00:12'),(425,75,3,1,'','2010-08-30 22:00:12','2010-08-30 22:00:12'),(426,76,1,1,'<strong>\n\n\n\n      \n&nbsp;Que</strong>','2010-08-30 22:00:30','2010-08-30 22:00:30'),(427,74,4,1,'<strike>Untitled</strike><strong>Nota acerca del proc</strong>','2010-08-30 22:01:11','2010-08-30 22:01:11'),(428,75,4,1,'<strong>comunicados de escue</strong>','2010-08-30 22:01:11','2010-08-30 22:01:11'),(429,74,5,1,'<strike>Untitled</strike><strong>Nota acerca del proc</strong>','2010-08-30 22:01:29','2010-08-30 22:01:29'),(430,75,5,1,'','2010-08-30 22:01:29','2010-08-30 22:01:29'),(431,74,6,1,'<strike>Untitled</strike><strong>Nota acerca del proc</strong>','2010-08-30 22:01:36','2010-08-30 22:01:36'),(432,75,6,1,'','2010-08-30 22:01:36','2010-08-30 22:01:36'),(433,74,7,1,'<strike>Untitled</strike><strong>Nota acerca del proc</strong>','2010-08-30 22:01:37','2010-08-30 22:01:37'),(434,75,7,1,'','2010-08-30 22:01:37','2010-08-30 22:01:37'),(435,74,8,1,'<strike>Untitled</strike><strong>Nota acerca del proc</strong>','2010-08-30 22:01:57','2010-08-30 22:01:57'),(436,75,8,1,'','2010-08-30 22:01:57','2010-08-30 22:01:57'),(453,45,156,6,'','2010-09-27 09:06:43','2010-09-27 09:06:43'),(454,45,157,6,'','2010-09-27 09:06:57','2010-09-27 09:06:57'),(455,45,158,6,'','2010-09-27 09:07:28','2010-09-27 09:07:28'),(456,45,159,6,'','2010-09-27 09:08:08','2010-09-27 09:08:08'),(457,45,160,6,'','2010-09-27 09:08:44','2010-09-27 09:08:44'),(458,45,161,6,'','2010-09-27 09:09:21','2010-09-27 09:09:21'),(459,45,162,6,'','2010-09-27 09:09:51','2010-09-27 09:09:51'),(460,45,163,6,'','2010-09-27 09:10:48','2010-09-27 09:10:48'),(461,45,164,6,'','2010-09-27 09:11:51','2010-09-27 09:11:51'),(462,45,165,6,'','2010-09-27 09:12:15','2010-09-27 09:12:15'),(463,45,166,6,'','2010-09-27 09:12:40','2010-09-27 09:12:40'),(464,45,167,6,'','2010-09-27 09:13:06','2010-09-27 09:13:06'),(465,45,168,6,'','2010-09-27 09:24:44','2010-09-27 09:24:44'),(466,45,169,6,'','2010-09-27 09:31:32','2010-09-27 09:31:32'),(469,45,170,1,'','2010-10-29 13:35:43','2010-10-29 13:35:43'),(470,45,171,1,'','2010-10-29 13:35:44','2010-10-29 13:35:44'),(471,45,172,8,'','2010-12-19 15:09:33','2010-12-19 15:09:33'),(472,45,173,8,'','2010-12-19 15:09:47','2010-12-19 15:09:47'),(473,45,174,8,'','2010-12-19 15:09:55','2010-12-19 15:09:55'),(474,45,175,8,'','2010-12-19 15:10:04','2010-12-19 15:10:04'),(475,45,176,8,'','2010-12-19 15:10:11','2010-12-19 15:10:11'),(476,45,177,8,'','2010-12-19 15:10:19','2010-12-19 15:10:19'),(477,45,178,8,'','2010-12-19 15:10:27','2010-12-19 15:10:27'),(478,45,179,8,'','2010-12-19 15:10:34','2010-12-19 15:10:34'),(479,45,180,8,'','2010-12-19 15:12:25','2010-12-19 15:12:25'),(480,45,181,8,'','2010-12-19 15:12:41','2010-12-19 15:12:41'),(481,45,182,8,'','2010-12-19 15:12:52','2010-12-19 15:12:52'),(482,45,183,8,'','2010-12-19 15:13:09','2010-12-19 15:13:09'),(483,45,184,8,'','2010-12-19 15:13:38','2010-12-19 15:13:38'),(484,45,185,8,'','2010-12-19 15:14:25','2010-12-19 15:14:25'),(485,45,186,8,'','2010-12-19 15:14:51','2010-12-19 15:14:51'),(486,3,21,8,'<strong></strong>','2010-12-19 15:19:16','2010-12-19 15:19:16'),(487,76,2,8,'<strong>\n\n\n\n      \nLa tercer</strong>','2010-12-19 15:22:51','2010-12-19 15:22:51'),(488,76,3,8,'[Reordered slots]','2010-12-19 15:22:54','2010-12-19 15:22:54'),(489,76,4,8,'<strike> per&iacute;odo fina</strike><strong>per&iacute;odo final</strong>','2010-12-19 15:23:04','2010-12-19 15:23:04'),(490,76,5,8,'<strong></strong>','2010-12-19 15:24:40','2010-12-19 15:24:40'),(491,81,1,8,'<strong>Untitled</strong>','2010-12-19 15:28:09','2010-12-19 15:28:09'),(492,82,1,8,'<strong></strong>','2010-12-19 15:28:09','2010-12-19 15:28:09'),(493,81,2,8,'<strike>Untitled</strike><strong>untitled</strong>','2010-12-19 15:28:09','2010-12-19 15:28:09'),(494,82,2,8,'','2010-12-19 15:28:10','2010-12-19 15:28:10'),(495,83,1,8,'<strong>Untitled</strong>','2010-12-19 15:30:00','2010-12-19 15:30:00'),(496,84,1,8,'<strong></strong>','2010-12-19 15:30:00','2010-12-19 15:30:00'),(497,83,2,8,'<strike>Untitled</strike><strong>untitled</strong>','2010-12-19 15:30:00','2010-12-19 15:30:00'),(498,84,2,8,'','2010-12-19 15:30:00','2010-12-19 15:30:00'),(499,83,3,8,'<strike>Untitled</strike><strong>Acerca de las reunio</strong>','2010-12-19 15:30:24','2010-12-19 15:30:24'),(500,84,3,8,'','2010-12-19 15:30:25','2010-12-19 15:30:25'),(501,85,1,8,'<strong>\n\n\n\n      \nQueridos </strong>','2010-12-19 15:30:45','2010-12-19 15:30:45'),(502,83,4,8,'<strike>Untitled</strike><strong>Acerca de las reunio</strong>','2010-12-19 15:31:41','2010-12-19 15:31:41'),(503,84,4,8,'<strong>comunicados de escue</strong>','2010-12-19 15:31:41','2010-12-19 15:31:41'),(504,83,5,8,'<strike>Untitled</strike><strong>Acerca de las reunio</strong>','2010-12-19 15:31:42','2010-12-19 15:31:42'),(505,84,5,8,'','2010-12-19 15:31:42','2010-12-19 15:31:42'),(506,83,6,8,'<strike>Untitled</strike><strong>Acerca de las reunio</strong>','2010-12-19 15:32:14','2010-12-19 15:32:14'),(507,84,6,8,'','2010-12-19 15:32:15','2010-12-19 15:32:15'),(508,86,1,8,'<strong>Untitled</strong>','2010-12-19 15:32:33','2010-12-19 15:32:33'),(509,87,1,8,'<strong></strong>','2010-12-19 15:32:33','2010-12-19 15:32:33'),(510,86,2,8,'<strike>Untitled</strike><strong>untitled</strong>','2010-12-19 15:32:33','2010-12-19 15:32:33'),(511,87,2,8,'','2010-12-19 15:32:33','2010-12-19 15:32:33'),(512,86,3,8,'<strike>Untitled</strike><strong>Carta del 16 de abri</strong>','2010-12-19 15:33:28','2010-12-19 15:33:28'),(513,87,3,8,'','2010-12-19 15:33:28','2010-12-19 15:33:28'),(514,86,4,8,'<strike>Untitled</strike><strong>Carta del 16 de abri</strong>','2010-12-19 15:34:27','2010-12-19 15:34:27'),(515,87,4,8,'','2010-12-19 15:34:27','2010-12-19 15:34:27'),(516,88,1,8,'<strong>\n\n\n\n      \nQueridas </strong>','2010-12-19 15:34:52','2010-12-19 15:34:52'),(517,89,1,8,'<strong>Untitled</strong>','2010-12-19 15:35:13','2010-12-19 15:35:13'),(518,90,1,8,'<strong></strong>','2010-12-19 15:35:13','2010-12-19 15:35:13'),(519,89,2,8,'<strike>Untitled</strike><strong>untitled</strong>','2010-12-19 15:35:13','2010-12-19 15:35:13'),(520,90,2,8,'','2010-12-19 15:35:13','2010-12-19 15:35:13'),(521,89,3,8,'<strike>Untitled</strike><strong>Comunicado</strong>','2010-12-19 15:38:18','2010-12-19 15:38:18'),(522,90,3,8,'','2010-12-19 15:38:18','2010-12-19 15:38:18'),(523,91,1,8,'<strong>\n\n\n\n      \nQueridos </strong>','2010-12-19 15:38:49','2010-12-19 15:38:49'),(524,89,4,8,'<strike>Untitled</strike><strong>Comunicado</strong>','2010-12-19 15:40:19','2010-12-19 15:40:19'),(525,90,4,8,'','2010-12-19 15:40:19','2010-12-19 15:40:19'),(526,92,1,8,'<strong>Untitled</strong>','2010-12-19 15:40:49','2010-12-19 15:40:49'),(527,93,1,8,'<strong></strong>','2010-12-19 15:40:49','2010-12-19 15:40:49'),(528,92,2,8,'<strike>Untitled</strike><strong>untitled</strong>','2010-12-19 15:40:49','2010-12-19 15:40:49'),(529,93,2,8,'','2010-12-19 15:40:50','2010-12-19 15:40:50'),(530,92,3,8,'<strike>Untitled</strike><strong>Sobre ceremonias y p</strong>','2010-12-19 15:41:00','2010-12-19 15:41:00'),(531,93,3,8,'','2010-12-19 15:41:00','2010-12-19 15:41:00'),(532,92,4,8,'<strike>Untitled</strike><strong>Sobre ceremonias y p</strong>','2010-12-19 15:41:58','2010-12-19 15:41:58'),(533,93,4,8,'','2010-12-19 15:41:58','2010-12-19 15:41:58'),(534,94,1,8,'<strong>Untitled</strong>','2010-12-19 15:42:12','2010-12-19 15:42:12'),(535,95,1,8,'<strong></strong>','2010-12-19 15:42:12','2010-12-19 15:42:12'),(536,94,2,8,'<strike>Untitled</strike><strong>untitled</strong>','2010-12-19 15:42:12','2010-12-19 15:42:12'),(537,95,2,8,'','2010-12-19 15:42:12','2010-12-19 15:42:12'),(538,96,1,8,'<strong>\n\n\n\n      \nEstas not</strong>','2010-12-19 15:42:15','2010-12-19 15:42:15'),(539,94,3,8,'<strike>Untitled</strike><strong>La Escuela: Carta de</strong>','2010-12-19 15:43:06','2010-12-19 15:43:06'),(540,95,3,8,'','2010-12-19 15:43:06','2010-12-19 15:43:06'),(541,97,1,8,'<strong>\n\n\n\n      \nQueridos </strong>','2010-12-19 15:43:26','2010-12-19 15:43:26'),(542,94,4,8,'<strike>Untitled</strike><strong>La Escuela: Carta de</strong>','2010-12-19 15:43:48','2010-12-19 15:43:48'),(543,95,4,8,'<strong>comunicados de escue</strong>','2010-12-19 15:43:48','2010-12-19 15:43:48'),(544,94,5,8,'<strike>Untitled</strike><strong>La Escuela: Carta de</strong>','2010-12-19 15:43:49','2010-12-19 15:43:49'),(545,95,5,8,'','2010-12-19 15:43:49','2010-12-19 15:43:49'),(546,94,6,8,'<strike>Untitled</strike><strong>La Escuela: Carta de</strong>','2010-12-19 15:43:51','2010-12-19 15:43:51'),(547,95,6,8,'','2010-12-19 15:43:51','2010-12-19 15:43:51'),(548,98,1,8,'<strong>Untitled</strong>','2010-12-19 15:44:14','2010-12-19 15:44:14'),(549,99,1,8,'<strong></strong>','2010-12-19 15:44:14','2010-12-19 15:44:14'),(550,98,2,8,'<strike>Untitled</strike><strong>untitled</strong>','2010-12-19 15:44:14','2010-12-19 15:44:14'),(551,99,2,8,'','2010-12-19 15:44:14','2010-12-19 15:44:14'),(552,98,3,8,'<strike>Untitled</strike><strong>Asistencia a las Reu</strong>','2010-12-19 15:44:25','2010-12-19 15:44:25'),(553,99,3,8,'','2010-12-19 15:44:25','2010-12-19 15:44:25'),(554,100,1,8,'<strong>\n\n\n\n      \nPodr&aacu</strong>','2010-12-19 15:44:41','2010-12-19 15:44:41'),(555,98,4,8,'<strike>Untitled</strike><strong>Asistencia a las Reu</strong>','2010-12-19 15:44:54','2010-12-19 15:44:54'),(556,99,4,8,'','2010-12-19 15:44:54','2010-12-19 15:44:54'),(557,101,1,8,'<strong>Untitled</strong>','2010-12-19 15:45:09','2010-12-19 15:45:09'),(558,102,1,8,'<strong></strong>','2010-12-19 15:45:10','2010-12-19 15:45:10'),(559,101,2,8,'<strike>Untitled</strike><strong>untitled</strong>','2010-12-19 15:45:10','2010-12-19 15:45:10'),(560,102,2,8,'','2010-12-19 15:45:10','2010-12-19 15:45:10'),(561,101,3,8,'<strike>Untitled</strike><strong>A los Parques recono</strong>','2010-12-19 15:45:17','2010-12-19 15:45:17'),(562,102,3,8,'','2010-12-19 15:45:17','2010-12-19 15:45:17'),(563,103,1,8,'<strong>\n\n\n\n      \nAttiglian</strong>','2010-12-19 15:45:36','2010-12-19 15:45:36'),(564,101,4,8,'<strike>Untitled</strike><strong>A los Parques recono</strong>','2010-12-19 15:45:54','2010-12-19 15:45:54'),(565,102,4,8,'','2010-12-19 15:45:54','2010-12-19 15:45:54'),(566,104,1,8,'<strong>Untitled</strong>','2010-12-19 15:46:06','2010-12-19 15:46:06'),(567,105,1,8,'<strong></strong>','2010-12-19 15:46:06','2010-12-19 15:46:06'),(568,104,2,8,'<strike>Untitled</strike><strong>untitled</strong>','2010-12-19 15:46:06','2010-12-19 15:46:06'),(569,105,2,8,'','2010-12-19 15:46:07','2010-12-19 15:46:07'),(570,104,3,8,'<strike>Untitled</strike><strong>Vuela hacia las estr</strong>','2010-12-19 15:46:14','2010-12-19 15:46:14'),(571,105,3,8,'','2010-12-19 15:46:14','2010-12-19 15:46:14'),(572,106,1,8,'<strong>\n\n\n\n      \nQueridos </strong>','2010-12-19 15:46:30','2010-12-19 15:46:30'),(573,106,2,8,'<strong></strong>','2010-12-19 15:54:07','2010-12-19 15:54:07'),(574,104,4,8,'<strike>Untitled</strike><strong>Vuela hacia las estr</strong>','2010-12-19 15:57:10','2010-12-19 15:57:10'),(575,105,4,8,'','2010-12-19 15:57:11','2010-12-19 15:57:11'),(576,107,1,8,'<strong>Untitled</strong>','2010-12-19 15:58:00','2010-12-19 15:58:00'),(577,108,1,8,'<strong></strong>','2010-12-19 15:58:00','2010-12-19 15:58:00'),(578,107,2,8,'<strike>Untitled</strike><strong>untitled</strong>','2010-12-19 15:58:00','2010-12-19 15:58:00'),(579,108,2,8,'','2010-12-19 15:58:00','2010-12-19 15:58:00'),(580,107,3,8,'<strike>Untitled</strike><strong>Examen de Obras y As</strong>','2010-12-19 15:58:15','2010-12-19 15:58:15'),(581,108,3,8,'','2010-12-19 15:58:15','2010-12-19 15:58:15'),(582,109,1,8,'<strong>\n\n\n\n      \nQueridos </strong>','2010-12-19 15:58:46','2010-12-19 15:58:46'),(583,107,4,8,'<strike>Untitled</strike><strong>Examen de Obras y As</strong>','2010-12-19 15:58:48','2010-12-19 15:58:48'),(584,108,4,8,'','2010-12-19 15:58:48','2010-12-19 15:58:48'),(585,57,2,8,'<strike></strike>','2010-12-19 16:02:26','2010-12-19 16:02:26'),(586,110,1,8,'<strong>1era Camada</strong>','2010-12-19 16:03:23','2010-12-19 16:03:23'),(587,111,1,8,'<strong>\n\n\n\n      \n\nEl Calen</strong>','2010-12-19 16:04:11','2010-12-19 16:04:11'),(589,113,1,8,'<strong>2era Camada</strong>','2010-12-19 16:07:02','2010-12-19 16:07:02'),(590,114,1,8,'<strong>\n\n\n\n      \n\nEl Calen</strong>','2010-12-19 16:07:27','2010-12-19 16:07:27'),(591,113,2,8,'<strike>era Camada</strike><strong>da Camada</strong>','2010-12-19 16:08:25','2010-12-19 16:08:25'),(592,115,1,8,'<strong>4ta Camada</strong>','2010-12-19 16:09:16','2010-12-19 16:09:16'),(593,116,1,8,'<strong>\n\n\n\n      \n\n\nEl Cale</strong>','2010-12-19 16:09:45','2010-12-19 16:09:45'),(594,107,5,8,'<strike>Untitled</strike><strong>Examen de Obras y As</strong>','2010-12-19 16:12:41','2010-12-19 16:12:41'),(595,108,5,8,'','2010-12-19 16:12:41','2010-12-19 16:12:41'),(596,59,6,8,'<strong>\n\n\n\n      \n\nExperien</strong>','2010-12-19 16:14:31','2010-12-19 16:14:31'),(597,59,7,8,'[Reordered slots]','2010-12-19 16:14:35','2010-12-19 16:14:35'),(598,59,8,8,'[Reordered slots]','2010-12-19 16:14:41','2010-12-19 16:14:41'),(599,59,9,8,'<strong>\n\n\n\n      \n\nOtros Ma</strong>','2010-12-19 16:16:01','2010-12-19 16:16:01'),(600,59,10,8,'[Reordered slots]','2010-12-19 16:16:05','2010-12-19 16:16:05'),(601,59,11,8,'[Reordered slots]','2010-12-19 16:16:09','2010-12-19 16:16:09'),(602,59,12,8,'[Reordered slots]','2010-12-19 16:16:12','2010-12-19 16:16:12'),(603,59,13,8,'<strike></strike>','2010-12-19 16:17:33','2010-12-19 16:17:33'),(604,59,14,8,'<strike></strike>','2010-12-19 16:17:36','2010-12-19 16:17:36'),(605,59,15,8,'<strong>\n\n\n\n      \n\nConferen</strong>','2010-12-19 16:18:00','2010-12-19 16:18:00'),(606,59,16,8,'<strong>\n\n\n\n      \n\nPunto de</strong>','2010-12-19 16:18:16','2010-12-19 16:18:16'),(607,65,7,8,'<strike></strike>','2010-12-19 16:19:43','2010-12-19 16:19:43'),(608,65,8,8,'<strike></strike>','2010-12-19 16:19:45','2010-12-19 16:19:45'),(609,65,9,8,'<strike>\n\n\n\n      \n&nbsp;\nOt</strike>','2010-12-19 16:19:51','2010-12-19 16:19:51'),(610,65,10,8,'<strong>\n\n\n\n      \n\nAlicia O</strong>','2010-12-19 16:23:55','2010-12-19 16:23:55'),(611,65,11,8,'<strike>Alicia Ordo&ntilde;e</strike><strong>&nbsp; Alicia Ordo&n</strong>','2010-12-19 16:47:57','2010-12-19 16:47:57'),(612,65,12,8,'','2010-12-19 16:51:58','2010-12-19 16:51:58'),(613,65,13,8,'','2010-12-19 16:56:20','2010-12-19 16:56:20'),(614,1,2,1,'<strike>Home</strike><strong>Inicio</strong>','2010-12-19 22:49:12','2010-12-19 22:49:12'),(634,124,1,1,'<strong></strong>','2010-12-20 01:27:13','2010-12-20 01:27:13'),(635,3,22,1,'','2010-12-20 01:58:01','2010-12-20 01:58:01'),(636,46,77,1,'<strong></strong>','2010-12-20 02:00:43','2010-12-20 02:00:43'),(637,46,78,1,'','2010-12-20 02:01:01','2010-12-20 02:01:01'),(638,46,79,1,'<strong>\n\n\n\n      &nbsp;Como</strong>','2010-12-20 02:01:19','2010-12-20 02:01:19'),(639,46,80,1,'<strong>?</strong>','2010-12-20 02:01:30','2010-12-20 02:01:30'),(640,46,81,1,'[Reordered slots]','2010-12-20 02:01:33','2010-12-20 02:01:33'),(641,46,82,1,'[Reordered slots]','2010-12-20 02:01:39','2010-12-20 02:01:39'),(642,46,83,1,'[Reordered slots]','2010-12-20 02:01:51','2010-12-20 02:01:51'),(643,46,84,1,'[Reordered slots]','2010-12-20 02:01:56','2010-12-20 02:01:56'),(644,46,85,1,'[Reordered slots]','2010-12-20 02:02:03','2010-12-20 02:02:03'),(645,46,86,1,'[Reordered slots]','2010-12-20 02:02:14','2010-12-20 02:02:14'),(646,3,23,8,'','2010-12-23 11:32:16','2010-12-23 11:32:16'),(647,125,1,8,'<strong>Untitled</strong>','2010-12-23 11:33:38','2010-12-23 11:33:38'),(648,126,1,8,'<strong></strong>','2010-12-23 11:33:39','2010-12-23 11:33:39'),(649,125,2,8,'<strike>Untitled</strike><strong>untitled</strong>','2010-12-23 11:33:39','2010-12-23 11:33:39'),(650,126,2,8,'','2010-12-23 11:33:40','2010-12-23 11:33:40'),(651,125,3,8,'<strike>Untitled</strike><strong>Reuni&oacute;n de Po</strong>','2010-12-23 11:34:00','2010-12-23 11:34:00'),(652,126,3,8,'','2010-12-23 11:34:00','2010-12-23 11:34:00'),(653,127,1,8,'<strong>\n\n\n\n      \n8 de ener</strong>','2010-12-23 11:34:22','2010-12-23 11:34:22'),(654,125,4,8,'<strike>Untitled</strike><strong>Reuni&oacute;n de Po</strong>','2010-12-23 11:34:44','2010-12-23 11:34:44'),(655,126,4,8,'<strong>comunicados de escue</strong>','2010-12-23 11:34:44','2010-12-23 11:34:44'),(656,125,5,8,'<strike>Untitled</strike><strong>Reuni&oacute;n de Po</strong>','2010-12-23 11:34:45','2010-12-23 11:34:45'),(657,126,5,8,'','2010-12-23 11:34:45','2010-12-23 11:34:45'),(658,125,6,8,'<strike>Untitled</strike><strong>Reuni&oacute;n de Po</strong>','2010-12-23 11:34:51','2010-12-23 11:34:51'),(659,126,6,8,'','2010-12-23 11:34:51','2010-12-23 11:34:51'),(660,3,24,8,'<strong></strong>','2010-12-23 11:35:34','2010-12-23 11:35:34'),(661,46,87,8,'','2010-12-23 20:52:01','2010-12-23 20:52:01'),(662,46,88,8,'','2010-12-23 20:52:09','2010-12-23 20:52:09'),(663,46,89,8,'','2010-12-23 20:52:18','2010-12-23 20:52:18'),(664,111,2,1,'<strike>El Calendario de act</strike><strong>&nbsp; El Calendario</strong>','2011-01-08 03:44:40','2011-01-08 03:44:40'),(665,111,3,1,'<strike>(Los grupos de inter</strike><strong>&nbsp; &nbsp;</strong>','2011-01-08 03:45:41','2011-01-08 03:45:41'),(666,111,4,1,'','2011-01-08 03:47:13','2011-01-08 03:47:13'),(667,111,5,1,'<strike>&nbsp; El Calendario</strike><strong>El Calendario de act</strong>','2011-01-08 03:48:00','2011-01-08 03:48:00'),(668,111,6,1,'<strike>El Calendario de act</strike><strong>&nbsp; El Calendario</strong>','2011-01-08 03:54:43','2011-01-08 03:54:43'),(669,111,7,1,'<strong>\n\n\n\n      \n&nbsp;\nTe</strong>','2011-01-08 03:55:11','2011-01-08 03:55:11'),(670,128,1,1,'','2011-01-08 03:55:22','2011-01-08 03:55:22'),(671,111,8,1,'[Reordered slots]','2011-01-08 03:56:57','2011-01-08 03:56:57'),(672,111,9,1,'<strike>Tercera Reuni&oacute</strike><strong>&nbsp; Tercera Reuni</strong>','2011-01-08 03:57:15','2011-01-08 03:57:15'),(673,111,10,1,'<strike>&nbsp; El Calendario</strike><strong>El Calendario de act</strong>','2011-01-08 03:57:50','2011-01-08 03:57:50'),(674,111,11,1,'<strike> Tercera Reuni&oacut</strike><strong>Tercera Reuni&oacute</strong>','2011-01-08 03:58:39','2011-01-08 03:58:39'),(675,111,12,1,'<strike>El Calendario de act</strike><strong>El Calendario de act</strong>','2011-01-08 03:59:26','2011-01-08 03:59:26'),(676,111,13,1,'','2011-01-08 04:06:37','2011-01-08 04:06:37'),(677,65,14,1,'<strike>&nbsp; Alicia Ordo&n</strike><strong>Alicia Ordo&ntilde;e</strong>','2011-01-08 04:10:20','2011-01-08 04:10:20'),(678,65,15,1,'','2011-01-08 04:11:32','2011-01-08 04:11:32'),(679,65,16,1,'','2011-01-08 04:12:03','2011-01-08 04:12:03'),(680,65,17,1,'','2011-01-08 04:12:26','2011-01-08 04:12:26'),(681,65,18,1,'','2011-01-08 04:12:58','2011-01-08 04:12:58'),(682,65,19,1,'','2011-01-08 04:13:41','2011-01-08 04:13:41'),(683,76,6,1,'<strike></strike>','2011-01-08 04:16:04','2011-01-08 04:16:04'),(684,129,1,1,'<strong>Reserva</strong>','2011-01-08 04:31:39','2011-01-08 04:31:39'),(685,124,2,1,'<strike></strike>','2011-01-10 21:37:05','2011-01-10 21:37:05'),(686,3,25,1,'<strike></strike>','2011-01-10 21:37:23','2011-01-10 21:37:23'),(687,3,26,1,'<strike></strike>','2011-01-10 21:37:26','2011-01-10 21:37:26'),(688,130,1,1,'<strong>Untitled</strong>','2011-01-10 21:40:20','2011-01-10 21:40:20'),(689,131,1,1,'<strong></strong>','2011-01-10 21:40:21','2011-01-10 21:40:21'),(690,130,2,1,'<strike>Untitled</strike><strong>untitled</strong>','2011-01-10 21:40:21','2011-01-10 21:40:21'),(691,131,2,1,'','2011-01-10 21:40:21','2011-01-10 21:40:21'),(692,130,3,1,'<strike>Untitled</strike><strong>Pauta para elaborar </strong>','2011-01-10 21:40:29','2011-01-10 21:40:29'),(693,131,3,1,'','2011-01-10 21:40:30','2011-01-10 21:40:30'),(694,132,1,1,'<strong>\n\n\n\n      Nota para </strong>','2011-01-10 21:44:06','2011-01-10 21:44:06'),(695,132,2,1,'<strike>Comentarios sobre el</strike>','2011-01-10 21:44:40','2011-01-10 21:44:40'),(696,132,3,1,'<strong>\n\n\n\n      Comentario</strong>','2011-01-10 21:45:12','2011-01-10 21:45:12'),(697,132,4,1,'[Reordered slots]','2011-01-10 21:45:22','2011-01-10 21:45:22'),(698,130,4,1,'<strike>Untitled</strike><strong>Pauta para elaborar </strong>','2011-01-10 21:45:33','2011-01-10 21:45:33'),(699,131,4,1,'','2011-01-10 21:45:33','2011-01-10 21:45:33'),(700,130,5,1,'<strike>Untitled</strike><strong>Pauta para elaborar </strong>','2011-01-10 21:45:41','2011-01-10 21:45:41'),(701,131,5,1,'<strong>comunicados de escue</strong>','2011-01-10 21:45:41','2011-01-10 21:45:41'),(702,130,6,1,'<strike>Untitled</strike><strong>Pauta para elaborar </strong>','2011-01-10 21:45:42','2011-01-10 21:45:42'),(703,131,6,1,'','2011-01-10 21:45:42','2011-01-10 21:45:42'),(704,3,27,1,'<strong></strong>','2011-01-10 21:46:41','2011-01-10 21:46:41'),(705,25,4,1,'<strike></strike>','2011-01-10 21:47:07','2011-01-10 21:47:07'),(706,124,3,1,'<strong></strong>','2011-01-10 21:52:27','2011-01-10 21:52:27'),(707,124,4,1,'<strike></strike>','2011-01-10 21:52:49','2011-01-10 21:52:49'),(708,3,28,1,'<strong></strong>','2011-01-10 21:53:20','2011-01-10 21:53:20'),(709,3,29,1,'[Reordered slots]','2011-01-10 21:53:24','2011-01-10 21:53:24'),(710,3,30,1,'[Reordered slots]','2011-01-10 21:53:32','2011-01-10 21:53:32'),(711,3,31,1,'[Reordered slots]','2011-01-10 21:53:42','2011-01-10 21:53:42'),(712,3,32,1,'<strike></strike>','2011-01-10 21:54:20','2011-01-10 21:54:20'),(713,3,33,1,'','2011-01-10 21:54:45','2011-01-10 21:54:45'),(714,25,5,1,'','2011-01-10 21:55:55','2011-01-10 21:55:55'),(715,25,6,1,'<strong>\n\n\n\n      \n&nbsp;Im&</strong>','2011-01-10 21:56:23','2011-01-10 21:56:23'),(716,124,5,1,'<strong></strong>','2011-01-17 11:29:27','2011-01-17 11:29:27'),(717,124,6,1,'','2011-01-17 11:30:40','2011-01-17 11:30:40'),(718,45,187,1,'','2011-02-23 17:50:08','2011-02-23 17:50:08'),(719,46,90,15,'<strong></strong>','2011-03-01 17:54:04','2011-03-01 17:54:04'),(720,46,91,15,'','2011-03-01 17:54:35','2011-03-01 17:54:35'),(721,46,92,15,'','2011-03-01 17:54:46','2011-03-01 17:54:46'),(722,46,93,15,'[Reordered slots]','2011-03-01 17:54:50','2011-03-01 17:54:50'),(723,46,94,15,'[Reordered slots]','2011-03-01 17:54:57','2011-03-01 17:54:57'),(724,46,95,15,'<strike></strike>','2011-03-01 17:55:36','2011-03-01 17:55:36'),(725,60,8,15,'<strong></strong>','2011-03-01 18:17:24','2011-03-01 18:17:24'),(726,60,9,15,'<strong></strong>','2011-03-01 18:19:55','2011-03-01 18:19:55'),(727,60,10,15,'','2011-03-01 18:21:10','2011-03-01 18:21:10'),(728,60,11,15,'<strike></strike>','2011-03-01 18:21:51','2011-03-01 18:21:51'),(729,60,12,15,'<strike></strike>','2011-03-01 18:22:01','2011-03-01 18:22:01'),(730,57,3,15,'<strong>\n\n      &nbsp;Libor </strong>','2011-03-01 18:24:36','2011-03-01 18:24:36'),(731,57,4,15,'<strong></strong>','2011-03-01 18:25:09','2011-03-01 18:25:09'),(732,57,5,15,'<strike></strike>','2011-03-01 18:25:58','2011-03-01 18:25:58'),(733,57,6,15,'<strong></strong>','2011-03-01 18:29:01','2011-03-01 18:29:01'),(734,25,7,15,'<strong></strong>','2011-03-01 18:45:10','2011-03-01 18:45:10'),(735,57,7,15,'<strike></strike>','2011-03-01 18:46:35','2011-03-01 18:46:35'),(736,57,8,15,'<strike>\n\n      &nbsp;Libor </strike>','2011-03-01 18:46:38','2011-03-01 18:46:38'),(737,25,8,15,'<strike></strike>','2011-03-01 18:47:40','2011-03-01 18:47:40'),(738,25,9,15,'<strong></strong>','2011-03-01 18:48:18','2011-03-01 18:48:18'),(739,25,10,15,'<strike></strike>','2011-03-01 18:48:54','2011-03-01 18:48:54'),(741,134,1,15,'<strong>Untitled</strong>','2011-03-01 19:03:49','2011-03-01 19:03:49'),(742,135,1,15,'<strong></strong>','2011-03-01 19:03:49','2011-03-01 19:03:49'),(743,134,2,15,'<strike>Untitled</strike><strong>untitled</strong>','2011-03-01 19:03:49','2011-03-01 19:03:49'),(744,135,2,15,'','2011-03-01 19:03:50','2011-03-01 19:03:50'),(745,134,3,15,'<strike>Untitled</strike><strong>Retiro de la Fuerza</strong>','2011-03-01 19:04:11','2011-03-01 19:04:11'),(746,135,3,15,'','2011-03-01 19:04:12','2011-03-01 19:04:12'),(747,134,4,15,'<strike>Untitled</strike><strong>Retiro de la Fuerza</strong>','2011-03-01 19:05:33','2011-03-01 19:05:33'),(748,135,4,15,'','2011-03-01 19:05:33','2011-03-01 19:05:33'),(749,134,5,15,'<strike>Untitled</strike><strong>Retiro de la Fuerza</strong>','2011-03-01 19:05:44','2011-03-01 19:05:44'),(750,135,5,15,'','2011-03-01 19:05:44','2011-03-01 19:05:44'),(751,136,1,15,'<strong>\n\n      \n&nbsp;Nos e</strong>','2011-03-01 19:05:45','2011-03-01 19:05:45'),(752,134,6,15,'<strike>Untitled</strike><strong>Retiro de la Fuerza</strong>','2011-03-01 19:05:48','2011-03-01 19:05:48'),(753,135,6,15,'','2011-03-01 19:05:48','2011-03-01 19:05:48'),(754,25,11,15,'<strong></strong>','2011-03-01 19:06:58','2011-03-01 19:06:58'),(755,25,12,15,'<strike></strike>','2011-03-01 19:09:17','2011-03-01 19:09:17'),(756,137,1,1,'<strong>Disciplina Mental</strong>','2011-03-06 17:05:03','2011-03-06 17:05:03'),(757,138,1,1,'<strong>Actividades</strong>','2011-03-15 13:33:38','2011-03-15 13:33:38'),(758,3,34,15,'<strike></strike>','2011-03-19 17:54:00','2011-03-19 17:54:00'),(759,3,35,15,'<strike></strike>','2011-03-19 17:54:09','2011-03-19 17:54:09'),(760,139,1,15,'<strong>Untitled</strong>','2011-03-19 17:56:41','2011-03-19 17:56:41'),(761,140,1,15,'<strong></strong>','2011-03-19 17:56:41','2011-03-19 17:56:41'),(762,139,2,15,'<strike>Untitled</strike><strong>untitled</strong>','2011-03-19 17:56:41','2011-03-19 17:56:41'),(763,140,2,15,'','2011-03-19 17:56:41','2011-03-19 17:56:41'),(764,139,3,15,'<strike>Untitled</strike><strong>Encuentro Estacional</strong>','2011-03-19 17:57:22','2011-03-19 17:57:22'),(765,140,3,15,'','2011-03-19 17:57:22','2011-03-19 17:57:22'),(766,141,1,15,'<strong></strong>','2011-03-19 17:58:32','2011-03-19 17:58:32'),(767,141,2,15,'','2011-03-19 17:58:56','2011-03-19 17:58:56'),(768,139,4,15,'<strike>Untitled</strike><strong>Encuentro Estacional</strong>','2011-03-19 17:59:20','2011-03-19 17:59:20'),(769,140,4,15,'','2011-03-19 17:59:20','2011-03-19 17:59:20'),(770,3,36,15,'<strong></strong>','2011-03-19 18:04:59','2011-03-19 18:04:59'),(771,3,37,15,'<strike></strike>','2011-03-19 18:05:47','2011-03-19 18:05:47'),(772,3,38,15,'<strong></strong>','2011-03-19 18:06:51','2011-03-19 18:06:51'),(773,3,39,15,'<strike></strike>','2011-03-19 18:09:28','2011-03-19 18:09:28'),(774,3,40,15,'<strong></strong>','2011-04-01 20:59:25','2011-04-01 20:59:25'),(775,3,41,15,'<strike></strike>','2011-04-01 21:12:43','2011-04-01 21:12:43'),(776,25,13,15,'<strong></strong>','2011-04-03 23:53:20','2011-04-03 23:53:20'),(777,3,42,15,'<strong></strong>','2011-04-11 18:48:36','2011-04-11 18:48:36'),(778,124,7,15,'<strong></strong>','2011-04-11 18:49:14','2011-04-11 18:49:14'),(779,25,14,15,'<strong></strong>','2011-04-11 18:50:02','2011-04-11 18:50:02'),(780,3,43,15,'<strong></strong>','2011-04-11 18:51:12','2011-04-11 18:51:12'),(781,3,44,15,'<strike></strike>','2011-04-11 18:51:34','2011-04-11 18:51:34'),(782,25,15,15,'<strike></strike>','2011-04-11 18:51:55','2011-04-11 18:51:55'),(783,3,45,15,'<strike></strike>','2011-04-17 13:11:47','2011-04-17 13:11:47'),(784,124,8,15,'<strike></strike>','2011-04-21 19:35:38','2011-04-21 19:35:38'),(785,46,96,15,'','2011-04-22 01:29:39','2011-04-22 01:29:39'),(787,143,1,15,'<strong>Cómo llegar?</strong>','2011-04-22 01:32:48','2011-04-22 01:32:48'),(788,144,1,15,'<strong>Lugares del Parque</strong>','2011-04-22 01:36:09','2011-04-22 01:36:09'),(789,46,97,15,'<strike>Conozca el Parque de</strike><strong>Conozca los Parques </strong>','2011-04-22 01:46:55','2011-04-22 01:46:55'),(790,145,1,15,'<strong>Silo</strong>','2011-04-22 02:08:03','2011-04-22 02:08:03'),(791,146,1,15,'<strong>Silo en La Reja</strong>','2011-04-22 02:09:11','2011-04-22 02:09:11'),(794,3,46,15,'','2011-04-22 02:35:20','2011-04-22 02:35:20'),(795,3,47,15,'','2011-04-22 02:46:34','2011-04-22 02:46:34'),(796,3,48,15,'','2011-04-22 03:16:42','2011-04-22 03:16:42'),(797,3,49,15,'','2011-04-22 03:46:33','2011-04-22 03:46:33'),(798,46,98,15,'<strong>\n\n      \n&nbsp;COMO </strong>','2011-04-22 03:49:21','2011-04-22 03:49:21'),(799,46,99,15,'[Reordered slots]','2011-04-22 03:49:34','2011-04-22 03:49:34'),(800,46,100,15,'[Reordered slots]','2011-04-22 03:49:47','2011-04-22 03:49:47'),(801,46,101,15,'<strong>1) En auto:Para lleg</strong>','2011-04-22 03:51:41','2011-04-22 03:51:41'),(802,46,102,15,'<strike>\n\n      \n&nbsp;COMO </strike>','2011-04-22 03:51:49','2011-04-22 03:51:49'),(803,149,1,15,'<strong>\n\n      \n&nbsp;Como </strong>','2011-04-22 15:54:51','2011-04-22 15:54:51'),(804,149,2,15,'<strong></strong>','2011-04-22 15:56:46','2011-04-22 15:56:46'),(805,149,3,15,'[Reordered slots]','2011-04-22 15:57:08','2011-04-22 15:57:08'),(806,149,4,15,'','2011-04-22 15:57:33','2011-04-22 15:57:33'),(807,46,103,15,'<strike>\n\n      &nbsp;Como l</strike>','2011-04-22 15:58:04','2011-04-22 15:58:04'),(808,46,104,15,'<strike></strike>','2011-04-22 15:58:11','2011-04-22 15:58:11'),(809,46,105,15,'','2011-04-22 15:58:25','2011-04-22 15:58:25'),(810,150,1,15,'<strong>\n\n      &nbsp;El Par</strong>','2011-04-22 15:59:25','2011-04-22 15:59:25'),(811,150,2,15,'<strong></strong>','2011-04-22 16:00:45','2011-04-22 16:00:45'),(812,150,3,15,'','2011-04-22 16:01:18','2011-04-22 16:01:18'),(813,150,4,15,'[Reordered slots]','2011-04-22 16:02:25','2011-04-22 16:02:25'),(814,151,1,15,'','2011-04-22 16:04:25','2011-04-22 16:04:25'),(815,151,2,15,'<strong>\n\n      \n&nbsp;Que s</strong>','2011-04-22 16:04:46','2011-04-22 16:04:46'),(816,151,3,15,'','2011-04-22 16:05:01','2011-04-22 16:05:01'),(817,151,4,15,'<strike>Aspiramos a que desd</strike><strong>  Aspiramos a que</strong>','2011-04-22 16:05:19','2011-04-22 16:05:19'),(818,151,5,15,'<strong></strong>','2011-04-22 16:06:00','2011-04-22 16:06:00'),(819,151,6,15,'[Reordered slots]','2011-04-22 16:06:16','2011-04-22 16:06:16'),(820,151,7,15,'<strike>  Aspiramos a que</strike><strong>Aspiramos a que desd</strong>','2011-04-22 16:06:48','2011-04-22 16:06:48'),(821,151,8,15,'','2011-04-22 16:07:13','2011-04-22 16:07:13'),(822,151,9,15,'','2011-04-22 16:07:22','2011-04-22 16:07:22'),(823,150,5,15,'<strong>\n\n      \n&nbsp;El Ce</strong>','2011-04-22 16:13:48','2011-04-22 16:13:48'),(824,150,6,15,'<strike>&nbsp;El Centro de E</strike><strong>El Centro de Estudio</strong>','2011-04-22 16:14:05','2011-04-22 16:14:05'),(825,150,7,15,'','2011-04-22 16:14:48','2011-04-22 16:14:48'),(826,150,8,15,'<strong></strong>','2011-04-22 16:16:19','2011-04-22 16:16:19'),(827,150,9,15,'','2011-04-22 16:22:39','2011-04-22 16:22:39'),(828,150,10,15,'[Reordered slots]','2011-04-22 16:22:55','2011-04-22 16:22:55'),(829,150,11,15,'[Reordered slots]','2011-04-22 16:23:08','2011-04-22 16:23:08'),(830,150,12,15,'<strike>\n\n      El Centro de</strike>','2011-04-22 16:23:29','2011-04-22 16:23:29'),(831,150,13,15,'[Reordered slots]','2011-04-22 16:23:38','2011-04-22 16:23:38'),(832,150,14,15,'<strong></strong>','2011-04-22 16:25:06','2011-04-22 16:25:06'),(833,150,15,15,'','2011-04-22 16:26:04','2011-04-22 16:26:04'),(834,150,16,15,'[Reordered slots]','2011-04-22 16:26:31','2011-04-22 16:26:31'),(835,150,17,15,'[Reordered slots]','2011-04-22 16:26:42','2011-04-22 16:26:42'),(836,150,18,15,'[Reordered slots]','2011-04-22 16:26:49','2011-04-22 16:26:49'),(837,150,19,15,'','2011-04-22 16:27:10','2011-04-22 16:27:10'),(838,150,20,15,'<strong></strong>','2011-04-22 16:28:11','2011-04-22 16:28:11'),(839,150,21,15,'','2011-04-22 16:28:52','2011-04-22 16:28:52'),(840,150,22,15,'[Reordered slots]','2011-04-22 16:29:57','2011-04-22 16:29:57'),(841,150,23,15,'[Reordered slots]','2011-04-22 16:30:10','2011-04-22 16:30:10'),(842,150,24,15,'[Reordered slots]','2011-04-22 16:30:19','2011-04-22 16:30:19'),(843,150,25,15,'[Reordered slots]','2011-04-22 16:30:26','2011-04-22 16:30:26'),(844,150,26,15,'<strong></strong>','2011-04-22 16:31:59','2011-04-22 16:31:59'),(845,150,27,15,'','2011-04-22 16:32:17','2011-04-22 16:32:17'),(846,150,28,15,'','2011-04-22 16:33:02','2011-04-22 16:33:02'),(847,150,29,15,'[Reordered slots]','2011-04-22 16:33:53','2011-04-22 16:33:53'),(848,150,30,15,'[Reordered slots]','2011-04-22 16:34:02','2011-04-22 16:34:02'),(849,150,31,15,'[Reordered slots]','2011-04-22 16:34:14','2011-04-22 16:34:14'),(850,150,32,15,'[Reordered slots]','2011-04-22 16:34:22','2011-04-22 16:34:22'),(851,150,33,15,'[Reordered slots]','2011-04-22 16:34:29','2011-04-22 16:34:29'),(852,150,34,15,'<strong></strong>','2011-04-22 16:35:43','2011-04-22 16:35:43'),(853,150,35,15,'','2011-04-22 16:36:46','2011-04-22 16:36:46'),(854,150,36,15,'[Reordered slots]','2011-04-22 16:37:06','2011-04-22 16:37:06'),(855,150,37,15,'[Reordered slots]','2011-04-22 16:37:20','2011-04-22 16:37:20'),(856,150,38,15,'[Reordered slots]','2011-04-22 16:37:30','2011-04-22 16:37:30'),(857,150,39,15,'[Reordered slots]','2011-04-22 16:37:42','2011-04-22 16:37:42'),(858,150,40,15,'[Reordered slots]','2011-04-22 16:37:54','2011-04-22 16:37:54'),(859,150,41,15,'[Reordered slots]','2011-04-22 16:38:01','2011-04-22 16:38:01'),(860,150,42,15,'<strong></strong>','2011-04-22 16:39:08','2011-04-22 16:39:08'),(861,150,43,15,'','2011-04-22 16:39:22','2011-04-22 16:39:22'),(862,150,44,15,'','2011-04-22 16:39:25','2011-04-22 16:39:25'),(863,150,45,15,'','2011-04-22 16:47:40','2011-04-22 16:47:40'),(864,150,46,15,'[Reordered slots]','2011-04-22 16:49:37','2011-04-22 16:49:37'),(865,150,47,15,'[Reordered slots]','2011-04-22 16:49:47','2011-04-22 16:49:47'),(866,150,48,15,'[Reordered slots]','2011-04-22 16:50:00','2011-04-22 16:50:00'),(867,150,49,15,'[Reordered slots]','2011-04-22 16:50:18','2011-04-22 16:50:18'),(868,150,50,15,'[Reordered slots]','2011-04-22 16:50:27','2011-04-22 16:50:27'),(869,150,51,15,'[Reordered slots]','2011-04-22 16:50:34','2011-04-22 16:50:34'),(870,150,52,15,'[Reordered slots]','2011-04-22 16:50:41','2011-04-22 16:50:41'),(871,152,1,1,'<strong>Proximas Actividades</strong>','2011-04-22 16:54:06','2011-04-22 16:54:06'),(872,150,53,15,'','2011-04-22 16:59:18','2011-04-22 16:59:18'),(873,150,54,15,'','2011-04-22 17:00:18','2011-04-22 17:00:18'),(874,150,55,15,'<strong></strong>','2011-04-22 17:01:13','2011-04-22 17:01:13'),(875,150,56,15,'','2011-04-22 17:01:44','2011-04-22 17:01:44'),(876,150,57,15,'[Reordered slots]','2011-04-22 17:02:19','2011-04-22 17:02:19'),(877,150,58,15,'[Reordered slots]','2011-04-22 17:02:28','2011-04-22 17:02:28'),(878,150,59,15,'[Reordered slots]','2011-04-22 17:02:37','2011-04-22 17:02:37'),(879,150,60,15,'[Reordered slots]','2011-04-22 17:02:45','2011-04-22 17:02:45'),(880,153,1,1,'<strong>Actividades Anterior</strong>','2011-04-22 17:02:48','2011-04-22 17:02:48'),(881,150,61,15,'[Reordered slots]','2011-04-22 17:02:53','2011-04-22 17:02:53'),(882,150,62,15,'[Reordered slots]','2011-04-22 17:03:02','2011-04-22 17:03:02'),(883,150,63,15,'[Reordered slots]','2011-04-22 17:03:11','2011-04-22 17:03:11'),(884,150,64,15,'[Reordered slots]','2011-04-22 17:03:20','2011-04-22 17:03:20'),(885,154,1,1,'<strong>Archivo</strong>','2011-04-22 17:04:17','2011-04-22 17:04:17'),(886,150,65,15,'<strong></strong>','2011-04-22 17:05:22','2011-04-22 17:05:22'),(887,150,66,15,'','2011-04-22 17:05:37','2011-04-22 17:05:37'),(888,150,67,15,'','2011-04-22 17:06:49','2011-04-22 17:06:49'),(889,150,68,15,'[Reordered slots]','2011-04-22 17:07:22','2011-04-22 17:07:22'),(890,150,69,15,'[Reordered slots]','2011-04-22 17:07:31','2011-04-22 17:07:31'),(891,150,70,15,'[Reordered slots]','2011-04-22 17:07:40','2011-04-22 17:07:40'),(892,150,71,15,'[Reordered slots]','2011-04-22 17:07:49','2011-04-22 17:07:49'),(893,150,72,15,'[Reordered slots]','2011-04-22 17:07:59','2011-04-22 17:07:59'),(894,150,73,15,'[Reordered slots]','2011-04-22 17:08:08','2011-04-22 17:08:08'),(895,150,74,15,'[Reordered slots]','2011-04-22 17:08:17','2011-04-22 17:08:17'),(896,150,75,15,'[Reordered slots]','2011-04-22 17:08:27','2011-04-22 17:08:27'),(897,150,76,15,'[Reordered slots]','2011-04-22 17:08:36','2011-04-22 17:08:36'),(898,150,77,15,'','2011-04-22 17:10:18','2011-04-22 17:10:18'),(899,155,1,15,'<strong>Untitled</strong>','2011-04-22 17:15:51','2011-04-22 17:15:51'),(900,156,1,15,'<strong></strong>','2011-04-22 17:15:52','2011-04-22 17:15:52'),(901,155,2,15,'<strike>Untitled</strike><strong>untitled</strong>','2011-04-22 17:15:53','2011-04-22 17:15:53'),(902,156,2,15,'','2011-04-22 17:15:54','2011-04-22 17:15:54'),(903,155,3,15,'<strike>Untitled</strike><strong>Celebraci&oacute;n d</strong>','2011-04-22 17:16:25','2011-04-22 17:16:25'),(904,156,3,15,'','2011-04-22 17:16:26','2011-04-22 17:16:26'),(905,157,1,15,'<strong>\n\n      \n&nbsp;Celeb</strong>','2011-04-22 17:18:18','2011-04-22 17:18:18'),(906,155,4,15,'<strike>Untitled</strike><strong>Celebraci&oacute;n d</strong>','2011-04-22 17:19:36','2011-04-22 17:19:36'),(907,156,4,15,'','2011-04-22 17:19:36','2011-04-22 17:19:36'),(908,149,5,15,'','2011-04-22 17:24:21','2011-04-22 17:24:21'),(909,149,6,15,'<strike>Para llegar al lugar</strike><strong>Para llegar al lugar</strong>','2011-04-22 17:26:23','2011-04-22 17:26:23'),(910,149,7,15,'<strike>&nbsp;1) En auto:</strike><strong>1) En auto:</strong>','2011-04-22 17:27:08','2011-04-22 17:27:08'),(911,149,8,15,'<strike> 2) En</strike><strong>2) En tren (TBA &nda</strong>','2011-04-22 17:27:49','2011-04-22 17:27:49'),(912,124,9,15,'<strong></strong>','2011-04-27 10:41:25','2011-04-27 10:41:25'),(913,124,10,15,'','2011-04-27 10:45:32','2011-04-27 10:45:32'),(914,124,11,15,'<strike></strike>','2011-04-27 10:45:48','2011-04-27 10:45:48'),(915,124,12,15,'<strong></strong>','2011-04-27 11:06:36','2011-04-27 11:06:36'),(916,124,13,15,'[Reordered slots]','2011-04-27 11:08:20','2011-04-27 11:08:20'),(917,124,14,15,'','2011-04-27 11:11:47','2011-04-27 11:11:47'),(918,124,15,15,'<strong>\n\n      S&aacute;bad</strong>','2011-04-27 11:14:32','2011-04-27 11:14:32'),(919,124,16,15,'[Reordered slots]','2011-04-27 11:14:40','2011-04-27 11:14:40'),(920,124,17,15,'[Reordered slots]','2011-04-27 11:14:49','2011-04-27 11:14:49'),(921,124,18,15,'','2011-04-27 11:15:19','2011-04-27 11:15:19'),(922,124,19,15,'','2011-04-27 11:15:48','2011-04-27 11:15:48'),(923,157,2,15,'<strike>Celebraci&oacute;n c</strike><strong>Horario: 12 a 20 hs.</strong>','2011-04-27 11:20:21','2011-04-27 11:20:21'),(924,158,1,15,'<strong>Untitled</strong>','2011-04-27 11:21:33','2011-04-27 11:21:33'),(925,159,1,15,'<strong></strong>','2011-04-27 11:21:33','2011-04-27 11:21:33'),(926,158,2,15,'<strike>Untitled</strike><strong>untitled</strong>','2011-04-27 11:21:34','2011-04-27 11:21:34'),(927,159,2,15,'','2011-04-27 11:21:35','2011-04-27 11:21:35'),(928,158,3,15,'<strike>Untitled</strike><strong>Ceremonia Mensual de</strong>','2011-04-27 11:22:54','2011-04-27 11:22:54'),(929,159,3,15,'','2011-04-27 11:22:55','2011-04-27 11:22:55'),(930,160,1,15,'<strong></strong>','2011-04-27 11:23:29','2011-04-27 11:23:29'),(931,160,2,15,'<strong>&nbsp;Ceremonia en l</strong>','2011-04-27 11:23:58','2011-04-27 11:23:58'),(932,158,4,15,'<strike>Untitled</strike><strong>Ceremonia Mensual de</strong>','2011-04-27 11:24:04','2011-04-27 11:24:04'),(933,159,4,15,'','2011-04-27 11:24:05','2011-04-27 11:24:05'),(934,158,5,15,'<strike>Untitled</strike><strong>Ceremonia Mensual de</strong>','2011-04-27 11:24:25','2011-04-27 11:24:25'),(935,159,5,15,'<strong>proximas actividades</strong>','2011-04-27 11:24:26','2011-04-27 11:24:26'),(936,158,6,15,'<strike>Untitled</strike><strong>Ceremonia Mensual de</strong>','2011-04-27 11:24:28','2011-04-27 11:24:28'),(937,159,6,15,'','2011-04-27 11:24:29','2011-04-27 11:24:29'),(938,158,7,15,'<strike>Untitled</strike><strong>Ceremonia Mensual de</strong>','2011-04-27 11:26:07','2011-04-27 11:26:07'),(939,159,7,15,'<strike>proximas actividades</strike>','2011-04-27 11:26:07','2011-04-27 11:26:07'),(940,3,50,15,'','2011-04-27 17:19:40','2011-04-27 17:19:40'),(941,124,20,15,'<strong></strong>','2011-04-27 17:32:28','2011-04-27 17:32:28'),(942,124,21,15,'<strike></strike>','2011-04-27 17:33:03','2011-04-27 17:33:03'),(943,124,22,15,'','2011-04-27 23:08:24','2011-04-27 23:08:24'),(944,124,23,15,'','2011-04-27 23:08:51','2011-04-27 23:08:51'),(945,124,24,15,'','2011-04-27 23:09:08','2011-04-27 23:09:08'),(946,124,25,15,'','2011-04-27 23:10:13','2011-04-27 23:10:13'),(947,124,26,15,'<strong></strong>','2011-04-27 23:10:53','2011-04-27 23:10:53'),(948,124,27,15,'<strong>\n\n      S&aacute;bad</strong>','2011-04-27 23:12:31','2011-04-27 23:12:31'),(949,124,28,15,'<strike> Agradecimiento</strike><strong>Agradecimientos</strong>','2011-04-27 23:13:12','2011-04-27 23:13:12'),(950,124,29,15,'[Reordered slots]','2011-04-27 23:13:17','2011-04-27 23:13:17'),(951,124,30,15,'[Reordered slots]','2011-04-27 23:13:33','2011-04-27 23:13:33'),(952,124,31,15,'[Reordered slots]','2011-04-27 23:13:41','2011-04-27 23:13:41'),(953,124,32,15,'[Reordered slots]','2011-04-27 23:13:56','2011-04-27 23:13:56'),(954,124,33,15,'[Reordered slots]','2011-04-27 23:14:07','2011-04-27 23:14:07'),(955,3,51,15,'','2011-04-27 23:16:53','2011-04-27 23:16:53'),(956,25,16,15,'<strong></strong>','2011-05-05 21:46:44','2011-05-05 21:46:44'),(957,25,17,15,'','2011-05-05 21:47:54','2011-05-05 21:47:54'),(958,25,18,15,'<strong>\n\n      &nbsp;Histor</strong>','2011-05-05 21:49:24','2011-05-05 21:49:24'),(959,25,19,15,'<strike>&nbsp;Historia del p</strike><strong>Historia del parque </strong>','2011-05-05 21:49:38','2011-05-05 21:49:38'),(960,25,20,15,'<strike> La Reja 2005 - 2011</strike><strong>La Reja 2005 - 2011</strong>','2011-05-05 21:52:08','2011-05-05 21:52:08'),(961,25,21,15,'<strike>parqueLa Reja 2005 -</strike><strong>Parque &nbsp;La Reja</strong>','2011-05-05 21:52:32','2011-05-05 21:52:32'),(962,25,22,15,'<strike>La Reja 2005 - 2011</strike><strong> &nbsp;La Reja 2005 </strong>','2011-05-05 21:52:44','2011-05-05 21:52:44'),(963,25,23,15,'<strike>La Reja 2005 - 2011</strike><strong> &nbsp; &nbsp; &nbsp</strong>','2011-05-05 21:53:15','2011-05-05 21:53:15'),(964,25,24,15,'<strike> La Reja 2005 - 2011</strike><strong>La Reja 2005 - 2011</strong>','2011-05-05 21:54:08','2011-05-05 21:54:08'),(965,25,25,15,'<strike> &nbsp; &nbsp; &nbsp</strike><strong>La Reja 2005 - 2011</strong>','2011-05-05 21:54:34','2011-05-05 21:54:34'),(966,25,26,15,'<strike>Parque &nbsp;La Reja</strike><strong>&nbsp;2005 - 2011</strong>','2011-05-05 21:55:20','2011-05-05 21:55:20'),(967,25,27,15,'<strike>&nbsp;2005 - 2011</strike><strong>Parque 2005 - 2011</strong>','2011-05-05 21:55:39','2011-05-05 21:55:39'),(968,25,28,15,'<strike>del Parque 2005 - 20</strike><strong>Parques de Estudio y</strong>','2011-05-05 21:56:35','2011-05-05 21:56:35'),(969,25,29,15,'<strike>La Reja 2005 -</strike><strong>&nbsp; &nbsp; La</strong>','2011-05-05 21:56:57','2011-05-05 21:56:57'),(970,25,30,15,'<strike> La</strike><strong>&nbsp; &nbsp; La Rej</strong>','2011-05-05 21:57:15','2011-05-05 21:57:15'),(971,25,31,15,'[Reordered slots]','2011-05-05 21:57:27','2011-05-05 21:57:27'),(972,25,32,15,'<strike></strike>','2011-05-05 21:57:45','2011-05-05 21:57:45'),(973,25,33,15,'<strike>\n\n\n\n      \n&nbsp;Im&</strike>','2011-05-05 21:57:51','2011-05-05 21:57:51'),(974,3,52,15,'<strike></strike>','2011-05-17 12:34:14','2011-05-17 12:34:14'),(975,124,34,15,'<strike>7/5 Celebraci&oacute</strike><strong>21, Dom 22 y Miercol</strong>','2011-05-17 12:36:58','2011-05-17 12:36:58'),(976,124,35,15,'<strike>Costrucci&oacute;n d</strike><strong>&nbsp;Costrucci&oacu</strong>','2011-05-17 12:37:37','2011-05-17 12:37:37'),(977,124,36,15,'<strike>Mayo.&nbsp;Costrucci</strike><strong> Mayo.</strong>','2011-05-17 12:38:19','2011-05-17 12:38:19'),(978,124,37,15,'','2011-05-17 12:44:11','2011-05-17 12:44:11'),(979,3,53,15,'<strong></strong>','2011-05-17 12:48:55','2011-05-17 12:48:55'),(980,3,54,15,'','2011-05-17 12:49:27','2011-05-17 12:49:27'),(981,3,55,15,'','2011-05-17 12:50:10','2011-05-17 12:50:10'),(982,3,56,15,'<strong></strong>','2011-05-17 12:52:55','2011-05-17 12:52:55'),(983,3,57,15,'<strike></strike>','2011-05-17 12:53:14','2011-05-17 12:53:14'),(984,124,38,15,'','2011-05-17 12:54:56','2011-05-17 12:54:56'),(985,161,1,15,'','2011-05-17 12:56:30','2011-05-17 12:56:30'),(986,162,1,1,'<strong>Untitled</strong>','2011-05-17 13:07:44','2011-05-17 13:07:44'),(987,163,1,1,'<strong></strong>','2011-05-17 13:07:45','2011-05-17 13:07:45'),(988,162,2,1,'<strike>Untitled</strike><strong>untitled</strong>','2011-05-17 13:07:45','2011-05-17 13:07:45'),(989,163,2,1,'','2011-05-17 13:07:46','2011-05-17 13:07:46'),(990,164,1,15,'<strong>Untitled</strong>','2011-05-17 13:07:47','2011-05-17 13:07:47'),(991,165,1,15,'<strong></strong>','2011-05-17 13:07:48','2011-05-17 13:07:48'),(992,164,2,15,'<strike>Untitled</strike><strong>untitled</strong>','2011-05-17 13:07:49','2011-05-17 13:07:49'),(993,165,2,15,'','2011-05-17 13:07:50','2011-05-17 13:07:50'),(994,164,3,15,'<strike>Untitled</strike><strong>Construcci&oacute;n </strong>','2011-05-17 13:08:24','2011-05-17 13:08:24'),(995,165,3,15,'','2011-05-17 13:08:25','2011-05-17 13:08:25'),(996,166,1,15,'<strong>\n\n      \n&nbsp;Se ne</strong>','2011-05-17 13:09:28','2011-05-17 13:09:28'),(997,164,4,15,'<strike>Untitled</strike><strong>Construcci&oacute;n </strong>','2011-05-17 13:10:00','2011-05-17 13:10:00'),(998,165,4,15,'','2011-05-17 13:10:00','2011-05-17 13:10:00'),(999,164,5,15,'<strike>Untitled</strike><strong>Construcci&oacute;n </strong>','2011-05-17 13:10:15','2011-05-17 13:10:15'),(1000,165,5,15,'','2011-05-17 13:10:16','2011-05-17 13:10:16'),(1001,164,6,15,'<strike>Untitled</strike><strong>Construcci&oacute;n </strong>','2011-05-17 13:10:19','2011-05-17 13:10:19'),(1002,165,6,15,'<strong>proximas actividades</strong>','2011-05-17 13:10:19','2011-05-17 13:10:19'),(1003,164,7,15,'<strike>Untitled</strike><strong>Construcci&oacute;n </strong>','2011-05-17 13:10:21','2011-05-17 13:10:21'),(1004,165,7,15,'','2011-05-17 13:10:22','2011-05-17 13:10:22'),(1005,164,8,15,'<strike>Untitled</strike><strong>Construcci&oacute;n </strong>','2011-05-17 13:10:30','2011-05-17 13:10:30'),(1006,165,8,15,'','2011-05-17 13:10:30','2011-05-17 13:10:30'),(1007,164,9,15,'<strike>Untitled</strike><strong>Construcci&oacute;n </strong>','2011-05-17 13:10:52','2011-05-17 13:10:52'),(1008,165,9,15,'','2011-05-17 13:10:53','2011-05-17 13:10:53'),(1009,164,10,15,'<strike>Untitled</strike><strong>Construccion del dep</strong>','2011-05-17 13:12:11','2011-05-17 13:12:11'),(1010,165,10,15,'','2011-05-17 13:12:12','2011-05-17 13:12:12'),(1011,164,11,15,'<strike>Untitled</strike><strong>Construccion del dep</strong>','2011-05-17 13:12:14','2011-05-17 13:12:14'),(1012,165,11,15,'','2011-05-17 13:12:15','2011-05-17 13:12:15'),(1013,164,12,15,'<strike>Untitled</strike><strong>Construccion del dep</strong>','2011-05-17 13:12:22','2011-05-17 13:12:22'),(1014,165,12,15,'','2011-05-17 13:12:23','2011-05-17 13:12:23'),(1015,164,13,1,'<strike>Untitled</strike><strong>Construccion del dep</strong>','2011-05-17 13:15:00','2011-05-17 13:15:00'),(1016,165,13,1,'','2011-05-17 13:15:01','2011-05-17 13:15:01'),(1017,164,14,1,'<strike>Untitled</strike><strong>Construccion del dep</strong>','2011-05-17 13:15:08','2011-05-17 13:15:08'),(1018,165,14,1,'','2011-05-17 13:15:08','2011-05-17 13:15:08'),(1019,164,15,1,'<strike>Untitled</strike><strong>Construccion del dep</strong>','2011-05-17 13:15:12','2011-05-17 13:15:12'),(1020,165,15,1,'','2011-05-17 13:15:13','2011-05-17 13:15:13'),(1021,124,39,15,'<strong></strong>','2011-05-17 13:18:24','2011-05-17 13:18:24'),(1022,124,40,1,'','2011-05-17 13:18:25','2011-05-17 13:18:25'),(1023,124,41,15,'','2011-05-17 13:18:57','2011-05-17 13:18:57'),(1024,124,42,1,'','2011-05-17 13:19:11','2011-05-17 13:19:11'),(1025,124,43,15,'<strike></strike>','2011-05-17 13:19:20','2011-05-17 13:19:20'),(1026,124,44,15,'<strike>\n\n      S&aacute;bad</strike>','2011-05-17 13:19:22','2011-05-17 13:19:22'),(1027,167,1,15,'<strong>Untitled</strong>','2011-05-17 13:20:17','2011-05-17 13:20:17'),(1028,168,1,15,'<strong></strong>','2011-05-17 13:20:18','2011-05-17 13:20:18'),(1029,167,2,15,'<strike>Untitled</strike><strong>untitled</strong>','2011-05-17 13:20:19','2011-05-17 13:20:19'),(1030,168,2,15,'','2011-05-17 13:20:20','2011-05-17 13:20:20'),(1031,167,3,15,'<strike>Untitled</strike><strong>Costruccion del depo</strong>','2011-05-17 13:20:51','2011-05-17 13:20:51'),(1032,168,3,15,'','2011-05-17 13:20:51','2011-05-17 13:20:51'),(1033,167,4,15,'<strike>Untitled</strike><strong>Costruccion del depo</strong>','2011-05-17 13:21:37','2011-05-17 13:21:37'),(1034,168,4,15,'<strong>proximas actividades</strong>','2011-05-17 13:21:38','2011-05-17 13:21:38'),(1035,167,5,15,'<strike>Untitled</strike><strong>Costruccion del depo</strong>','2011-05-17 13:21:40','2011-05-17 13:21:40'),(1036,168,5,15,'','2011-05-17 13:21:41','2011-05-17 13:21:41'),(1037,167,6,15,'<strike>Untitled</strike><strong>Costruccion del depo</strong>','2011-05-17 13:21:43','2011-05-17 13:21:43'),(1038,168,6,15,'','2011-05-17 13:21:44','2011-05-17 13:21:44'),(1039,169,1,15,'<strong>Untitled</strong>','2011-05-17 13:22:05','2011-05-17 13:22:05'),(1040,170,1,15,'<strong></strong>','2011-05-17 13:22:06','2011-05-17 13:22:06'),(1041,169,2,15,'<strike>Untitled</strike><strong>untitled</strong>','2011-05-17 13:22:06','2011-05-17 13:22:06'),(1042,170,2,15,'','2011-05-17 13:22:07','2011-05-17 13:22:07'),(1043,169,3,15,'<strike>Untitled</strike><strong>Costruccion del depo</strong>','2011-05-17 13:22:23','2011-05-17 13:22:23'),(1044,170,3,15,'','2011-05-17 13:22:24','2011-05-17 13:22:24'),(1045,169,4,15,'<strike>Untitled</strike><strong>Costruccion del depo</strong>','2011-05-17 13:22:31','2011-05-17 13:22:31'),(1046,170,4,15,'<strong>proximas actividades</strong>','2011-05-17 13:22:32','2011-05-17 13:22:32'),(1047,169,5,15,'<strike>Untitled</strike><strong>Costruccion del depo</strong>','2011-05-17 13:22:34','2011-05-17 13:22:34'),(1048,170,5,15,'','2011-05-17 13:22:34','2011-05-17 13:22:34'),(1049,169,6,15,'<strike>Untitled</strike><strong>Costruccion del depo</strong>','2011-05-17 13:22:37','2011-05-17 13:22:37'),(1050,170,6,15,'','2011-05-17 13:22:38','2011-05-17 13:22:38'),(1051,124,45,15,'[Reordered slots]','2011-05-17 13:23:28','2011-05-17 13:23:28'),(1052,124,46,15,'[Reordered slots]','2011-05-17 13:23:36','2011-05-17 13:23:36'),(1053,124,47,15,'[Reordered slots]','2011-05-17 13:23:46','2011-05-17 13:23:46'),(1054,171,1,15,'<strong>Untitled</strong>','2011-05-19 10:12:28','2011-05-19 10:12:28'),(1055,172,1,15,'<strong></strong>','2011-05-19 10:12:31','2011-05-19 10:12:31'),(1056,171,2,15,'<strike>Untitled</strike><strong>untitled</strong>','2011-05-19 10:12:32','2011-05-19 10:12:32'),(1057,172,2,15,'','2011-05-19 10:12:34','2011-05-19 10:12:34'),(1058,171,3,15,'<strike>Untitled</strike><strong>Charla sobre Silo y </strong>','2011-05-19 10:13:12','2011-05-19 10:13:12'),(1059,172,3,15,'','2011-05-19 10:13:12','2011-05-19 10:13:12'),(1060,171,4,15,'<strike>Untitled</strike><strong>Charla sobre Silo y </strong>','2011-05-19 10:13:36','2011-05-19 10:13:36'),(1061,172,4,15,'<strong>proximas actividades</strong>','2011-05-19 10:13:37','2011-05-19 10:13:37'),(1062,171,5,15,'<strike>Untitled</strike><strong>Charla sobre Silo y </strong>','2011-05-19 10:13:39','2011-05-19 10:13:39'),(1063,172,5,15,'','2011-05-19 10:13:40','2011-05-19 10:13:40'),(1064,173,1,15,'<strong>\n\n      \n&nbsp;Sal&o</strong>','2011-05-19 10:15:03','2011-05-19 10:15:03'),(1065,171,6,15,'<strike>Untitled</strike><strong>Charla sobre Silo y </strong>','2011-05-19 10:15:09','2011-05-19 10:15:09'),(1066,172,6,15,'','2011-05-19 10:15:09','2011-05-19 10:15:09'),(1067,171,7,15,'<strike>Untitled</strike><strong>Charla sobre Silo y </strong>','2011-05-19 10:15:12','2011-05-19 10:15:12'),(1068,172,7,15,'','2011-05-19 10:15:13','2011-05-19 10:15:13'),(1069,124,48,15,'<strike>S&aacute;bado 30/4 C</strike><strong>S&aacute;bado 28/5 C</strong>','2011-05-22 23:08:16','2011-05-22 23:08:16'),(1070,124,49,15,'','2011-05-22 23:08:21','2011-05-22 23:08:21'),(1071,124,50,15,'<strike>Ceremonia Mensual de</strike><strong>&nbsp;- 17 hs Ceremo</strong>','2011-05-22 23:10:45','2011-05-22 23:10:45'),(1072,124,51,15,'','2011-05-22 23:11:18','2011-05-22 23:11:18'),(1073,124,52,15,'','2011-05-22 23:12:04','2011-05-22 23:12:04'),(1074,124,53,15,'','2011-05-22 23:12:16','2011-05-22 23:12:16'),(1075,124,54,15,'','2011-05-22 23:12:46','2011-05-22 23:12:46'),(1076,124,55,15,'','2011-05-22 23:13:02','2011-05-22 23:13:02'),(1077,124,56,15,'<strike> de Pedidos y</strike><strong>de</strong>','2011-05-22 23:13:42','2011-05-22 23:13:42'),(1078,124,57,15,'<strike>de</strike><strong> &nbsp; &nbsp;</strong>','2011-05-22 23:14:06','2011-05-22 23:14:06'),(1079,124,58,15,'<strike>&nbsp;de Pedidos&nbs</strike><strong>de Pedidos&nbsp;</strong>','2011-05-22 23:14:18','2011-05-22 23:14:18'),(1080,124,59,15,'<strike> &nbsp; &nbsp;</strike><strong>&nbsp;de</strong>','2011-05-22 23:14:51','2011-05-22 23:14:51'),(1081,3,58,15,'','2011-05-22 23:18:34','2011-05-22 23:18:34'),(1082,3,59,15,'','2011-05-22 23:21:05','2011-05-22 23:21:05'),(1083,174,1,15,'<strong>Untitled</strong>','2011-05-22 23:22:34','2011-05-22 23:22:34'),(1084,175,1,15,'<strong></strong>','2011-05-22 23:22:34','2011-05-22 23:22:34'),(1085,174,2,15,'<strike>Untitled</strike><strong>untitled</strong>','2011-05-22 23:22:35','2011-05-22 23:22:35'),(1086,175,2,15,'','2011-05-22 23:22:35','2011-05-22 23:22:35'),(1087,174,3,15,'<strike>Untitled</strike><strong>Taller de Ceramica -</strong>','2011-05-22 23:23:08','2011-05-22 23:23:08'),(1088,175,3,15,'','2011-05-22 23:23:08','2011-05-22 23:23:08'),(1089,174,4,15,'<strike>Untitled</strike><strong>Taller de Ceramica -</strong>','2011-05-22 23:23:24','2011-05-22 23:23:24'),(1090,175,4,15,'<strong>proximas actividades</strong>','2011-05-22 23:23:24','2011-05-22 23:23:24'),(1091,174,5,15,'<strike>Untitled</strike><strong>Taller de Ceramica -</strong>','2011-05-22 23:23:26','2011-05-22 23:23:26'),(1092,175,5,15,'','2011-05-22 23:23:27','2011-05-22 23:23:27'),(1093,174,6,15,'<strike>Untitled</strike><strong>Taller de Ceramica -</strong>','2011-05-22 23:23:29','2011-05-22 23:23:29'),(1094,175,6,15,'','2011-05-22 23:23:30','2011-05-22 23:23:30'),(1095,174,7,15,'<strike>Untitled</strike><strong>Taller de Ceramica -</strong>','2011-05-22 23:23:34','2011-05-22 23:23:34'),(1096,175,7,15,'','2011-05-22 23:23:35','2011-05-22 23:23:35'),(1101,174,8,15,'<strike>Untitled</strike><strong>Taller de Ceramica -</strong>','2011-05-22 23:28:50','2011-05-22 23:28:50'),(1102,175,8,15,'','2011-05-22 23:28:51','2011-05-22 23:28:51'),(1103,178,1,15,'<strong>Untitled</strong>','2011-05-22 23:29:51','2011-05-22 23:29:51'),(1104,179,1,15,'<strong></strong>','2011-05-22 23:29:51','2011-05-22 23:29:51'),(1105,178,2,15,'<strike>Untitled</strike><strong>untitled</strong>','2011-05-22 23:29:52','2011-05-22 23:29:52'),(1106,179,2,15,'','2011-05-22 23:29:52','2011-05-22 23:29:52'),(1107,178,3,15,'<strike>Untitled</strike><strong>Ceremonia de Pedidos</strong>','2011-05-22 23:30:15','2011-05-22 23:30:15'),(1108,179,3,15,'','2011-05-22 23:30:16','2011-05-22 23:30:16'),(1109,178,4,15,'<strike>Untitled</strike><strong>Ceremonia de Pedidos</strong>','2011-05-22 23:30:37','2011-05-22 23:30:37'),(1110,179,4,15,'','2011-05-22 23:30:37','2011-05-22 23:30:37'),(1111,178,5,15,'<strike>Untitled</strike><strong>Ceremonia de Pedidos</strong>','2011-05-22 23:30:43','2011-05-22 23:30:43'),(1112,179,5,15,'<strong>proximas actividades</strong>','2011-05-22 23:30:43','2011-05-22 23:30:43'),(1113,178,6,15,'<strike>Untitled</strike><strong>Ceremonia de Pedidos</strong>','2011-05-22 23:30:45','2011-05-22 23:30:45'),(1114,179,6,15,'','2011-05-22 23:30:46','2011-05-22 23:30:46'),(1115,178,7,15,'<strike>Untitled</strike><strong>Ceremonia de Pedidos</strong>','2011-05-22 23:30:48','2011-05-22 23:30:48'),(1116,179,7,15,'','2011-05-22 23:30:49','2011-05-22 23:30:49'),(1117,124,60,15,'<strike>&nbsp;</strike><strong> y Agradecimientos</strong>','2011-05-22 23:31:41','2011-05-22 23:31:41'),(1118,124,61,15,'<strike> y Agradecimientos</strike><strong>&nbsp;</strong>','2011-05-22 23:31:53','2011-05-22 23:31:53'),(1119,124,62,15,'<strike></strike>','2011-06-01 22:53:22','2011-06-01 22:53:22'),(1120,180,1,15,'<strong>Untitled</strong>','2011-06-01 22:54:19','2011-06-01 22:54:19'),(1121,181,1,15,'<strong></strong>','2011-06-01 22:54:20','2011-06-01 22:54:20'),(1122,180,2,15,'<strike>Untitled</strike><strong>untitled</strong>','2011-06-01 22:54:21','2011-06-01 22:54:21'),(1123,181,2,15,'','2011-06-01 22:54:22','2011-06-01 22:54:22'),(1124,180,3,15,'<strike>Untitled</strike><strong>Taller Acerca del Es</strong>','2011-06-01 22:54:39','2011-06-01 22:54:39'),(1125,181,3,15,'','2011-06-01 22:54:40','2011-06-01 22:54:40'),(1126,180,4,15,'<strike>Untitled</strike><strong>Taller Acerca del Es</strong>','2011-06-01 22:54:55','2011-06-01 22:54:55'),(1127,181,4,15,'','2011-06-01 22:54:56','2011-06-01 22:54:56'),(1128,180,5,15,'<strike>Untitled</strike><strong>Taller Acerca del Es</strong>','2011-06-01 22:54:58','2011-06-01 22:54:58'),(1129,181,5,15,'','2011-06-01 22:54:58','2011-06-01 22:54:58'),(1130,180,6,15,'<strike>Untitled</strike><strong>Taller Acerca del Es</strong>','2011-06-01 22:55:01','2011-06-01 22:55:01'),(1131,181,6,15,'','2011-06-01 22:55:01','2011-06-01 22:55:01'),(1132,180,7,15,'<strike>Untitled</strike><strong>Taller Acerca del Es</strong>','2011-06-01 22:55:08','2011-06-01 22:55:08'),(1133,181,7,15,'','2011-06-01 22:55:09','2011-06-01 22:55:09'),(1134,180,8,15,'<strike>Untitled</strike><strong>Taller Acerca del Es</strong>','2011-06-01 22:55:22','2011-06-01 22:55:22'),(1135,181,8,15,'','2011-06-01 22:55:25','2011-06-01 22:55:25'),(1136,180,9,15,'<strike>Untitled</strike><strong>Taller Acerca del Es</strong>','2011-06-01 22:55:26','2011-06-01 22:55:26'),(1137,181,9,15,'','2011-06-01 22:55:26','2011-06-01 22:55:26'),(1138,180,10,15,'<strike>Untitled</strike><strong>Taller Acerca del Es</strong>','2011-06-01 22:55:33','2011-06-01 22:55:33'),(1139,181,10,15,'','2011-06-01 22:55:34','2011-06-01 22:55:34'),(1140,180,11,15,'<strike>Untitled</strike><strong>Taller Acerca del Es</strong>','2011-06-01 22:55:57','2011-06-01 22:55:57'),(1141,181,11,15,'<strong>proximas actividades</strong>','2011-06-01 22:55:57','2011-06-01 22:55:57'),(1142,180,12,15,'<strike>Untitled</strike><strong>Taller Acerca del Es</strong>','2011-06-01 22:56:00','2011-06-01 22:56:00'),(1143,181,12,15,'','2011-06-01 22:56:01','2011-06-01 22:56:01'),(1144,180,13,15,'<strike>Untitled</strike><strong>Taller Acerca del Es</strong>','2011-06-01 22:56:03','2011-06-01 22:56:03'),(1145,181,13,15,'','2011-06-01 22:56:03','2011-06-01 22:56:03'),(1146,182,1,15,'<strong>\n\n      \nSalon Multi</strong>','2011-06-01 22:57:37','2011-06-01 22:57:37'),(1147,180,14,15,'<strike>Untitled</strike><strong>Taller Acerca del Es</strong>','2011-06-01 23:00:37','2011-06-01 23:00:37'),(1148,181,14,15,'','2011-06-01 23:00:38','2011-06-01 23:00:38'),(1149,180,15,15,'<strike>Untitled</strike><strong>Taller Acerca del Es</strong>','2011-06-01 23:04:01','2011-06-01 23:04:01'),(1150,181,15,15,'','2011-06-01 23:04:02','2011-06-01 23:04:02'),(1151,180,16,15,'<strike>Untitled</strike><strong>Taller Acerca del Es</strong>','2011-06-01 23:04:53','2011-06-01 23:04:53'),(1152,181,16,15,'','2011-06-01 23:04:54','2011-06-01 23:04:54'),(1153,180,17,15,'<strike>Untitled</strike><strong>Taller Acerca del Es</strong>','2011-06-01 23:05:18','2011-06-01 23:05:18'),(1154,181,17,15,'','2011-06-01 23:05:19','2011-06-01 23:05:19'),(1155,180,18,15,'<strike>Untitled</strike><strong>Taller Acerca del Es</strong>','2011-06-01 23:05:21','2011-06-01 23:05:21'),(1156,181,18,15,'','2011-06-01 23:05:23','2011-06-01 23:05:23'),(1157,180,19,15,'<strike>Untitled</strike><strong>Taller Acerca del Es</strong>','2011-06-01 23:05:25','2011-06-01 23:05:25'),(1158,181,19,15,'','2011-06-01 23:05:26','2011-06-01 23:05:26'),(1159,180,20,15,'<strike>Untitled</strike><strong>Taller Acerca del Es</strong>','2011-06-01 23:05:29','2011-06-01 23:05:29'),(1160,181,20,15,'','2011-06-01 23:05:30','2011-06-01 23:05:30'),(1161,180,21,15,'<strike>Untitled</strike><strong>Taller Acerca del Es</strong>','2011-06-01 23:05:33','2011-06-01 23:05:33'),(1162,181,21,15,'','2011-06-01 23:05:35','2011-06-01 23:05:35'),(1163,180,22,15,'<strike>Untitled</strike><strong>Taller Acerca del Es</strong>','2011-06-01 23:05:37','2011-06-01 23:05:37'),(1164,181,22,15,'','2011-06-01 23:05:39','2011-06-01 23:05:39'),(1165,124,63,15,'<strike>S&aacute;bado 28/5 &</strike><strong>S&aacute;bado 25/6 &</strong>','2011-06-03 12:23:02','2011-06-03 12:23:02'),(1166,124,64,15,'','2011-06-03 12:23:08','2011-06-03 12:23:08'),(1167,183,1,15,'<strong>Untitled</strong>','2011-06-03 12:23:37','2011-06-03 12:23:37'),(1168,184,1,15,'<strong></strong>','2011-06-03 12:23:37','2011-06-03 12:23:37'),(1169,183,2,15,'<strike>Untitled</strike><strong>untitled</strong>','2011-06-03 12:23:38','2011-06-03 12:23:38'),(1170,184,2,15,'','2011-06-03 12:23:40','2011-06-03 12:23:40'),(1171,183,3,15,'<strike>Untitled</strike><strong>untitled</strong>','2011-06-03 12:24:03','2011-06-03 12:24:03'),(1172,184,3,15,'<strong>proximas actividades</strong>','2011-06-03 12:24:04','2011-06-03 12:24:04'),(1173,183,4,15,'<strike>Untitled</strike><strong>Ceremonia Mensual de</strong>','2011-06-03 12:24:58','2011-06-03 12:24:58'),(1174,184,4,15,'','2011-06-03 12:24:59','2011-06-03 12:24:59'),(1175,183,5,15,'<strike>Untitled</strike><strong>Ceremonia Mensual de</strong>','2011-06-03 12:25:01','2011-06-03 12:25:01'),(1176,184,5,15,'','2011-06-03 12:25:01','2011-06-03 12:25:01'),(1177,183,6,15,'<strike>Untitled</strike><strong>Ceremonia Mensual de</strong>','2011-06-03 12:25:07','2011-06-03 12:25:07'),(1178,184,6,15,'','2011-06-03 12:25:08','2011-06-03 12:25:08'),(1179,124,65,15,'<strong></strong>','2011-06-06 01:04:30','2011-06-06 01:04:30'),(1180,124,66,15,'<strong>\n\n      \nS&aacute;ba</strong>','2011-06-06 01:06:29','2011-06-06 01:06:29'),(1181,124,67,15,'<strike>S&aacute;bado 11/6, </strike><strong>S&aacute;bado 11/6, </strong>','2011-06-06 01:07:02','2011-06-06 01:07:02'),(1182,124,68,15,'','2011-06-06 01:07:24','2011-06-06 01:07:24'),(1183,124,69,15,'','2011-06-06 01:07:25','2011-06-06 01:07:25'),(1184,124,70,15,'','2011-06-06 01:07:40','2011-06-06 01:07:40'),(1185,124,71,15,'','2011-06-06 01:08:07','2011-06-06 01:08:07'),(1186,124,72,15,'','2011-06-06 01:08:27','2011-06-06 01:08:27'),(1187,124,73,15,'','2011-06-06 01:08:44','2011-06-06 01:08:44'),(1188,124,74,15,'[Reordered slots]','2011-06-06 01:08:55','2011-06-06 01:08:55'),(1189,185,1,15,'<strong>Untitled</strong>','2011-06-06 01:09:54','2011-06-06 01:09:54'),(1190,186,1,15,'<strong></strong>','2011-06-06 01:09:55','2011-06-06 01:09:55'),(1191,185,2,15,'<strike>Untitled</strike><strong>untitled</strong>','2011-06-06 01:09:56','2011-06-06 01:09:56'),(1192,186,2,15,'','2011-06-06 01:09:57','2011-06-06 01:09:57'),(1193,185,3,15,'<strike>Untitled</strike><strong>Contrapiso Galpon</strong>','2011-06-06 01:10:19','2011-06-06 01:10:19'),(1194,186,3,15,'','2011-06-06 01:10:20','2011-06-06 01:10:20'),(1195,185,4,15,'<strike>Untitled</strike><strong>Contrapiso Galpon</strong>','2011-06-06 01:10:41','2011-06-06 01:10:41'),(1196,186,4,15,'<strong>proximas actividades</strong>','2011-06-06 01:10:42','2011-06-06 01:10:42'),(1197,185,5,15,'<strike>Untitled</strike><strong>Contrapiso Galpon</strong>','2011-06-06 01:10:44','2011-06-06 01:10:44'),(1198,186,5,15,'','2011-06-06 01:10:45','2011-06-06 01:10:45'),(1199,185,6,15,'<strike>Untitled</strike><strong>Contrapiso Galpon</strong>','2011-06-06 01:10:49','2011-06-06 01:10:49'),(1200,186,6,15,'','2011-06-06 01:10:50','2011-06-06 01:10:50'),(1201,185,7,15,'<strike>Untitled</strike><strong>Contrapiso Galpon - </strong>','2011-06-06 01:11:32','2011-06-06 01:11:32'),(1202,186,7,15,'','2011-06-06 01:11:32','2011-06-06 01:11:32'),(1203,185,8,15,'<strike>Untitled</strike><strong>Contrapiso Galpon - </strong>','2011-06-06 01:11:37','2011-06-06 01:11:37'),(1204,186,8,15,'','2011-06-06 01:11:38','2011-06-06 01:11:38'),(1205,124,75,15,'[Reordered slots]','2011-06-06 01:12:30','2011-06-06 01:12:30'),(1206,124,76,15,'[Reordered slots]','2011-06-06 01:12:35','2011-06-06 01:12:35'),(1207,124,77,15,'[Reordered slots]','2011-06-06 01:12:45','2011-06-06 01:12:45'),(1208,124,78,15,'[Reordered slots]','2011-06-06 01:12:53','2011-06-06 01:12:53'),(1209,124,79,15,'[Reordered slots]','2011-06-06 01:13:01','2011-06-06 01:13:01'),(1210,124,80,15,'[Reordered slots]','2011-06-06 01:13:09','2011-06-06 01:13:09'),(1211,124,81,15,'[Reordered slots]','2011-06-06 01:13:14','2011-06-06 01:13:14'),(1212,124,82,15,'[Reordered slots]','2011-06-06 01:13:20','2011-06-06 01:13:20'),(1213,124,83,15,'[Reordered slots]','2011-06-06 01:13:33','2011-06-06 01:13:33'),(1214,124,84,15,'[Reordered slots]','2011-06-06 01:13:39','2011-06-06 01:13:39'),(1215,124,85,15,'<strike>\n\n      S&aacute;bad</strike>','2011-06-06 01:15:22','2011-06-06 01:15:22'),(1216,124,86,15,'<strike></strike>','2011-06-06 01:15:26','2011-06-06 01:15:26'),(1217,25,34,15,'<strong></strong>','2011-06-06 01:15:53','2011-06-06 01:15:53'),(1218,25,35,15,'<strong>\n\n      S&aacute;bad</strong>','2011-06-06 01:16:35','2011-06-06 01:16:35'),(1219,25,36,15,'[Reordered slots]','2011-06-06 01:16:42','2011-06-06 01:16:42'),(1220,25,37,15,'[Reordered slots]','2011-06-06 01:16:52','2011-06-06 01:16:52'),(1221,25,38,15,'[Reordered slots]','2011-06-06 01:16:59','2011-06-06 01:16:59'),(1222,25,39,15,'[Reordered slots]','2011-06-06 01:17:06','2011-06-06 01:17:06'),(1223,25,40,15,'[Reordered slots]','2011-06-06 01:17:17','2011-06-06 01:17:17'),(1224,25,41,15,'[Reordered slots]','2011-06-06 01:17:24','2011-06-06 01:17:24'),(1225,25,42,15,'[Reordered slots]','2011-06-06 01:17:33','2011-06-06 01:17:33'),(1226,25,43,15,'[Reordered slots]','2011-06-06 01:17:40','2011-06-06 01:17:40'),(1227,25,44,15,'[Reordered slots]','2011-06-06 01:17:48','2011-06-06 01:17:48'),(1228,124,87,15,'<strong></strong>','2011-06-06 01:18:21','2011-06-06 01:18:21'),(1229,124,88,15,'<strong>\n\n      \nCelebraci&o</strong>','2011-06-06 01:19:49','2011-06-06 01:19:49'),(1230,124,89,15,'<strike> - S&aacute;bado 25/</strike><strong>S&aacute;bado 25/6 -</strong>','2011-06-06 01:20:16','2011-06-06 01:20:16'),(1231,124,90,15,'<strike>S&aacute;bado 25/6 -</strike><strong> S&aacute;bado 25/6 </strong>','2011-06-06 01:20:28','2011-06-06 01:20:28'),(1232,124,91,15,'<strong>&nbsp;</strong>','2011-06-06 01:20:45','2011-06-06 01:20:45'),(1233,124,92,15,'<strike>&nbsp;</strike><strong>Celebraci&oacute;n &</strong>','2011-06-06 01:21:05','2011-06-06 01:21:05'),(1234,124,93,15,'[Reordered slots]','2011-06-06 01:21:20','2011-06-06 01:21:20'),(1235,124,94,15,'[Reordered slots]','2011-06-06 01:21:37','2011-06-06 01:21:37'),(1236,124,95,15,'[Reordered slots]','2011-06-06 01:21:47','2011-06-06 01:21:47'),(1237,124,96,15,'[Reordered slots]','2011-06-06 01:22:04','2011-06-06 01:22:04'),(1238,124,97,15,'[Reordered slots]','2011-06-06 01:22:13','2011-06-06 01:22:13'),(1239,124,98,15,'[Reordered slots]','2011-06-06 01:22:21','2011-06-06 01:22:21'),(1240,124,99,15,'[Reordered slots]','2011-06-06 01:22:28','2011-06-06 01:22:28'),(1241,25,45,15,'<strike>&nbsp;</strike><strong> y Agradecimientos</strong>','2011-06-06 01:23:01','2011-06-06 01:23:01'),(1242,25,46,15,'<strike>&nbsp;de</strike><strong> &nbsp;de</strong>','2011-06-06 01:23:24','2011-06-06 01:23:24'),(1243,25,47,15,'<strike>de</strike><strong> &nbsp;</strong>','2011-06-06 01:23:37','2011-06-06 01:23:37'),(1244,25,48,15,'<strike>de Pedidos&nbsp;</strike><strong>&nbsp; &nbsp; &nbsp;</strong>','2011-06-06 01:23:53','2011-06-06 01:23:53'),(1245,25,49,15,'<strike>&nbsp;de Pedidos&nbs</strike><strong>de Pedidos&nbsp;</strong>','2011-06-06 01:24:06','2011-06-06 01:24:06'),(1246,187,1,15,'<strong>Untitled</strong>','2011-06-06 01:25:13','2011-06-06 01:25:13'),(1247,188,1,15,'<strong></strong>','2011-06-06 01:25:14','2011-06-06 01:25:14'),(1248,187,2,15,'<strike>Untitled</strike><strong>untitled</strong>','2011-06-06 01:25:14','2011-06-06 01:25:14'),(1249,188,2,15,'','2011-06-06 01:25:15','2011-06-06 01:25:15'),(1250,187,3,15,'<strike>Untitled</strike><strong>Estacional de Invier</strong>','2011-06-06 01:25:37','2011-06-06 01:25:37'),(1251,188,3,15,'','2011-06-06 01:25:38','2011-06-06 01:25:38'),(1252,187,4,15,'<strike>Untitled</strike><strong>Estacional de Invier</strong>','2011-06-06 01:26:05','2011-06-06 01:26:05'),(1253,188,4,15,'','2011-06-06 01:26:06','2011-06-06 01:26:06'),(1254,187,5,15,'<strike>Untitled</strike><strong>Estacional de Invier</strong>','2011-06-06 01:26:08','2011-06-06 01:26:08'),(1255,188,5,15,'<strong>proximas actividades</strong>','2011-06-06 01:26:10','2011-06-06 01:26:10'),(1256,187,6,15,'<strike>Untitled</strike><strong>Estacional de Invier</strong>','2011-06-06 01:26:12','2011-06-06 01:26:12'),(1257,188,6,15,'','2011-06-06 01:26:13','2011-06-06 01:26:13'),(1258,187,7,15,'<strike>Untitled</strike><strong>Estacional de Invier</strong>','2011-06-06 01:26:17','2011-06-06 01:26:17'),(1259,188,7,15,'','2011-06-06 01:26:18','2011-06-06 01:26:18'),(1260,187,8,15,'<strike>Untitled</strike><strong>Estacional de Invier</strong>','2011-06-06 01:26:20','2011-06-06 01:26:20'),(1261,188,8,15,'','2011-06-06 01:26:22','2011-06-06 01:26:22'),(1262,183,7,15,'<strike>Untitled</strike><strong>Ceremonia Mensual de</strong>','2011-06-06 01:27:21','2011-06-06 01:27:21'),(1263,184,7,15,'','2011-06-06 01:27:22','2011-06-06 01:27:22'),(1264,183,8,15,'<strike>Untitled</strike><strong>Ceremonia Mensual de</strong>','2011-06-06 01:27:24','2011-06-06 01:27:24'),(1265,184,8,15,'','2011-06-06 01:27:25','2011-06-06 01:27:25'),(1266,189,1,15,'<strong>Untitled</strong>','2011-06-06 01:30:52','2011-06-06 01:30:52'),(1267,190,1,15,'<strong></strong>','2011-06-06 01:30:52','2011-06-06 01:30:52'),(1268,189,2,15,'<strike>Untitled</strike><strong>untitled</strong>','2011-06-06 01:30:53','2011-06-06 01:30:53'),(1269,190,2,15,'','2011-06-06 01:30:54','2011-06-06 01:30:54'),(1270,189,3,15,'<strike>Untitled</strike><strong>Estacional de Invier</strong>','2011-06-06 01:31:21','2011-06-06 01:31:21'),(1271,190,3,15,'','2011-06-06 01:31:22','2011-06-06 01:31:22'),(1272,191,1,15,'<strong>\n\n      \n&nbsp;Desde</strong>','2011-06-06 01:31:54','2011-06-06 01:31:54'),(1273,189,4,15,'<strike>Untitled</strike><strong>Estacional de Invier</strong>','2011-06-06 01:32:11','2011-06-06 01:32:11'),(1274,190,4,15,'<strong>proximas actividades</strong>','2011-06-06 01:32:12','2011-06-06 01:32:12'),(1275,189,5,15,'<strike>Untitled</strike><strong>Estacional de Invier</strong>','2011-06-06 01:32:14','2011-06-06 01:32:14'),(1276,190,5,15,'','2011-06-06 01:32:15','2011-06-06 01:32:15'),(1277,189,6,15,'<strike>Untitled</strike><strong>Estacional de Invier</strong>','2011-06-06 01:32:18','2011-06-06 01:32:18'),(1278,190,6,15,'','2011-06-06 01:32:19','2011-06-06 01:32:19'),(1279,189,7,15,'<strike>Untitled</strike><strong>Estacional de Invier</strong>','2011-06-06 01:32:24','2011-06-06 01:32:24'),(1280,190,7,15,'','2011-06-06 01:32:25','2011-06-06 01:32:25'),(1281,192,1,15,'<strong>\n\n      \n&nbsp;17 hs</strong>','2011-06-06 01:33:44','2011-06-06 01:33:44'),(1282,193,1,15,'<strong>Untitled</strong>','2011-06-06 01:36:58','2011-06-06 01:36:58'),(1283,194,1,15,'<strong></strong>','2011-06-06 01:36:58','2011-06-06 01:36:58'),(1284,193,2,15,'<strike>Untitled</strike><strong>untitled</strong>','2011-06-06 01:36:59','2011-06-06 01:36:59'),(1285,194,2,15,'','2011-06-06 01:36:59','2011-06-06 01:36:59'),(1286,193,3,15,'<strike>Untitled</strike><strong>Seminario La Direcci</strong>','2011-06-06 01:37:11','2011-06-06 01:37:11'),(1287,194,3,15,'','2011-06-06 01:37:11','2011-06-06 01:37:11'),(1288,193,4,15,'<strike>Untitled</strike><strong>Seminario La Direcci</strong>','2011-06-06 01:37:24','2011-06-06 01:37:24'),(1289,194,4,15,'<strong>proximas actividades</strong>','2011-06-06 01:37:24','2011-06-06 01:37:24'),(1290,193,5,15,'<strike>Untitled</strike><strong>Seminario La Direcci</strong>','2011-06-06 01:37:25','2011-06-06 01:37:25'),(1291,194,5,15,'','2011-06-06 01:37:25','2011-06-06 01:37:25'),(1292,195,1,15,'<strong>\n\n      \nSal&oacute;</strong>','2011-06-06 01:39:02','2011-06-06 01:39:02'),(1293,195,2,15,'','2011-06-06 01:39:04','2011-06-06 01:39:04'),(1294,193,6,15,'<strike>Untitled</strike><strong>Seminario La Direcci</strong>','2011-06-06 01:39:11','2011-06-06 01:39:11'),(1295,194,6,15,'','2011-06-06 01:39:11','2011-06-06 01:39:11'),(1296,193,7,15,'<strike>Untitled</strike><strong>Seminario La Direcci</strong>','2011-06-06 01:39:16','2011-06-06 01:39:16'),(1297,194,7,15,'','2011-06-06 01:39:16','2011-06-06 01:39:16'),(1298,193,8,15,'<strike>Untitled</strike><strong>Seminario La Direcci</strong>','2011-06-06 01:40:00','2011-06-06 01:40:00'),(1299,194,8,15,'','2011-06-06 01:40:01','2011-06-06 01:40:01'),(1300,193,9,15,'<strike>Untitled</strike><strong>Seminario La Direcci</strong>','2011-06-06 01:40:04','2011-06-06 01:40:04'),(1301,194,9,15,'','2011-06-06 01:40:05','2011-06-06 01:40:05'),(1302,124,100,15,'','2011-06-16 15:44:15','2011-06-16 15:44:15'),(1303,124,101,15,'<strike>1/6, Domingo 12/6 Co</strike><strong>8/6, Construcci&oacu</strong>','2011-06-16 15:45:10','2011-06-16 15:45:10'),(1304,65,20,15,'<strike>Jano Arrechea</strike><strong> Jano Arrechea</strong>','2011-06-25 21:33:15','2011-06-25 21:33:15'),(1305,65,21,15,'<strong>Il Transcorrere</strong>','2011-06-25 21:36:23','2011-06-25 21:36:23'),(1306,151,10,1,'<strong></strong>','2011-07-13 05:13:55','2011-07-13 05:13:55'),(1307,151,11,1,'<strike></strike>','2011-07-13 05:16:47','2011-07-13 05:16:47'),(1308,3,60,1,'','2011-07-20 00:56:37','2011-07-20 00:56:37'),(1309,3,61,1,'<strike></strike>','2011-07-20 00:58:12','2011-07-20 00:58:12'),(1310,3,62,1,'<strong></strong>','2011-07-20 00:58:50','2011-07-20 00:58:50'),(1311,196,1,1,'<strong>testing</strong>','2011-07-20 02:06:51','2011-07-20 02:06:51'),(1312,197,1,1,'<strong>test</strong>','2011-07-20 02:08:26','2011-07-20 02:08:26'),(1313,198,1,1,'<strong>\nasdfasdfasdf</strong>','2011-07-20 02:21:00','2011-07-20 02:21:00'),(1314,197,2,1,'<strong>test</strong>','2011-07-20 02:21:14','2011-07-20 02:21:14'),(1315,199,1,1,'<strong>\nestas son las indic</strong>','2011-07-20 02:41:47','2011-07-20 02:41:47'),(1316,199,2,1,'','2011-07-20 03:06:58','2011-07-20 03:06:58'),(1317,199,3,1,'','2011-07-20 03:10:19','2011-07-20 03:10:19'),(1318,199,4,1,'<strong></strong>','2011-07-20 03:14:40','2011-07-20 03:14:40'),(1319,200,1,1,'<strong>testestest</strong>','2011-08-08 23:01:53','2011-08-08 23:01:53'),(1320,200,2,1,'<strong>testestest</strong>','2011-08-08 23:02:31','2011-08-08 23:02:31'),(1321,200,3,1,'<strong>testestest</strong>','2011-08-08 23:04:25','2011-08-08 23:04:25'),(1322,3,63,1,'<strong></strong>','2011-08-09 00:19:16','2011-08-09 00:19:16'),(1323,132,5,1,'<strong></strong>','2011-08-09 00:39:42','2011-08-09 00:39:42'),(1324,130,7,1,'<strong>Pauta para elaborar </strong>','2011-08-09 00:39:58','2011-08-09 00:39:58'),(1325,201,1,1,'<strong>Uso del Parque</strong>','2011-08-09 01:16:23','2011-08-09 01:16:23'),(1326,200,4,1,'<strong>testestest celebraci</strong>','2011-08-09 02:16:09','2011-08-09 02:16:09'),(1327,200,5,1,'<strong>testestest celebraci</strong>','2011-08-09 02:39:38','2011-08-09 02:39:38'),(1328,124,102,1,'','2011-09-01 15:16:49','2011-09-01 15:16:49'),(1329,202,1,1,'<strong></strong>','2011-09-01 18:14:54','2011-09-01 18:14:54'),(1330,3,64,1,'','2011-11-18 01:53:38','2011-11-18 01:53:38'),(1331,3,65,1,'autoplay','2011-11-18 01:53:40','2011-11-18 01:53:40'),(1332,3,66,1,'<strong></strong>','2011-11-18 01:53:40','2011-11-18 01:53:40'),(1333,3,67,1,'<strong></strong>','2011-11-18 01:53:41','2011-11-18 01:53:41'),(1334,3,68,1,'autoplay','2011-11-18 01:55:06','2011-11-18 01:55:06'),(1335,3,69,1,'<strike></strike>','2011-11-18 01:55:31','2011-11-18 01:55:31'),(1336,3,70,1,'compact','2011-11-18 01:55:49','2011-11-18 01:55:49'),(1337,3,71,1,'autoplay','2011-11-18 01:56:03','2011-11-18 01:56:03'),(1338,25,50,1,'<strong> Novedades</strong>','2011-11-18 02:03:40','2011-11-18 02:03:40');
/*!40000 ALTER TABLE `a_area_version` ENABLE KEYS */;
UNLOCK TABLES;

--
-- Table structure for table `a_area_version_slot`
--

DROP TABLE IF EXISTS `a_area_version_slot`;
/*!40101 SET @saved_cs_client     = @@character_set_client */;
/*!40101 SET character_set_client = utf8 */;
CREATE TABLE `a_area_version_slot` (
  `id` bigint(20) NOT NULL AUTO_INCREMENT,
  `slot_id` bigint(20) DEFAULT NULL,
  `area_version_id` bigint(20) DEFAULT NULL,
  `permid` int(11) DEFAULT '1',
  `rank` int(11) DEFAULT '1',
  PRIMARY KEY (`id`),
  KEY `area_version_index_idx` (`area_version_id`),
  KEY `slot_id_idx` (`slot_id`),
  CONSTRAINT `a_area_version_slot_area_version_id_a_area_version_id` FOREIGN KEY (`area_version_id`) REFERENCES `a_area_version` (`id`) ON DELETE CASCADE,
  CONSTRAINT `a_area_version_slot_slot_id_a_slot_id` FOREIGN KEY (`slot_id`) REFERENCES `a_slot` (`id`) ON DELETE CASCADE
) ENGINE=InnoDB AUTO_INCREMENT=4855 DEFAULT CHARSET=utf8;
/*!40101 SET character_set_client = @saved_cs_client */;

--
-- Dumping data for table `a_area_version_slot`
--

LOCK TABLES `a_area_version_slot` WRITE;
/*!40000 ALTER TABLE `a_area_version_slot` DISABLE KEYS */;
INSERT INTO `a_area_version_slot` VALUES (1,1,1,1,1),(2,2,2,1,1),(3,3,3,1,1),(4,4,4,1,1),(9,9,9,1,1),(10,10,10,1,1),(11,11,11,1,1),(12,12,12,1,1),(18,18,18,1,1),(39,36,36,2,1),(40,3,36,1,2),(41,36,37,2,1),(42,37,38,1,1),(44,39,40,1,1),(45,40,41,3,1),(46,36,41,2,2),(47,40,42,3,1),(48,40,43,3,1),(49,41,44,1,1),(50,42,45,2,1),(51,41,45,1,2),(52,43,46,1,1),(55,45,48,1,1),(56,46,49,1,1),(57,47,50,1,1),(58,48,51,1,1),(59,49,52,1,1),(60,50,53,1,1),(61,51,54,1,1),(62,52,55,1,1),(63,53,56,1,1),(64,54,57,1,1),(65,55,58,1,1),(66,56,59,1,1),(67,57,60,1,1),(68,58,61,1,1),(69,59,62,1,1),(70,60,63,1,1),(71,61,64,1,1),(72,62,65,1,1),(73,63,66,1,1),(74,64,67,1,1),(75,65,68,1,1),(76,66,69,1,1),(77,67,70,1,1),(78,68,71,1,1),(79,69,72,1,1),(80,70,73,4,1),(81,40,73,3,2),(82,70,74,4,1),(83,71,75,1,1),(84,72,76,1,1),(85,73,77,1,1),(86,74,78,1,1),(87,75,79,5,1),(88,70,79,4,2),(89,76,80,1,1),(90,77,81,1,1),(91,78,82,1,1),(92,79,83,1,1),(94,81,85,1,1),(95,82,86,1,1),(96,83,87,1,1),(97,84,88,1,1),(98,85,89,1,1),(99,86,90,1,1),(100,87,91,1,1),(101,88,92,1,1),(102,89,93,1,1),(103,90,94,1,1),(104,91,95,1,1),(105,92,96,1,1),(117,104,108,1,1),(118,105,109,1,1),(119,106,110,1,1),(120,107,111,1,1),(122,109,113,1,1),(123,110,114,2,1),(124,109,114,1,2),(125,110,115,2,1),(126,110,116,2,1),(127,111,117,3,1),(128,110,117,2,2),(129,110,118,2,1),(130,112,119,4,1),(131,110,119,2,2),(132,112,120,4,1),(133,110,120,2,2),(134,112,121,4,1),(135,113,122,4,1),(136,114,123,4,1),(137,115,124,4,1),(138,116,126,5,1),(139,117,127,5,1),(140,118,129,6,1),(141,119,130,6,1),(142,120,131,7,1),(143,119,131,6,2),(144,121,132,7,1),(145,119,132,6,2),(146,122,133,7,1),(147,119,133,6,2),(148,122,134,7,1),(149,123,134,6,2),(150,122,135,7,1),(151,124,135,6,2),(152,125,136,7,1),(153,124,136,6,2),(154,124,137,6,1),(155,125,137,7,2),(156,124,138,6,1),(157,126,138,7,2),(158,127,139,8,1),(159,124,139,6,2),(160,126,139,7,3),(161,124,140,6,1),(162,127,140,8,2),(163,126,140,7,3),(164,124,141,6,1),(165,126,141,7,2),(166,127,141,8,3),(167,124,142,6,1),(168,126,142,7,2),(169,128,142,8,3),(170,124,143,6,1),(171,129,143,7,2),(172,128,143,8,3),(173,130,144,6,1),(174,75,144,5,2),(175,70,144,4,3),(176,131,145,6,1),(177,129,145,7,2),(178,128,145,8,3),(179,131,146,6,1),(180,129,146,7,2),(181,132,146,8,3),(182,131,147,6,1),(183,133,147,7,2),(184,132,147,8,3),(185,134,148,1,1),(186,135,149,9,1),(187,131,149,6,2),(188,133,149,7,3),(189,132,149,8,4),(190,131,150,6,1),(191,133,150,7,2),(192,132,150,8,3),(193,136,151,10,1),(194,131,151,6,2),(195,133,151,7,3),(196,132,151,8,4),(197,137,152,10,1),(198,131,152,6,2),(199,133,152,7,3),(200,132,152,8,4),(201,138,153,10,1),(202,131,153,6,2),(203,133,153,7,3),(204,132,153,8,4),(205,139,154,11,1),(206,138,154,10,2),(207,131,154,6,3),(208,133,154,7,4),(209,132,154,8,5),(210,138,155,10,1),(211,139,155,11,2),(212,131,155,6,3),(213,133,155,7,4),(214,132,155,8,5),(215,140,156,12,1),(216,138,156,10,2),(217,139,156,11,3),(218,131,156,6,4),(219,133,156,7,5),(220,132,156,8,6),(221,138,157,10,1),(222,140,157,12,2),(223,139,157,11,3),(224,131,157,6,4),(225,133,157,7,5),(226,132,157,8,6),(227,138,158,10,1),(228,139,158,11,2),(229,140,158,12,3),(230,131,158,6,4),(231,133,158,7,5),(232,132,158,8,6),(233,141,159,10,1),(234,139,159,11,2),(235,140,159,12,3),(236,131,159,6,4),(237,133,159,7,5),(238,132,159,8,6),(239,141,160,10,1),(240,139,160,11,2),(241,140,160,12,3),(242,131,160,6,4),(243,133,160,7,5),(244,132,160,8,6),(245,142,161,13,1),(246,141,161,10,2),(247,139,161,11,3),(248,140,161,12,4),(249,131,161,6,5),(250,133,161,7,6),(251,132,161,8,7),(252,143,162,13,1),(253,141,162,10,2),(254,139,162,11,3),(255,140,162,12,4),(256,131,162,6,5),(257,133,162,7,6),(258,132,162,8,7),(259,144,163,14,1),(260,143,163,13,2),(261,141,163,10,3),(262,139,163,11,4),(263,140,163,12,5),(264,131,163,6,6),(265,133,163,7,7),(266,132,163,8,8),(267,145,164,14,1),(268,143,164,13,2),(269,141,164,10,3),(270,139,164,11,4),(271,140,164,12,5),(272,131,164,6,6),(273,133,164,7,7),(274,132,164,8,8),(275,146,165,14,1),(276,143,165,13,2),(277,141,165,10,3),(278,139,165,11,4),(279,140,165,12,5),(280,131,165,6,6),(281,133,165,7,7),(282,132,165,8,8),(283,147,166,14,1),(284,143,166,13,2),(285,141,166,10,3),(286,139,166,11,4),(287,140,166,12,5),(288,131,166,6,6),(289,133,166,7,7),(290,132,166,8,8),(291,148,167,1,1),(292,149,168,1,1),(293,150,169,1,1),(294,151,170,2,1),(295,150,170,1,2),(296,150,171,1,1),(297,151,171,2,2),(298,152,172,3,1),(299,150,172,1,2),(300,151,172,2,3),(301,150,173,1,1),(302,152,173,3,2),(303,151,173,2,3),(304,150,174,1,1),(305,151,174,2,2),(306,152,174,3,3),(307,153,175,4,1),(308,150,175,1,2),(309,151,175,2,3),(310,152,175,3,4),(311,154,176,4,1),(312,150,176,1,2),(313,151,176,2,3),(314,152,176,3,4),(315,155,177,4,1),(316,150,177,1,2),(317,151,177,2,3),(318,152,177,3,4),(319,150,178,1,1),(320,155,178,4,2),(321,151,178,2,3),(322,152,178,3,4),(323,150,179,1,1),(324,151,179,2,2),(325,155,179,4,3),(326,152,179,3,4),(327,150,180,1,1),(328,151,180,2,2),(329,152,180,3,3),(330,155,180,4,4),(331,143,181,13,1),(332,141,181,10,2),(333,139,181,11,3),(334,140,181,12,4),(335,131,181,6,5),(336,133,181,7,6),(337,132,181,8,7),(338,143,182,13,1),(339,141,182,10,2),(340,139,182,11,3),(341,140,182,12,4),(342,133,182,7,5),(343,132,182,8,6),(344,143,183,13,1),(345,141,183,10,2),(346,139,183,11,3),(347,133,183,7,4),(348,132,183,8,5),(349,143,184,13,1),(350,141,184,10,2),(351,133,184,7,3),(352,132,184,8,4),(353,143,185,13,1),(354,141,185,10,2),(355,133,185,7,3),(356,143,186,13,1),(357,141,186,10,2),(358,141,187,10,1),(359,143,187,13,2),(360,156,188,10,1),(361,143,188,13,2),(362,157,190,1,1),(364,75,192,5,1),(365,70,192,4,2),(366,75,193,5,1),(367,70,193,4,2),(368,75,194,5,1),(369,70,194,4,2),(370,159,195,1,1),(371,160,196,1,1),(372,161,197,1,1),(373,162,198,1,1),(374,163,199,1,1),(377,166,202,1,1),(378,167,203,1,1),(379,168,204,1,1),(380,169,205,1,1),(381,170,206,1,1),(382,171,207,1,1),(383,172,208,1,1),(384,173,209,1,1),(385,174,211,1,1),(386,175,212,7,1),(387,75,212,5,2),(388,70,212,4,3),(389,42,213,2,1),(390,176,213,1,2),(392,178,215,5,1),(393,150,215,1,2),(394,151,215,2,3),(395,152,215,3,4),(396,155,215,4,5),(397,179,216,5,1),(398,150,216,1,2),(399,151,216,2,3),(400,152,216,3,4),(401,155,216,4,5),(402,150,217,1,1),(403,179,217,5,2),(404,151,217,2,3),(405,152,217,3,4),(406,155,217,4,5),(407,179,218,5,1),(408,150,218,1,2),(409,151,218,2,3),(410,152,218,3,4),(411,155,218,4,5),(412,150,219,1,1),(413,179,219,5,2),(414,151,219,2,3),(415,152,219,3,4),(416,155,219,4,5),(417,179,220,5,1),(418,150,220,1,2),(419,151,220,2,3),(420,152,220,3,4),(421,155,220,4,5),(422,150,221,1,1),(423,179,221,5,2),(424,151,221,2,3),(425,152,221,3,4),(426,155,221,4,5),(427,150,222,1,1),(428,151,222,2,2),(429,179,222,5,3),(430,152,222,3,4),(431,155,222,4,5),(432,150,223,1,1),(433,151,223,2,2),(434,152,223,3,3),(435,179,223,5,4),(436,155,223,4,5),(437,150,224,1,1),(438,151,224,2,2),(439,152,224,3,3),(440,180,224,5,4),(441,155,224,4,5),(442,181,225,1,1),(443,182,226,1,1),(444,183,227,1,1),(445,184,228,1,1),(446,185,229,1,1),(447,186,230,1,1),(448,187,231,1,1),(449,188,232,1,1),(450,189,233,1,1),(451,190,234,1,1),(452,191,235,1,1),(453,192,236,1,1),(454,193,237,15,1),(455,156,237,10,2),(456,143,237,13,3),(457,194,238,15,1),(458,156,238,10,2),(459,143,238,13,3),(460,75,239,5,1),(461,70,239,4,2),(462,150,240,1,1),(463,151,240,2,2),(464,152,240,3,3),(465,180,240,5,4),(466,155,240,4,5),(467,70,241,4,1),(468,75,241,5,2),(469,194,243,15,1),(470,156,243,10,2),(471,201,243,13,3),(472,156,244,10,1),(473,201,244,13,2),(474,75,245,5,1),(475,70,245,4,2),(476,70,246,4,1),(477,75,246,5,2),(478,202,247,1,1),(479,203,248,1,1),(480,204,249,8,1),(481,70,249,4,2),(482,75,249,5,3),(483,70,250,4,1),(484,75,250,5,2),(485,150,251,1,1),(486,151,251,2,2),(487,152,251,3,3),(488,205,251,5,4),(489,155,251,4,5),(490,150,252,1,1),(491,151,252,2,2),(492,152,252,3,3),(493,206,252,5,4),(494,155,252,4,5),(495,207,253,6,1),(496,150,253,1,2),(497,151,253,2,3),(498,152,253,3,4),(499,206,253,5,5),(500,155,253,4,6),(501,208,254,6,1),(502,150,254,1,2),(503,151,254,2,3),(504,152,254,3,4),(505,206,254,5,5),(506,155,254,4,6),(507,150,255,1,1),(508,208,255,6,2),(509,151,255,2,3),(510,152,255,3,4),(511,206,255,5,5),(512,155,255,4,6),(513,208,256,6,1),(514,150,256,1,2),(515,151,256,2,3),(516,152,256,3,4),(517,206,256,5,5),(518,155,256,4,6),(519,150,257,1,1),(520,208,257,6,2),(521,151,257,2,3),(522,152,257,3,4),(523,206,257,5,5),(524,155,257,4,6),(525,150,258,1,1),(526,151,258,2,2),(527,208,258,6,3),(528,152,258,3,4),(529,206,258,5,5),(530,155,258,4,6),(531,150,259,1,1),(532,151,259,2,2),(533,152,259,3,3),(534,208,259,6,4),(535,206,259,5,5),(536,155,259,4,6),(537,209,260,7,1),(538,150,260,1,2),(539,151,260,2,3),(540,152,260,3,4),(541,208,260,6,5),(542,206,260,5,6),(543,155,260,4,7),(544,210,261,7,1),(545,150,261,1,2),(546,151,261,2,3),(547,152,261,3,4),(548,208,261,6,5),(549,206,261,5,6),(550,155,261,4,7),(551,150,262,1,1),(552,210,262,7,2),(553,151,262,2,3),(554,152,262,3,4),(555,208,262,6,5),(556,206,262,5,6),(557,155,262,4,7),(558,210,263,7,1),(559,150,263,1,2),(560,151,263,2,3),(561,152,263,3,4),(562,208,263,6,5),(563,206,263,5,6),(564,155,263,4,7),(565,150,264,1,1),(566,210,264,7,2),(567,151,264,2,3),(568,152,264,3,4),(569,208,264,6,5),(570,206,264,5,6),(571,155,264,4,7),(572,150,265,1,1),(573,151,265,2,2),(574,210,265,7,3),(575,152,265,3,4),(576,208,265,6,5),(577,206,265,5,6),(578,155,265,4,7),(579,150,266,1,1),(580,151,266,2,2),(581,152,266,3,3),(582,210,266,7,4),(583,208,266,6,5),(584,206,266,5,6),(585,155,266,4,7),(586,150,267,1,1),(587,151,267,2,2),(588,152,267,3,3),(589,208,267,6,4),(590,210,267,7,5),(591,206,267,5,6),(592,155,267,4,7),(593,211,268,8,1),(594,150,268,1,2),(595,151,268,2,3),(596,152,268,3,4),(597,208,268,6,5),(598,210,268,7,6),(599,206,268,5,7),(600,155,268,4,8),(601,212,269,8,1),(602,150,269,1,2),(603,151,269,2,3),(604,152,269,3,4),(605,208,269,6,5),(606,210,269,7,6),(607,206,269,5,7),(608,155,269,4,8),(609,150,270,1,1),(610,212,270,8,2),(611,151,270,2,3),(612,152,270,3,4),(613,208,270,6,5),(614,210,270,7,6),(615,206,270,5,7),(616,155,270,4,8),(617,150,271,1,1),(618,151,271,2,2),(619,212,271,8,3),(620,152,271,3,4),(621,208,271,6,5),(622,210,271,7,6),(623,206,271,5,7),(624,155,271,4,8),(625,151,272,2,1),(626,150,272,1,2),(627,212,272,8,3),(628,152,272,3,4),(629,208,272,6,5),(630,210,272,7,6),(631,206,272,5,7),(632,155,272,4,8),(633,150,273,1,1),(634,151,273,2,2),(635,212,273,8,3),(636,152,273,3,4),(637,208,273,6,5),(638,210,273,7,6),(639,206,273,5,7),(640,155,273,4,8),(641,150,274,1,1),(642,151,274,2,2),(643,152,274,3,3),(644,212,274,8,4),(645,208,274,6,5),(646,210,274,7,6),(647,206,274,5,7),(648,155,274,4,8),(649,150,275,1,1),(650,151,275,2,2),(651,152,275,3,3),(652,208,275,6,4),(653,212,275,8,5),(654,210,275,7,6),(655,206,275,5,7),(656,155,275,4,8),(657,150,276,1,1),(658,151,276,2,2),(659,152,276,3,3),(660,208,276,6,4),(661,210,276,7,5),(662,212,276,8,6),(663,206,276,5,7),(664,155,276,4,8),(665,150,277,1,1),(666,151,277,2,2),(667,152,277,3,3),(668,208,277,6,4),(669,210,277,7,5),(670,206,277,5,6),(671,212,277,8,7),(672,155,277,4,8),(673,150,278,1,1),(674,151,278,2,2),(675,152,278,3,3),(676,208,278,6,4),(677,210,278,7,5),(678,206,278,5,6),(679,155,278,4,7),(680,212,278,8,8),(681,150,279,1,1),(682,151,279,2,2),(683,152,279,3,3),(684,208,279,6,4),(685,210,279,7,5),(686,155,279,4,6),(687,206,279,5,7),(688,212,279,8,8),(689,150,280,1,1),(690,151,280,2,2),(691,152,280,3,3),(692,208,280,6,4),(693,210,280,7,5),(694,206,280,5,6),(695,155,280,4,7),(696,212,280,8,8),(697,150,281,1,1),(698,151,281,2,2),(699,152,281,3,3),(700,208,281,6,4),(701,210,281,7,5),(702,206,281,5,6),(703,212,281,8,7),(704,155,281,4,8),(705,213,282,9,1),(706,150,282,1,2),(707,151,282,2,3),(708,152,282,3,4),(709,208,282,6,5),(710,210,282,7,6),(711,206,282,5,7),(712,212,282,8,8),(713,155,282,4,9),(714,214,283,9,1),(715,150,283,1,2),(716,151,283,2,3),(717,152,283,3,4),(718,208,283,6,5),(719,210,283,7,6),(720,206,283,5,7),(721,212,283,8,8),(722,155,283,4,9),(723,150,284,1,1),(724,214,284,9,2),(725,151,284,2,3),(726,152,284,3,4),(727,208,284,6,5),(728,210,284,7,6),(729,206,284,5,7),(730,212,284,8,8),(731,155,284,4,9),(732,150,285,1,1),(733,151,285,2,2),(734,214,285,9,3),(735,152,285,3,4),(736,208,285,6,5),(737,210,285,7,6),(738,206,285,5,7),(739,212,285,8,8),(740,155,285,4,9),(741,150,286,1,1),(742,151,286,2,2),(743,152,286,3,3),(744,214,286,9,4),(745,208,286,6,5),(746,210,286,7,6),(747,206,286,5,7),(748,212,286,8,8),(749,155,286,4,9),(750,150,287,1,1),(751,151,287,2,2),(752,152,287,3,3),(753,208,287,6,4),(754,214,287,9,5),(755,210,287,7,6),(756,206,287,5,7),(757,212,287,8,8),(758,155,287,4,9),(759,150,288,1,1),(760,151,288,2,2),(761,152,288,3,3),(762,208,288,6,4),(763,210,288,7,5),(764,214,288,9,6),(765,206,288,5,7),(766,212,288,8,8),(767,155,288,4,9),(768,150,289,1,1),(769,151,289,2,2),(770,152,289,3,3),(771,208,289,6,4),(772,210,289,7,5),(773,206,289,5,6),(774,214,289,9,7),(775,212,289,8,8),(776,155,289,4,9),(777,150,290,1,1),(778,151,290,2,2),(779,152,290,3,3),(780,208,290,6,4),(781,210,290,7,5),(782,206,290,5,6),(783,212,290,8,7),(784,214,290,9,8),(785,155,290,4,9),(786,215,291,10,1),(787,150,291,1,2),(788,151,291,2,3),(789,152,291,3,4),(790,208,291,6,5),(791,210,291,7,6),(792,206,291,5,7),(793,212,291,8,8),(794,214,291,9,9),(795,155,291,4,10),(796,216,292,10,1),(797,150,292,1,2),(798,151,292,2,3),(799,152,292,3,4),(800,208,292,6,5),(801,210,292,7,6),(802,206,292,5,7),(803,212,292,8,8),(804,214,292,9,9),(805,155,292,4,10),(806,150,293,1,1),(807,216,293,10,2),(808,151,293,2,3),(809,152,293,3,4),(810,208,293,6,5),(811,210,293,7,6),(812,206,293,5,7),(813,212,293,8,8),(814,214,293,9,9),(815,155,293,4,10),(816,150,294,1,1),(817,151,294,2,2),(818,216,294,10,3),(819,152,294,3,4),(820,208,294,6,5),(821,210,294,7,6),(822,206,294,5,7),(823,212,294,8,8),(824,214,294,9,9),(825,155,294,4,10),(826,150,295,1,1),(827,151,295,2,2),(828,152,295,3,3),(829,216,295,10,4),(830,208,295,6,5),(831,210,295,7,6),(832,206,295,5,7),(833,212,295,8,8),(834,214,295,9,9),(835,155,295,4,10),(836,150,296,1,1),(837,151,296,2,2),(838,152,296,3,3),(839,208,296,6,4),(840,216,296,10,5),(841,210,296,7,6),(842,206,296,5,7),(843,212,296,8,8),(844,214,296,9,9),(845,155,296,4,10),(846,150,297,1,1),(847,151,297,2,2),(848,152,297,3,3),(849,208,297,6,4),(850,210,297,7,5),(851,216,297,10,6),(852,206,297,5,7),(853,212,297,8,8),(854,214,297,9,9),(855,155,297,4,10),(856,150,298,1,1),(857,151,298,2,2),(858,152,298,3,3),(859,208,298,6,4),(860,210,298,7,5),(861,206,298,5,6),(862,216,298,10,7),(863,212,298,8,8),(864,214,298,9,9),(865,155,298,4,10),(866,150,299,1,1),(867,151,299,2,2),(868,152,299,3,3),(869,208,299,6,4),(870,210,299,7,5),(871,206,299,5,6),(872,212,299,8,7),(873,216,299,10,8),(874,214,299,9,9),(875,155,299,4,10),(876,150,300,1,1),(877,151,300,2,2),(878,152,300,3,3),(879,208,300,6,4),(880,210,300,7,5),(881,206,300,5,6),(882,212,300,8,7),(883,214,300,9,8),(884,216,300,10,9),(885,155,300,4,10),(886,150,301,1,1),(887,151,301,2,2),(888,152,301,3,3),(889,208,301,6,4),(890,210,301,7,5),(891,206,301,5,6),(892,212,301,8,7),(893,214,301,9,8),(894,155,301,4,9),(895,216,301,10,10),(896,217,302,16,1),(897,156,302,10,2),(898,201,302,13,3),(899,218,303,16,1),(900,156,303,10,2),(901,201,303,13,3),(902,156,304,10,1),(903,218,304,16,2),(904,201,304,13,3),(905,219,305,17,1),(906,156,305,10,2),(907,218,305,16,3),(908,201,305,13,4),(909,220,306,17,1),(910,156,306,10,2),(911,218,306,16,3),(912,201,306,13,4),(913,156,307,10,1),(914,220,307,17,2),(915,218,307,16,3),(916,201,307,13,4),(917,156,308,10,1),(918,218,308,16,2),(919,220,308,17,3),(920,201,308,13,4),(921,156,309,10,1),(922,218,309,16,2),(923,201,309,13,3),(924,220,309,17,4),(925,221,310,18,1),(926,156,310,10,2),(927,218,310,16,3),(928,201,310,13,4),(929,220,310,17,5),(930,222,311,18,1),(931,156,311,10,2),(932,218,311,16,3),(933,201,311,13,4),(934,220,311,17,5),(935,156,312,10,1),(936,222,312,18,2),(937,218,312,16,3),(938,201,312,13,4),(939,220,312,17,5),(940,156,313,10,1),(941,218,313,16,2),(942,222,313,18,3),(943,201,313,13,4),(944,220,313,17,5),(945,156,314,10,1),(946,218,314,16,2),(947,201,314,13,3),(948,222,314,18,4),(949,220,314,17,5),(950,223,315,19,1),(951,156,315,10,2),(952,218,315,16,3),(953,201,315,13,4),(954,222,315,18,5),(955,220,315,17,6),(956,224,316,19,1),(957,156,316,10,2),(958,218,316,16,3),(959,201,316,13,4),(960,222,316,18,5),(961,220,316,17,6),(962,156,317,10,1),(963,224,317,19,2),(964,218,317,16,3),(965,201,317,13,4),(966,222,317,18,5),(967,220,317,17,6),(968,156,318,10,1),(969,218,318,16,2),(970,224,318,19,3),(971,201,318,13,4),(972,222,318,18,5),(973,220,318,17,6),(974,156,319,10,1),(975,218,319,16,2),(976,201,319,13,3),(977,224,319,19,4),(978,222,319,18,5),(979,220,319,17,6),(980,225,320,20,1),(981,156,320,10,2),(982,218,320,16,3),(983,201,320,13,4),(984,224,320,19,5),(985,222,320,18,6),(986,220,320,17,7),(987,226,321,20,1),(988,156,321,10,2),(989,218,321,16,3),(990,201,321,13,4),(991,224,321,19,5),(992,222,321,18,6),(993,220,321,17,7),(994,156,322,10,1),(995,226,322,20,2),(996,218,322,16,3),(997,201,322,13,4),(998,224,322,19,5),(999,222,322,18,6),(1000,220,322,17,7),(1001,156,323,10,1),(1002,218,323,16,2),(1003,226,323,20,3),(1004,201,323,13,4),(1005,224,323,19,5),(1006,222,323,18,6),(1007,220,323,17,7),(1008,156,324,10,1),(1009,218,324,16,2),(1010,201,324,13,3),(1011,226,324,20,4),(1012,224,324,19,5),(1013,222,324,18,6),(1014,220,324,17,7),(1015,227,325,21,1),(1016,156,325,10,2),(1017,218,325,16,3),(1018,201,325,13,4),(1019,226,325,20,5),(1020,224,325,19,6),(1021,222,325,18,7),(1022,220,325,17,8),(1023,228,326,21,1),(1024,156,326,10,2),(1025,218,326,16,3),(1026,201,326,13,4),(1027,226,326,20,5),(1028,224,326,19,6),(1029,222,326,18,7),(1030,220,326,17,8),(1031,156,327,10,1),(1032,228,327,21,2),(1033,218,327,16,3),(1034,201,327,13,4),(1035,226,327,20,5),(1036,224,327,19,6),(1037,222,327,18,7),(1038,220,327,17,8),(1039,156,328,10,1),(1040,218,328,16,2),(1041,228,328,21,3),(1042,201,328,13,4),(1043,226,328,20,5),(1044,224,328,19,6),(1045,222,328,18,7),(1046,220,328,17,8),(1047,156,329,10,1),(1048,218,329,16,2),(1049,201,329,13,3),(1050,228,329,21,4),(1051,226,329,20,5),(1052,224,329,19,6),(1053,222,329,18,7),(1054,220,329,17,8),(1055,229,330,22,1),(1056,156,330,10,2),(1057,218,330,16,3),(1058,201,330,13,4),(1059,228,330,21,5),(1060,226,330,20,6),(1061,224,330,19,7),(1062,222,330,18,8),(1063,220,330,17,9),(1064,230,331,22,1),(1065,156,331,10,2),(1066,218,331,16,3),(1067,201,331,13,4),(1068,228,331,21,5),(1069,226,331,20,6),(1070,224,331,19,7),(1071,222,331,18,8),(1072,220,331,17,9),(1073,156,332,10,1),(1074,230,332,22,2),(1075,218,332,16,3),(1076,201,332,13,4),(1077,228,332,21,5),(1078,226,332,20,6),(1079,224,332,19,7),(1080,222,332,18,8),(1081,220,332,17,9),(1082,156,333,10,1),(1083,218,333,16,2),(1084,230,333,22,3),(1085,201,333,13,4),(1086,228,333,21,5),(1087,226,333,20,6),(1088,224,333,19,7),(1089,222,333,18,8),(1090,220,333,17,9),(1091,156,334,10,1),(1092,218,334,16,2),(1093,201,334,13,3),(1094,230,334,22,4),(1095,228,334,21,5),(1096,226,334,20,6),(1097,224,334,19,7),(1098,222,334,18,8),(1099,220,334,17,9),(1100,231,335,23,1),(1101,156,335,10,2),(1102,218,335,16,3),(1103,201,335,13,4),(1104,230,335,22,5),(1105,228,335,21,6),(1106,226,335,20,7),(1107,224,335,19,8),(1108,222,335,18,9),(1109,220,335,17,10),(1110,232,336,23,1),(1111,156,336,10,2),(1112,218,336,16,3),(1113,201,336,13,4),(1114,230,336,22,5),(1115,228,336,21,6),(1116,226,336,20,7),(1117,224,336,19,8),(1118,222,336,18,9),(1119,220,336,17,10),(1120,156,337,10,1),(1121,232,337,23,2),(1122,218,337,16,3),(1123,201,337,13,4),(1124,230,337,22,5),(1125,228,337,21,6),(1126,226,337,20,7),(1127,224,337,19,8),(1128,222,337,18,9),(1129,220,337,17,10),(1130,156,338,10,1),(1131,218,338,16,2),(1132,232,338,23,3),(1133,201,338,13,4),(1134,230,338,22,5),(1135,228,338,21,6),(1136,226,338,20,7),(1137,224,338,19,8),(1138,222,338,18,9),(1139,220,338,17,10),(1140,156,339,10,1),(1141,218,339,16,2),(1142,232,339,23,3),(1143,230,339,22,4),(1144,201,339,13,5),(1145,228,339,21,6),(1146,226,339,20,7),(1147,224,339,19,8),(1148,222,339,18,9),(1149,220,339,17,10),(1150,156,340,10,1),(1151,218,340,16,2),(1152,232,340,23,3),(1153,201,340,13,4),(1154,230,340,22,5),(1155,228,340,21,6),(1156,226,340,20,7),(1157,224,340,19,8),(1158,222,340,18,9),(1159,220,340,17,10),(1160,156,341,10,1),(1161,218,341,16,2),(1162,201,341,13,3),(1163,232,341,23,4),(1164,230,341,22,5),(1165,228,341,21,6),(1166,226,341,20,7),(1167,224,341,19,8),(1168,222,341,18,9),(1169,220,341,17,10),(1170,233,342,24,1),(1171,156,342,10,2),(1172,218,342,16,3),(1173,201,342,13,4),(1174,232,342,23,5),(1175,230,342,22,6),(1176,228,342,21,7),(1177,226,342,20,8),(1178,224,342,19,9),(1179,222,342,18,10),(1180,220,342,17,11),(1181,234,343,24,1),(1182,156,343,10,2),(1183,218,343,16,3),(1184,201,343,13,4),(1185,232,343,23,5),(1186,230,343,22,6),(1187,228,343,21,7),(1188,226,343,20,8),(1189,224,343,19,9),(1190,222,343,18,10),(1191,220,343,17,11),(1192,156,344,10,1),(1193,234,344,24,2),(1194,218,344,16,3),(1195,201,344,13,4),(1196,232,344,23,5),(1197,230,344,22,6),(1198,228,344,21,7),(1199,226,344,20,8),(1200,224,344,19,9),(1201,222,344,18,10),(1202,220,344,17,11),(1203,156,345,10,1),(1204,218,345,16,2),(1205,234,345,24,3),(1206,201,345,13,4),(1207,232,345,23,5),(1208,230,345,22,6),(1209,228,345,21,7),(1210,226,345,20,8),(1211,224,345,19,9),(1212,222,345,18,10),(1213,220,345,17,11),(1214,156,346,10,1),(1215,218,346,16,2),(1216,201,346,13,3),(1217,234,346,24,4),(1218,232,346,23,5),(1219,230,346,22,6),(1220,228,346,21,7),(1221,226,346,20,8),(1222,224,346,19,9),(1223,222,346,18,10),(1224,220,346,17,11),(1225,235,347,25,1),(1226,156,347,10,2),(1227,218,347,16,3),(1228,201,347,13,4),(1229,234,347,24,5),(1230,232,347,23,6),(1231,230,347,22,7),(1232,228,347,21,8),(1233,226,347,20,9),(1234,224,347,19,10),(1235,222,347,18,11),(1236,220,347,17,12),(1237,236,348,25,1),(1238,156,348,10,2),(1239,218,348,16,3),(1240,201,348,13,4),(1241,234,348,24,5),(1242,232,348,23,6),(1243,230,348,22,7),(1244,228,348,21,8),(1245,226,348,20,9),(1246,224,348,19,10),(1247,222,348,18,11),(1248,220,348,17,12),(1249,156,349,10,1),(1250,236,349,25,2),(1251,218,349,16,3),(1252,201,349,13,4),(1253,234,349,24,5),(1254,232,349,23,6),(1255,230,349,22,7),(1256,228,349,21,8),(1257,226,349,20,9),(1258,224,349,19,10),(1259,222,349,18,11),(1260,220,349,17,12),(1261,156,350,10,1),(1262,218,350,16,2),(1263,236,350,25,3),(1264,201,350,13,4),(1265,234,350,24,5),(1266,232,350,23,6),(1267,230,350,22,7),(1268,228,350,21,8),(1269,226,350,20,9),(1270,224,350,19,10),(1271,222,350,18,11),(1272,220,350,17,12),(1273,156,351,10,1),(1274,218,351,16,2),(1275,201,351,13,3),(1276,236,351,25,4),(1277,234,351,24,5),(1278,232,351,23,6),(1279,230,351,22,7),(1280,228,351,21,8),(1281,226,351,20,9),(1282,224,351,19,10),(1283,222,351,18,11),(1284,220,351,17,12),(1285,237,352,26,1),(1286,156,352,10,2),(1287,218,352,16,3),(1288,201,352,13,4),(1289,236,352,25,5),(1290,234,352,24,6),(1291,232,352,23,7),(1292,230,352,22,8),(1293,228,352,21,9),(1294,226,352,20,10),(1295,224,352,19,11),(1296,222,352,18,12),(1297,220,352,17,13),(1298,238,353,26,1),(1299,156,353,10,2),(1300,218,353,16,3),(1301,201,353,13,4),(1302,236,353,25,5),(1303,234,353,24,6),(1304,232,353,23,7),(1305,230,353,22,8),(1306,228,353,21,9),(1307,226,353,20,10),(1308,224,353,19,11),(1309,222,353,18,12),(1310,220,353,17,13),(1311,156,354,10,1),(1312,238,354,26,2),(1313,218,354,16,3),(1314,201,354,13,4),(1315,236,354,25,5),(1316,234,354,24,6),(1317,232,354,23,7),(1318,230,354,22,8),(1319,228,354,21,9),(1320,226,354,20,10),(1321,224,354,19,11),(1322,222,354,18,12),(1323,220,354,17,13),(1324,156,355,10,1),(1325,218,355,16,2),(1326,238,355,26,3),(1327,201,355,13,4),(1328,236,355,25,5),(1329,234,355,24,6),(1330,232,355,23,7),(1331,230,355,22,8),(1332,228,355,21,9),(1333,226,355,20,10),(1334,224,355,19,11),(1335,222,355,18,12),(1336,220,355,17,13),(1337,156,356,10,1),(1338,218,356,16,2),(1339,201,356,13,3),(1340,238,356,26,4),(1341,236,356,25,5),(1342,234,356,24,6),(1343,232,356,23,7),(1344,230,356,22,8),(1345,228,356,21,9),(1346,226,356,20,10),(1347,224,356,19,11),(1348,222,356,18,12),(1349,220,356,17,13),(1350,239,357,27,1),(1351,156,357,10,2),(1352,218,357,16,3),(1353,201,357,13,4),(1354,238,357,26,5),(1355,236,357,25,6),(1356,234,357,24,7),(1357,232,357,23,8),(1358,230,357,22,9),(1359,228,357,21,10),(1360,226,357,20,11),(1361,224,357,19,12),(1362,222,357,18,13),(1363,220,357,17,14),(1364,240,358,27,1),(1365,156,358,10,2),(1366,218,358,16,3),(1367,201,358,13,4),(1368,238,358,26,5),(1369,236,358,25,6),(1370,234,358,24,7),(1371,232,358,23,8),(1372,230,358,22,9),(1373,228,358,21,10),(1374,226,358,20,11),(1375,224,358,19,12),(1376,222,358,18,13),(1377,220,358,17,14),(1378,156,359,10,1),(1379,240,359,27,2),(1380,218,359,16,3),(1381,201,359,13,4),(1382,238,359,26,5),(1383,236,359,25,6),(1384,234,359,24,7),(1385,232,359,23,8),(1386,230,359,22,9),(1387,228,359,21,10),(1388,226,359,20,11),(1389,224,359,19,12),(1390,222,359,18,13),(1391,220,359,17,14),(1392,156,360,10,1),(1393,218,360,16,2),(1394,240,360,27,3),(1395,201,360,13,4),(1396,238,360,26,5),(1397,236,360,25,6),(1398,234,360,24,7),(1399,232,360,23,8),(1400,230,360,22,9),(1401,228,360,21,10),(1402,226,360,20,11),(1403,224,360,19,12),(1404,222,360,18,13),(1405,220,360,17,14),(1406,156,361,10,1),(1407,218,361,16,2),(1408,201,361,13,3),(1409,240,361,27,4),(1410,238,361,26,5),(1411,236,361,25,6),(1412,234,361,24,7),(1413,232,361,23,8),(1414,230,361,22,9),(1415,228,361,21,10),(1416,226,361,20,11),(1417,224,361,19,12),(1418,222,361,18,13),(1419,220,361,17,14),(1420,241,362,28,1),(1421,156,362,10,2),(1422,218,362,16,3),(1423,201,362,13,4),(1424,240,362,27,5),(1425,238,362,26,6),(1426,236,362,25,7),(1427,234,362,24,8),(1428,232,362,23,9),(1429,230,362,22,10),(1430,228,362,21,11),(1431,226,362,20,12),(1432,224,362,19,13),(1433,222,362,18,14),(1434,220,362,17,15),(1435,242,363,28,1),(1436,156,363,10,2),(1437,218,363,16,3),(1438,201,363,13,4),(1439,240,363,27,5),(1440,238,363,26,6),(1441,236,363,25,7),(1442,234,363,24,8),(1443,232,363,23,9),(1444,230,363,22,10),(1445,228,363,21,11),(1446,226,363,20,12),(1447,224,363,19,13),(1448,222,363,18,14),(1449,220,363,17,15),(1450,156,364,10,1),(1451,242,364,28,2),(1452,218,364,16,3),(1453,201,364,13,4),(1454,240,364,27,5),(1455,238,364,26,6),(1456,236,364,25,7),(1457,234,364,24,8),(1458,232,364,23,9),(1459,230,364,22,10),(1460,228,364,21,11),(1461,226,364,20,12),(1462,224,364,19,13),(1463,222,364,18,14),(1464,220,364,17,15),(1465,156,365,10,1),(1466,218,365,16,2),(1467,242,365,28,3),(1468,201,365,13,4),(1469,240,365,27,5),(1470,238,365,26,6),(1471,236,365,25,7),(1472,234,365,24,8),(1473,232,365,23,9),(1474,230,365,22,10),(1475,228,365,21,11),(1476,226,365,20,12),(1477,224,365,19,13),(1478,222,365,18,14),(1479,220,365,17,15),(1480,156,366,10,1),(1481,218,366,16,2),(1482,201,366,13,3),(1483,242,366,28,4),(1484,240,366,27,5),(1485,238,366,26,6),(1486,236,366,25,7),(1487,234,366,24,8),(1488,232,366,23,9),(1489,230,366,22,10),(1490,228,366,21,11),(1491,226,366,20,12),(1492,224,366,19,13),(1493,222,366,18,14),(1494,220,366,17,15),(1495,243,367,29,1),(1496,156,367,10,2),(1497,218,367,16,3),(1498,201,367,13,4),(1499,242,367,28,5),(1500,240,367,27,6),(1501,238,367,26,7),(1502,236,367,25,8),(1503,234,367,24,9),(1504,232,367,23,10),(1505,230,367,22,11),(1506,228,367,21,12),(1507,226,367,20,13),(1508,224,367,19,14),(1509,222,367,18,15),(1510,220,367,17,16),(1511,244,368,29,1),(1512,156,368,10,2),(1513,218,368,16,3),(1514,201,368,13,4),(1515,242,368,28,5),(1516,240,368,27,6),(1517,238,368,26,7),(1518,236,368,25,8),(1519,234,368,24,9),(1520,232,368,23,10),(1521,230,368,22,11),(1522,228,368,21,12),(1523,226,368,20,13),(1524,224,368,19,14),(1525,222,368,18,15),(1526,220,368,17,16),(1527,156,369,10,1),(1528,244,369,29,2),(1529,218,369,16,3),(1530,201,369,13,4),(1531,242,369,28,5),(1532,240,369,27,6),(1533,238,369,26,7),(1534,236,369,25,8),(1535,234,369,24,9),(1536,232,369,23,10),(1537,230,369,22,11),(1538,228,369,21,12),(1539,226,369,20,13),(1540,224,369,19,14),(1541,222,369,18,15),(1542,220,369,17,16),(1543,156,370,10,1),(1544,218,370,16,2),(1545,244,370,29,3),(1546,201,370,13,4),(1547,242,370,28,5),(1548,240,370,27,6),(1549,238,370,26,7),(1550,236,370,25,8),(1551,234,370,24,9),(1552,232,370,23,10),(1553,230,370,22,11),(1554,228,370,21,12),(1555,226,370,20,13),(1556,224,370,19,14),(1557,222,370,18,15),(1558,220,370,17,16),(1559,156,371,10,1),(1560,218,371,16,2),(1561,201,371,13,3),(1562,244,371,29,4),(1563,242,371,28,5),(1564,240,371,27,6),(1565,238,371,26,7),(1566,236,371,25,8),(1567,234,371,24,9),(1568,232,371,23,10),(1569,230,371,22,11),(1570,228,371,21,12),(1571,226,371,20,13),(1572,224,371,19,14),(1573,222,371,18,15),(1574,220,371,17,16),(1575,245,372,30,1),(1576,156,372,10,2),(1577,218,372,16,3),(1578,201,372,13,4),(1579,244,372,29,5),(1580,242,372,28,6),(1581,240,372,27,7),(1582,238,372,26,8),(1583,236,372,25,9),(1584,234,372,24,10),(1585,232,372,23,11),(1586,230,372,22,12),(1587,228,372,21,13),(1588,226,372,20,14),(1589,224,372,19,15),(1590,222,372,18,16),(1591,220,372,17,17),(1592,246,373,30,1),(1593,156,373,10,2),(1594,218,373,16,3),(1595,201,373,13,4),(1596,244,373,29,5),(1597,242,373,28,6),(1598,240,373,27,7),(1599,238,373,26,8),(1600,236,373,25,9),(1601,234,373,24,10),(1602,232,373,23,11),(1603,230,373,22,12),(1604,228,373,21,13),(1605,226,373,20,14),(1606,224,373,19,15),(1607,222,373,18,16),(1608,220,373,17,17),(1609,156,374,10,1),(1610,246,374,30,2),(1611,218,374,16,3),(1612,201,374,13,4),(1613,244,374,29,5),(1614,242,374,28,6),(1615,240,374,27,7),(1616,238,374,26,8),(1617,236,374,25,9),(1618,234,374,24,10),(1619,232,374,23,11),(1620,230,374,22,12),(1621,228,374,21,13),(1622,226,374,20,14),(1623,224,374,19,15),(1624,222,374,18,16),(1625,220,374,17,17),(1626,156,375,10,1),(1627,218,375,16,2),(1628,246,375,30,3),(1629,201,375,13,4),(1630,244,375,29,5),(1631,242,375,28,6),(1632,240,375,27,7),(1633,238,375,26,8),(1634,236,375,25,9),(1635,234,375,24,10),(1636,232,375,23,11),(1637,230,375,22,12),(1638,228,375,21,13),(1639,226,375,20,14),(1640,224,375,19,15),(1641,222,375,18,16),(1642,220,375,17,17),(1643,156,376,10,1),(1644,218,376,16,2),(1645,201,376,13,3),(1646,246,376,30,4),(1647,244,376,29,5),(1648,242,376,28,6),(1649,240,376,27,7),(1650,238,376,26,8),(1651,236,376,25,9),(1652,234,376,24,10),(1653,232,376,23,11),(1654,230,376,22,12),(1655,228,376,21,13),(1656,226,376,20,14),(1657,224,376,19,15),(1658,222,376,18,16),(1659,220,376,17,17),(1660,247,377,31,1),(1661,156,377,10,2),(1662,218,377,16,3),(1663,201,377,13,4),(1664,246,377,30,5),(1665,244,377,29,6),(1666,242,377,28,7),(1667,240,377,27,8),(1668,238,377,26,9),(1669,236,377,25,10),(1670,234,377,24,11),(1671,232,377,23,12),(1672,230,377,22,13),(1673,228,377,21,14),(1674,226,377,20,15),(1675,224,377,19,16),(1676,222,377,18,17),(1677,220,377,17,18),(1678,248,378,31,1),(1679,156,378,10,2),(1680,218,378,16,3),(1681,201,378,13,4),(1682,246,378,30,5),(1683,244,378,29,6),(1684,242,378,28,7),(1685,240,378,27,8),(1686,238,378,26,9),(1687,236,378,25,10),(1688,234,378,24,11),(1689,232,378,23,12),(1690,230,378,22,13),(1691,228,378,21,14),(1692,226,378,20,15),(1693,224,378,19,16),(1694,222,378,18,17),(1695,220,378,17,18),(1696,156,379,10,1),(1697,248,379,31,2),(1698,218,379,16,3),(1699,201,379,13,4),(1700,246,379,30,5),(1701,244,379,29,6),(1702,242,379,28,7),(1703,240,379,27,8),(1704,238,379,26,9),(1705,236,379,25,10),(1706,234,379,24,11),(1707,232,379,23,12),(1708,230,379,22,13),(1709,228,379,21,14),(1710,226,379,20,15),(1711,224,379,19,16),(1712,222,379,18,17),(1713,220,379,17,18),(1714,156,380,10,1),(1715,218,380,16,2),(1716,248,380,31,3),(1717,201,380,13,4),(1718,246,380,30,5),(1719,244,380,29,6),(1720,242,380,28,7),(1721,240,380,27,8),(1722,238,380,26,9),(1723,236,380,25,10),(1724,234,380,24,11),(1725,232,380,23,12),(1726,230,380,22,13),(1727,228,380,21,14),(1728,226,380,20,15),(1729,224,380,19,16),(1730,222,380,18,17),(1731,220,380,17,18),(1732,156,381,10,1),(1733,218,381,16,2),(1734,201,381,13,3),(1735,248,381,31,4),(1736,246,381,30,5),(1737,244,381,29,6),(1738,242,381,28,7),(1739,240,381,27,8),(1740,238,381,26,9),(1741,236,381,25,10),(1742,234,381,24,11),(1743,232,381,23,12),(1744,230,381,22,13),(1745,228,381,21,14),(1746,226,381,20,15),(1747,224,381,19,16),(1748,222,381,18,17),(1749,220,381,17,18),(1750,249,382,32,1),(1751,156,382,10,2),(1752,218,382,16,3),(1753,201,382,13,4),(1754,248,382,31,5),(1755,246,382,30,6),(1756,244,382,29,7),(1757,242,382,28,8),(1758,240,382,27,9),(1759,238,382,26,10),(1760,236,382,25,11),(1761,234,382,24,12),(1762,232,382,23,13),(1763,230,382,22,14),(1764,228,382,21,15),(1765,226,382,20,16),(1766,224,382,19,17),(1767,222,382,18,18),(1768,220,382,17,19),(1769,250,383,32,1),(1770,156,383,10,2),(1771,218,383,16,3),(1772,201,383,13,4),(1773,248,383,31,5),(1774,246,383,30,6),(1775,244,383,29,7),(1776,242,383,28,8),(1777,240,383,27,9),(1778,238,383,26,10),(1779,236,383,25,11),(1780,234,383,24,12),(1781,232,383,23,13),(1782,230,383,22,14),(1783,228,383,21,15),(1784,226,383,20,16),(1785,224,383,19,17),(1786,222,383,18,18),(1787,220,383,17,19),(1788,156,384,10,1),(1789,250,384,32,2),(1790,218,384,16,3),(1791,201,384,13,4),(1792,248,384,31,5),(1793,246,384,30,6),(1794,244,384,29,7),(1795,242,384,28,8),(1796,240,384,27,9),(1797,238,384,26,10),(1798,236,384,25,11),(1799,234,384,24,12),(1800,232,384,23,13),(1801,230,384,22,14),(1802,228,384,21,15),(1803,226,384,20,16),(1804,224,384,19,17),(1805,222,384,18,18),(1806,220,384,17,19),(1807,156,385,10,1),(1808,218,385,16,2),(1809,250,385,32,3),(1810,201,385,13,4),(1811,248,385,31,5),(1812,246,385,30,6),(1813,244,385,29,7),(1814,242,385,28,8),(1815,240,385,27,9),(1816,238,385,26,10),(1817,236,385,25,11),(1818,234,385,24,12),(1819,232,385,23,13),(1820,230,385,22,14),(1821,228,385,21,15),(1822,226,385,20,16),(1823,224,385,19,17),(1824,222,385,18,18),(1825,220,385,17,19),(1826,156,386,10,1),(1827,218,386,16,2),(1828,201,386,13,3),(1829,250,386,32,4),(1830,248,386,31,5),(1831,246,386,30,6),(1832,244,386,29,7),(1833,242,386,28,8),(1834,240,386,27,9),(1835,238,386,26,10),(1836,236,386,25,11),(1837,234,386,24,12),(1838,232,386,23,13),(1839,230,386,22,14),(1840,228,386,21,15),(1841,226,386,20,16),(1842,224,386,19,17),(1843,222,386,18,18),(1844,220,386,17,19),(1845,156,387,10,1),(1846,218,387,16,2),(1847,251,387,13,3),(1848,250,387,32,4),(1849,248,387,31,5),(1850,246,387,30,6),(1851,244,387,29,7),(1852,242,387,28,8),(1853,240,387,27,9),(1854,238,387,26,10),(1855,236,387,25,11),(1856,234,387,24,12),(1857,232,387,23,13),(1858,230,387,22,14),(1859,228,387,21,15),(1860,226,387,20,16),(1861,224,387,19,17),(1862,222,387,18,18),(1863,220,387,17,19),(1864,252,388,33,1),(1865,156,388,10,2),(1866,218,388,16,3),(1867,251,388,13,4),(1868,250,388,32,5),(1869,248,388,31,6),(1870,246,388,30,7),(1871,244,388,29,8),(1872,242,388,28,9),(1873,240,388,27,10),(1874,238,388,26,11),(1875,236,388,25,12),(1876,234,388,24,13),(1877,232,388,23,14),(1878,230,388,22,15),(1879,228,388,21,16),(1880,226,388,20,17),(1881,224,388,19,18),(1882,222,388,18,19),(1883,220,388,17,20),(1884,253,389,33,1),(1885,156,389,10,2),(1886,218,389,16,3),(1887,251,389,13,4),(1888,250,389,32,5),(1889,248,389,31,6),(1890,246,389,30,7),(1891,244,389,29,8),(1892,242,389,28,9),(1893,240,389,27,10),(1894,238,389,26,11),(1895,236,389,25,12),(1896,234,389,24,13),(1897,232,389,23,14),(1898,230,389,22,15),(1899,228,389,21,16),(1900,226,389,20,17),(1901,224,389,19,18),(1902,222,389,18,19),(1903,220,389,17,20),(1904,156,390,10,1),(1905,253,390,33,2),(1906,218,390,16,3),(1907,251,390,13,4),(1908,250,390,32,5),(1909,248,390,31,6),(1910,246,390,30,7),(1911,244,390,29,8),(1912,242,390,28,9),(1913,240,390,27,10),(1914,238,390,26,11),(1915,236,390,25,12),(1916,234,390,24,13),(1917,232,390,23,14),(1918,230,390,22,15),(1919,228,390,21,16),(1920,226,390,20,17),(1921,224,390,19,18),(1922,222,390,18,19),(1923,220,390,17,20),(1924,156,391,10,1),(1925,218,391,16,2),(1926,253,391,33,3),(1927,251,391,13,4),(1928,250,391,32,5),(1929,248,391,31,6),(1930,246,391,30,7),(1931,244,391,29,8),(1932,242,391,28,9),(1933,240,391,27,10),(1934,238,391,26,11),(1935,236,391,25,12),(1936,234,391,24,13),(1937,232,391,23,14),(1938,230,391,22,15),(1939,228,391,21,16),(1940,226,391,20,17),(1941,224,391,19,18),(1942,222,391,18,19),(1943,220,391,17,20),(1944,156,392,10,1),(1945,218,392,16,2),(1946,253,392,33,3),(1947,251,392,13,4),(1948,250,392,32,5),(1949,248,392,31,6),(1950,246,392,30,7),(1951,254,392,29,8),(1952,242,392,28,9),(1953,240,392,27,10),(1954,238,392,26,11),(1955,236,392,25,12),(1956,234,392,24,13),(1957,232,392,23,14),(1958,230,392,22,15),(1959,228,392,21,16),(1960,226,392,20,17),(1961,224,392,19,18),(1962,222,392,18,19),(1963,220,392,17,20),(1964,255,393,1,1),(1965,256,395,1,1),(1966,257,396,1,1),(1967,258,397,1,1),(1968,259,398,2,1),(1969,258,398,1,2),(1970,258,399,1,1),(1971,259,399,2,2),(1972,260,400,3,1),(1973,258,400,1,2),(1974,259,400,2,3),(1975,258,401,1,1),(1976,260,401,3,2),(1977,259,401,2,3),(1978,258,402,1,1),(1979,259,402,2,2),(1980,260,402,3,3),(1981,261,403,1,1),(1982,262,405,2,1),(1983,263,406,3,1),(1984,262,406,2,2),(1985,263,407,3,1),(1986,264,409,2,1),(1987,265,410,3,1),(1988,264,410,2,2),(1989,266,411,1,1),(1990,267,412,1,1),(1992,269,414,1,1),(1993,270,415,1,1),(1998,275,420,1,1),(1999,276,421,1,1),(2000,277,422,1,1),(2001,278,423,1,1),(2002,279,424,1,1),(2003,280,425,1,1),(2004,281,426,1,1),(2005,282,427,1,1),(2006,283,428,1,1),(2007,284,429,1,1),(2008,285,430,1,1),(2009,286,431,1,1),(2010,287,432,1,1),(2011,288,433,1,1),(2012,289,434,1,1),(2013,290,435,1,1),(2014,291,436,1,1),(2031,156,453,10,1),(2032,308,453,16,2),(2033,253,453,33,3),(2034,251,453,13,4),(2035,250,453,32,5),(2036,248,453,31,6),(2037,246,453,30,7),(2038,254,453,29,8),(2039,242,453,28,9),(2040,240,453,27,10),(2041,238,453,26,11),(2042,236,453,25,12),(2043,234,453,24,13),(2044,232,453,23,14),(2045,230,453,22,15),(2046,228,453,21,16),(2047,226,453,20,17),(2048,224,453,19,18),(2049,222,453,18,19),(2050,220,453,17,20),(2051,156,454,10,1),(2052,309,454,16,2),(2053,253,454,33,3),(2054,251,454,13,4),(2055,250,454,32,5),(2056,248,454,31,6),(2057,246,454,30,7),(2058,254,454,29,8),(2059,242,454,28,9),(2060,240,454,27,10),(2061,238,454,26,11),(2062,236,454,25,12),(2063,234,454,24,13),(2064,232,454,23,14),(2065,230,454,22,15),(2066,228,454,21,16),(2067,226,454,20,17),(2068,224,454,19,18),(2069,222,454,18,19),(2070,220,454,17,20),(2071,156,455,10,1),(2072,310,455,16,2),(2073,253,455,33,3),(2074,251,455,13,4),(2075,250,455,32,5),(2076,248,455,31,6),(2077,246,455,30,7),(2078,254,455,29,8),(2079,242,455,28,9),(2080,240,455,27,10),(2081,238,455,26,11),(2082,236,455,25,12),(2083,234,455,24,13),(2084,232,455,23,14),(2085,230,455,22,15),(2086,228,455,21,16),(2087,226,455,20,17),(2088,224,455,19,18),(2089,222,455,18,19),(2090,220,455,17,20),(2091,156,456,10,1),(2092,310,456,16,2),(2093,311,456,33,3),(2094,251,456,13,4),(2095,250,456,32,5),(2096,248,456,31,6),(2097,246,456,30,7),(2098,254,456,29,8),(2099,242,456,28,9),(2100,240,456,27,10),(2101,238,456,26,11),(2102,236,456,25,12),(2103,234,456,24,13),(2104,232,456,23,14),(2105,230,456,22,15),(2106,228,456,21,16),(2107,226,456,20,17),(2108,224,456,19,18),(2109,222,456,18,19),(2110,220,456,17,20),(2111,156,457,10,1),(2112,310,457,16,2),(2113,311,457,33,3),(2114,312,457,13,4),(2115,250,457,32,5),(2116,248,457,31,6),(2117,246,457,30,7),(2118,254,457,29,8),(2119,242,457,28,9),(2120,240,457,27,10),(2121,238,457,26,11),(2122,236,457,25,12),(2123,234,457,24,13),(2124,232,457,23,14),(2125,230,457,22,15),(2126,228,457,21,16),(2127,226,457,20,17),(2128,224,457,19,18),(2129,222,457,18,19),(2130,220,457,17,20),(2131,156,458,10,1),(2132,310,458,16,2),(2133,311,458,33,3),(2134,312,458,13,4),(2135,313,458,32,5),(2136,248,458,31,6),(2137,246,458,30,7),(2138,254,458,29,8),(2139,242,458,28,9),(2140,240,458,27,10),(2141,238,458,26,11),(2142,236,458,25,12),(2143,234,458,24,13),(2144,232,458,23,14),(2145,230,458,22,15),(2146,228,458,21,16),(2147,226,458,20,17),(2148,224,458,19,18),(2149,222,458,18,19),(2150,220,458,17,20),(2151,156,459,10,1),(2152,310,459,16,2),(2153,311,459,33,3),(2154,312,459,13,4),(2155,313,459,32,5),(2156,314,459,31,6),(2157,246,459,30,7),(2158,254,459,29,8),(2159,242,459,28,9),(2160,240,459,27,10),(2161,238,459,26,11),(2162,236,459,25,12),(2163,234,459,24,13),(2164,232,459,23,14),(2165,230,459,22,15),(2166,228,459,21,16),(2167,226,459,20,17),(2168,224,459,19,18),(2169,222,459,18,19),(2170,220,459,17,20),(2171,156,460,10,1),(2172,310,460,16,2),(2173,311,460,33,3),(2174,312,460,13,4),(2175,313,460,32,5),(2176,314,460,31,6),(2177,315,460,30,7),(2178,254,460,29,8),(2179,242,460,28,9),(2180,240,460,27,10),(2181,238,460,26,11),(2182,236,460,25,12),(2183,234,460,24,13),(2184,232,460,23,14),(2185,230,460,22,15),(2186,228,460,21,16),(2187,226,460,20,17),(2188,224,460,19,18),(2189,222,460,18,19),(2190,220,460,17,20),(2191,156,461,10,1),(2192,310,461,16,2),(2193,311,461,33,3),(2194,312,461,13,4),(2195,313,461,32,5),(2196,314,461,31,6),(2197,315,461,30,7),(2198,316,461,29,8),(2199,242,461,28,9),(2200,240,461,27,10),(2201,238,461,26,11),(2202,236,461,25,12),(2203,234,461,24,13),(2204,232,461,23,14),(2205,230,461,22,15),(2206,228,461,21,16),(2207,226,461,20,17),(2208,224,461,19,18),(2209,222,461,18,19),(2210,220,461,17,20),(2211,156,462,10,1),(2212,310,462,16,2),(2213,311,462,33,3),(2214,312,462,13,4),(2215,313,462,32,5),(2216,314,462,31,6),(2217,315,462,30,7),(2218,316,462,29,8),(2219,317,462,28,9),(2220,240,462,27,10),(2221,238,462,26,11),(2222,236,462,25,12),(2223,234,462,24,13),(2224,232,462,23,14),(2225,230,462,22,15),(2226,228,462,21,16),(2227,226,462,20,17),(2228,224,462,19,18),(2229,222,462,18,19),(2230,220,462,17,20),(2231,156,463,10,1),(2232,310,463,16,2),(2233,311,463,33,3),(2234,312,463,13,4),(2235,313,463,32,5),(2236,314,463,31,6),(2237,315,463,30,7),(2238,316,463,29,8),(2239,317,463,28,9),(2240,318,463,27,10),(2241,238,463,26,11),(2242,236,463,25,12),(2243,234,463,24,13),(2244,232,463,23,14),(2245,230,463,22,15),(2246,228,463,21,16),(2247,226,463,20,17),(2248,224,463,19,18),(2249,222,463,18,19),(2250,220,463,17,20),(2251,156,464,10,1),(2252,310,464,16,2),(2253,311,464,33,3),(2254,312,464,13,4),(2255,313,464,32,5),(2256,314,464,31,6),(2257,315,464,30,7),(2258,316,464,29,8),(2259,317,464,28,9),(2260,318,464,27,10),(2261,319,464,26,11),(2262,236,464,25,12),(2263,234,464,24,13),(2264,232,464,23,14),(2265,230,464,22,15),(2266,228,464,21,16),(2267,226,464,20,17),(2268,224,464,19,18),(2269,222,464,18,19),(2270,220,464,17,20),(2271,156,465,10,1),(2272,310,465,16,2),(2273,311,465,33,3),(2274,312,465,13,4),(2275,313,465,32,5),(2276,314,465,31,6),(2277,315,465,30,7),(2278,316,465,29,8),(2279,317,465,28,9),(2280,318,465,27,10),(2281,319,465,26,11),(2282,320,465,25,12),(2283,234,465,24,13),(2284,232,465,23,14),(2285,230,465,22,15),(2286,228,465,21,16),(2287,226,465,20,17),(2288,224,465,19,18),(2289,222,465,18,19),(2290,220,465,17,20),(2291,156,466,10,1),(2292,310,466,16,2),(2293,311,466,33,3),(2294,312,466,13,4),(2295,313,466,32,5),(2296,314,466,31,6),(2297,315,466,30,7),(2298,316,466,29,8),(2299,317,466,28,9),(2300,318,466,27,10),(2301,319,466,26,11),(2302,321,466,25,12),(2303,234,466,24,13),(2304,232,466,23,14),(2305,230,466,22,15),(2306,228,466,21,16),(2307,226,466,20,17),(2308,224,466,19,18),(2309,222,466,18,19),(2310,220,466,17,20),(2312,156,469,10,1),(2313,310,469,16,2),(2314,323,469,33,3),(2315,312,469,13,4),(2316,313,469,32,5),(2317,314,469,31,6),(2318,315,469,30,7),(2319,316,469,29,8),(2320,317,469,28,9),(2321,318,469,27,10),(2322,319,469,26,11),(2323,321,469,25,12),(2324,234,469,24,13),(2325,232,469,23,14),(2326,230,469,22,15),(2327,228,469,21,16),(2328,226,469,20,17),(2329,224,469,19,18),(2330,222,469,18,19),(2331,220,469,17,20),(2332,156,470,10,1),(2333,310,470,16,2),(2334,324,470,33,3),(2335,312,470,13,4),(2336,313,470,32,5),(2337,314,470,31,6),(2338,315,470,30,7),(2339,316,470,29,8),(2340,317,470,28,9),(2341,318,470,27,10),(2342,319,470,26,11),(2343,321,470,25,12),(2344,234,470,24,13),(2345,232,470,23,14),(2346,230,470,22,15),(2347,228,470,21,16),(2348,226,470,20,17),(2349,224,470,19,18),(2350,222,470,18,19),(2351,220,470,17,20),(2352,156,471,10,1),(2353,310,471,16,2),(2354,324,471,33,3),(2355,312,471,13,4),(2356,325,471,32,5),(2357,314,471,31,6),(2358,315,471,30,7),(2359,316,471,29,8),(2360,317,471,28,9),(2361,318,471,27,10),(2362,319,471,26,11),(2363,321,471,25,12),(2364,234,471,24,13),(2365,232,471,23,14),(2366,230,471,22,15),(2367,228,471,21,16),(2368,226,471,20,17),(2369,224,471,19,18),(2370,222,471,18,19),(2371,220,471,17,20),(2372,156,472,10,1),(2373,310,472,16,2),(2374,324,472,33,3),(2375,312,472,13,4),(2376,325,472,32,5),(2377,314,472,31,6),(2378,326,472,30,7),(2379,316,472,29,8),(2380,317,472,28,9),(2381,318,472,27,10),(2382,319,472,26,11),(2383,321,472,25,12),(2384,234,472,24,13),(2385,232,472,23,14),(2386,230,472,22,15),(2387,228,472,21,16),(2388,226,472,20,17),(2389,224,472,19,18),(2390,222,472,18,19),(2391,220,472,17,20),(2392,156,473,10,1),(2393,310,473,16,2),(2394,324,473,33,3),(2395,312,473,13,4),(2396,325,473,32,5),(2397,314,473,31,6),(2398,326,473,30,7),(2399,316,473,29,8),(2400,327,473,28,9),(2401,318,473,27,10),(2402,319,473,26,11),(2403,321,473,25,12),(2404,234,473,24,13),(2405,232,473,23,14),(2406,230,473,22,15),(2407,228,473,21,16),(2408,226,473,20,17),(2409,224,473,19,18),(2410,222,473,18,19),(2411,220,473,17,20),(2412,156,474,10,1),(2413,310,474,16,2),(2414,324,474,33,3),(2415,312,474,13,4),(2416,325,474,32,5),(2417,314,474,31,6),(2418,326,474,30,7),(2419,316,474,29,8),(2420,327,474,28,9),(2421,318,474,27,10),(2422,328,474,26,11),(2423,321,474,25,12),(2424,234,474,24,13),(2425,232,474,23,14),(2426,230,474,22,15),(2427,228,474,21,16),(2428,226,474,20,17),(2429,224,474,19,18),(2430,222,474,18,19),(2431,220,474,17,20),(2432,156,475,10,1),(2433,310,475,16,2),(2434,324,475,33,3),(2435,312,475,13,4),(2436,325,475,32,5),(2437,314,475,31,6),(2438,326,475,30,7),(2439,316,475,29,8),(2440,327,475,28,9),(2441,318,475,27,10),(2442,328,475,26,11),(2443,321,475,25,12),(2444,329,475,24,13),(2445,232,475,23,14),(2446,230,475,22,15),(2447,228,475,21,16),(2448,226,475,20,17),(2449,224,475,19,18),(2450,222,475,18,19),(2451,220,475,17,20),(2452,156,476,10,1),(2453,310,476,16,2),(2454,324,476,33,3),(2455,312,476,13,4),(2456,325,476,32,5),(2457,314,476,31,6),(2458,326,476,30,7),(2459,316,476,29,8),(2460,327,476,28,9),(2461,318,476,27,10),(2462,328,476,26,11),(2463,321,476,25,12),(2464,329,476,24,13),(2465,232,476,23,14),(2466,330,476,22,15),(2467,228,476,21,16),(2468,226,476,20,17),(2469,224,476,19,18),(2470,222,476,18,19),(2471,220,476,17,20),(2472,156,477,10,1),(2473,310,477,16,2),(2474,324,477,33,3),(2475,312,477,13,4),(2476,325,477,32,5),(2477,314,477,31,6),(2478,326,477,30,7),(2479,316,477,29,8),(2480,327,477,28,9),(2481,318,477,27,10),(2482,328,477,26,11),(2483,321,477,25,12),(2484,329,477,24,13),(2485,232,477,23,14),(2486,330,477,22,15),(2487,228,477,21,16),(2488,331,477,20,17),(2489,224,477,19,18),(2490,222,477,18,19),(2491,220,477,17,20),(2492,156,478,10,1),(2493,310,478,16,2),(2494,324,478,33,3),(2495,312,478,13,4),(2496,325,478,32,5),(2497,314,478,31,6),(2498,326,478,30,7),(2499,316,478,29,8),(2500,327,478,28,9),(2501,318,478,27,10),(2502,328,478,26,11),(2503,321,478,25,12),(2504,329,478,24,13),(2505,232,478,23,14),(2506,330,478,22,15),(2507,228,478,21,16),(2508,331,478,20,17),(2509,224,478,19,18),(2510,332,478,18,19),(2511,220,478,17,20),(2512,156,479,10,1),(2513,310,479,16,2),(2514,324,479,33,3),(2515,312,479,13,4),(2516,325,479,32,5),(2517,314,479,31,6),(2518,326,479,30,7),(2519,316,479,29,8),(2520,327,479,28,9),(2521,318,479,27,10),(2522,328,479,26,11),(2523,333,479,25,12),(2524,329,479,24,13),(2525,232,479,23,14),(2526,330,479,22,15),(2527,228,479,21,16),(2528,331,479,20,17),(2529,224,479,19,18),(2530,332,479,18,19),(2531,220,479,17,20),(2532,156,480,10,1),(2533,310,480,16,2),(2534,324,480,33,3),(2535,312,480,13,4),(2536,325,480,32,5),(2537,314,480,31,6),(2538,326,480,30,7),(2539,316,480,29,8),(2540,327,480,28,9),(2541,318,480,27,10),(2542,328,480,26,11),(2543,333,480,25,12),(2544,334,480,24,13),(2545,232,480,23,14),(2546,330,480,22,15),(2547,228,480,21,16),(2548,331,480,20,17),(2549,224,480,19,18),(2550,332,480,18,19),(2551,220,480,17,20),(2552,156,481,10,1),(2553,310,481,16,2),(2554,324,481,33,3),(2555,312,481,13,4),(2556,325,481,32,5),(2557,314,481,31,6),(2558,326,481,30,7),(2559,316,481,29,8),(2560,327,481,28,9),(2561,318,481,27,10),(2562,328,481,26,11),(2563,333,481,25,12),(2564,334,481,24,13),(2565,335,481,23,14),(2566,330,481,22,15),(2567,228,481,21,16),(2568,331,481,20,17),(2569,224,481,19,18),(2570,332,481,18,19),(2571,220,481,17,20),(2572,156,482,10,1),(2573,310,482,16,2),(2574,324,482,33,3),(2575,312,482,13,4),(2576,325,482,32,5),(2577,314,482,31,6),(2578,326,482,30,7),(2579,316,482,29,8),(2580,327,482,28,9),(2581,318,482,27,10),(2582,328,482,26,11),(2583,333,482,25,12),(2584,334,482,24,13),(2585,335,482,23,14),(2586,336,482,22,15),(2587,228,482,21,16),(2588,331,482,20,17),(2589,224,482,19,18),(2590,332,482,18,19),(2591,220,482,17,20),(2592,156,483,10,1),(2593,310,483,16,2),(2594,324,483,33,3),(2595,312,483,13,4),(2596,325,483,32,5),(2597,314,483,31,6),(2598,326,483,30,7),(2599,316,483,29,8),(2600,327,483,28,9),(2601,318,483,27,10),(2602,328,483,26,11),(2603,333,483,25,12),(2604,334,483,24,13),(2605,335,483,23,14),(2606,336,483,22,15),(2607,337,483,21,16),(2608,331,483,20,17),(2609,224,483,19,18),(2610,332,483,18,19),(2611,220,483,17,20),(2612,156,484,10,1),(2613,310,484,16,2),(2614,324,484,33,3),(2615,312,484,13,4),(2616,325,484,32,5),(2617,314,484,31,6),(2618,326,484,30,7),(2619,316,484,29,8),(2620,327,484,28,9),(2621,318,484,27,10),(2622,328,484,26,11),(2623,333,484,25,12),(2624,334,484,24,13),(2625,335,484,23,14),(2626,336,484,22,15),(2627,337,484,21,16),(2628,331,484,20,17),(2629,338,484,19,18),(2630,332,484,18,19),(2631,220,484,17,20),(2632,156,485,10,1),(2633,310,485,16,2),(2634,324,485,33,3),(2635,312,485,13,4),(2636,325,485,32,5),(2637,314,485,31,6),(2638,326,485,30,7),(2639,316,485,29,8),(2640,327,485,28,9),(2641,318,485,27,10),(2642,328,485,26,11),(2643,333,485,25,12),(2644,334,485,24,13),(2645,335,485,23,14),(2646,336,485,22,15),(2647,337,485,21,16),(2648,331,485,20,17),(2649,338,485,19,18),(2650,332,485,18,19),(2651,339,485,17,20),(2652,340,486,9,1),(2653,70,486,4,2),(2654,75,486,5,3),(2655,341,487,2,1),(2656,281,487,1,2),(2657,281,488,1,1),(2658,341,488,2,2),(2659,342,489,1,1),(2660,341,489,2,2),(2661,343,490,3,1),(2662,342,490,1,2),(2663,341,490,2,3),(2664,344,491,1,1),(2665,345,492,1,1),(2666,346,493,1,1),(2667,347,494,1,1),(2668,348,495,1,1),(2669,349,496,1,1),(2670,350,497,1,1),(2671,351,498,1,1),(2672,352,499,1,1),(2673,353,500,1,1),(2674,354,501,1,1),(2675,355,502,1,1),(2676,356,503,1,1),(2677,357,504,1,1),(2678,358,505,1,1),(2679,359,506,1,1),(2680,360,507,1,1),(2681,361,508,1,1),(2682,362,509,1,1),(2683,363,510,1,1),(2684,364,511,1,1),(2685,365,512,1,1),(2686,366,513,1,1),(2687,367,514,1,1),(2688,368,515,1,1),(2689,369,516,1,1),(2690,370,517,1,1),(2691,371,518,1,1),(2692,372,519,1,1),(2693,373,520,1,1),(2694,374,521,1,1),(2695,375,522,1,1),(2696,376,523,1,1),(2697,377,524,1,1),(2698,378,525,1,1),(2699,379,526,1,1),(2700,380,527,1,1),(2701,381,528,1,1),(2702,382,529,1,1),(2703,383,530,1,1),(2704,384,531,1,1),(2705,385,532,1,1),(2706,386,533,1,1),(2707,387,534,1,1),(2708,388,535,1,1),(2709,389,536,1,1),(2710,390,537,1,1),(2711,391,538,1,1),(2712,392,539,1,1),(2713,393,540,1,1),(2714,394,541,1,1),(2715,395,542,1,1),(2716,396,543,1,1),(2717,397,544,1,1),(2718,398,545,1,1),(2719,399,546,1,1),(2720,400,547,1,1),(2721,401,548,1,1),(2722,402,549,1,1),(2723,403,550,1,1),(2724,404,551,1,1),(2725,405,552,1,1),(2726,406,553,1,1),(2727,407,554,1,1),(2728,408,555,1,1),(2729,409,556,1,1),(2730,410,557,1,1),(2731,411,558,1,1),(2732,412,559,1,1),(2733,413,560,1,1),(2734,414,561,1,1),(2735,415,562,1,1),(2736,416,563,1,1),(2737,417,564,1,1),(2738,418,565,1,1),(2739,419,566,1,1),(2740,420,567,1,1),(2741,421,568,1,1),(2742,422,569,1,1),(2743,423,570,1,1),(2744,424,571,1,1),(2745,425,572,1,1),(2746,426,573,2,1),(2747,425,573,1,2),(2748,427,574,1,1),(2749,428,575,1,1),(2750,429,576,1,1),(2751,430,577,1,1),(2752,431,578,1,1),(2753,432,579,1,1),(2754,433,580,1,1),(2755,434,581,1,1),(2756,435,582,1,1),(2757,436,583,1,1),(2758,437,584,1,1),(2759,438,586,1,1),(2760,439,587,1,1),(2762,441,589,1,1),(2763,442,590,1,1),(2764,443,591,1,1),(2765,444,592,1,1),(2766,445,593,1,1),(2767,446,594,1,1),(2768,447,595,1,1),(2769,448,596,4,1),(2770,265,596,3,2),(2771,264,596,2,3),(2772,265,597,3,1),(2773,448,597,4,2),(2774,264,597,2,3),(2775,265,598,3,1),(2776,264,598,2,2),(2777,448,598,4,3),(2778,449,599,5,1),(2779,265,599,3,2),(2780,264,599,2,3),(2781,448,599,4,4),(2782,265,600,3,1),(2783,449,600,5,2),(2784,264,600,2,3),(2785,448,600,4,4),(2786,265,601,3,1),(2787,264,601,2,2),(2788,449,601,5,3),(2789,448,601,4,4),(2790,265,602,3,1),(2791,264,602,2,2),(2792,448,602,4,3),(2793,449,602,5,4),(2794,264,603,2,1),(2795,448,603,4,2),(2796,449,603,5,3),(2797,448,604,4,1),(2798,449,604,5,2),(2799,450,605,6,1),(2800,448,605,4,2),(2801,449,605,5,3),(2802,451,606,7,1),(2803,450,606,6,2),(2804,448,606,4,3),(2805,449,606,5,4),(2806,259,607,2,1),(2807,260,607,3,2),(2808,260,608,3,1),(2809,452,610,4,1),(2810,453,611,4,1),(2811,454,612,4,1),(2812,455,613,4,1),(2813,456,614,1,1),(2832,475,634,1,1),(2833,340,635,9,1),(2834,70,635,4,2),(2835,75,635,5,3),(2836,476,636,11,1),(2837,150,636,1,2),(2838,151,636,2,3),(2839,152,636,3,4),(2840,208,636,6,5),(2841,210,636,7,6),(2842,206,636,5,7),(2843,212,636,8,8),(2844,214,636,9,9),(2845,155,636,4,10),(2846,216,636,10,11),(2847,476,637,11,1),(2848,150,637,1,2),(2849,151,637,2,3),(2850,152,637,3,4),(2851,208,637,6,5),(2852,210,637,7,6),(2853,206,637,5,7),(2854,212,637,8,8),(2855,214,637,9,9),(2856,155,637,4,10),(2857,216,637,10,11),(2858,477,638,12,1),(2859,476,638,11,2),(2860,150,638,1,3),(2861,151,638,2,4),(2862,152,638,3,5),(2863,208,638,6,6),(2864,210,638,7,7),(2865,206,638,5,8),(2866,212,638,8,9),(2867,214,638,9,10),(2868,155,638,4,11),(2869,216,638,10,12),(2870,478,639,12,1),(2871,476,639,11,2),(2872,150,639,1,3),(2873,151,639,2,4),(2874,152,639,3,5),(2875,208,639,6,6),(2876,210,639,7,7),(2877,206,639,5,8),(2878,212,639,8,9),(2879,214,639,9,10),(2880,155,639,4,11),(2881,216,639,10,12),(2882,476,640,11,1),(2883,478,640,12,2),(2884,150,640,1,3),(2885,151,640,2,4),(2886,152,640,3,5),(2887,208,640,6,6),(2888,210,640,7,7),(2889,206,640,5,8),(2890,212,640,8,9),(2891,214,640,9,10),(2892,155,640,4,11),(2893,216,640,10,12),(2894,476,641,11,1),(2895,150,641,1,2),(2896,478,641,12,3),(2897,151,641,2,4),(2898,152,641,3,5),(2899,208,641,6,6),(2900,210,641,7,7),(2901,206,641,5,8),(2902,212,641,8,9),(2903,214,641,9,10),(2904,155,641,4,11),(2905,216,641,10,12),(2906,476,642,11,1),(2907,150,642,1,2),(2908,151,642,2,3),(2909,478,642,12,4),(2910,152,642,3,5),(2911,208,642,6,6),(2912,210,642,7,7),(2913,206,642,5,8),(2914,212,642,8,9),(2915,214,642,9,10),(2916,155,642,4,11),(2917,216,642,10,12),(2918,150,643,1,1),(2919,476,643,11,2),(2920,151,643,2,3),(2921,478,643,12,4),(2922,152,643,3,5),(2923,208,643,6,6),(2924,210,643,7,7),(2925,206,643,5,8),(2926,212,643,8,9),(2927,214,643,9,10),(2928,155,643,4,11),(2929,216,643,10,12),(2930,150,644,1,1),(2931,151,644,2,2),(2932,476,644,11,3),(2933,478,644,12,4),(2934,152,644,3,5),(2935,208,644,6,6),(2936,210,644,7,7),(2937,206,644,5,8),(2938,212,644,8,9),(2939,214,644,9,10),(2940,155,644,4,11),(2941,216,644,10,12),(2942,150,645,1,1),(2943,151,645,2,2),(2944,478,645,12,3),(2945,476,645,11,4),(2946,152,645,3,5),(2947,208,645,6,6),(2948,210,645,7,7),(2949,206,645,5,8),(2950,212,645,8,9),(2951,214,645,9,10),(2952,155,645,4,11),(2953,216,645,10,12),(2954,340,646,9,1),(2955,70,646,4,2),(2956,75,646,5,3),(2957,479,647,1,1),(2958,480,648,1,1),(2959,481,649,1,1),(2960,482,650,1,1),(2961,483,651,1,1),(2962,484,652,1,1),(2963,485,653,1,1),(2964,486,654,1,1),(2965,487,655,1,1),(2966,488,656,1,1),(2967,489,657,1,1),(2968,490,658,1,1),(2969,491,659,1,1),(2970,492,660,10,1),(2971,340,660,9,2),(2972,70,660,4,3),(2973,75,660,5,4),(2974,150,661,1,1),(2975,151,661,2,2),(2976,478,661,12,3),(2977,476,661,11,4),(2978,152,661,3,5),(2979,208,661,6,6),(2980,493,661,7,7),(2981,206,661,5,8),(2982,212,661,8,9),(2983,214,661,9,10),(2984,155,661,4,11),(2985,216,661,10,12),(2986,150,662,1,1),(2987,151,662,2,2),(2988,478,662,12,3),(2989,476,662,11,4),(2990,152,662,3,5),(2991,208,662,6,6),(2992,493,662,7,7),(2993,206,662,5,8),(2994,494,662,8,9),(2995,214,662,9,10),(2996,155,662,4,11),(2997,216,662,10,12),(2998,150,663,1,1),(2999,151,663,2,2),(3000,478,663,12,3),(3001,476,663,11,4),(3002,152,663,3,5),(3003,208,663,6,6),(3004,493,663,7,7),(3005,206,663,5,8),(3006,494,663,8,9),(3007,214,663,9,10),(3008,495,663,4,11),(3009,216,663,10,12),(3010,496,664,1,1),(3011,497,665,1,1),(3012,498,666,1,1),(3013,499,667,1,1),(3014,500,668,1,1),(3015,501,669,2,1),(3016,500,669,1,2),(3017,500,671,1,1),(3018,501,671,2,2),(3019,500,672,1,1),(3020,502,672,2,2),(3021,503,673,1,1),(3022,502,673,2,2),(3023,503,674,1,1),(3024,504,674,2,2),(3025,505,675,1,1),(3026,504,675,2,2),(3027,505,676,1,1),(3028,506,676,2,2),(3029,507,677,4,1),(3030,508,678,4,1),(3031,509,679,4,1),(3032,510,680,4,1),(3033,511,681,4,1),(3034,512,682,4,1),(3035,342,683,1,1),(3036,341,683,2,2),(3037,513,684,1,1),(3038,492,686,10,1),(3039,340,686,9,2),(3040,75,686,5,3),(3041,492,687,10,1),(3042,340,687,9,2),(3043,514,688,1,1),(3044,515,689,1,1),(3045,516,690,1,1),(3046,517,691,1,1),(3047,518,692,1,1),(3048,519,693,1,1),(3049,520,694,1,1),(3050,521,695,1,1),(3051,522,696,2,1),(3052,521,696,1,2),(3053,521,697,1,1),(3054,522,697,2,2),(3055,523,698,1,1),(3056,524,699,1,1),(3057,525,700,1,1),(3058,526,701,1,1),(3059,527,702,1,1),(3060,528,703,1,1),(3061,529,704,11,1),(3062,492,704,10,2),(3063,340,704,9,3),(3064,176,705,1,1),(3065,530,706,2,1),(3066,531,708,12,1),(3067,529,708,11,2),(3068,492,708,10,3),(3069,340,708,9,4),(3070,529,709,11,1),(3071,531,709,12,2),(3072,492,709,10,3),(3073,340,709,9,4),(3074,531,710,12,1),(3075,529,710,11,2),(3076,492,710,10,3),(3077,340,710,9,4),(3078,529,711,11,1),(3079,531,711,12,2),(3080,492,711,10,3),(3081,340,711,9,4),(3082,529,712,11,1),(3083,531,712,12,2),(3084,492,712,10,3),(3085,529,713,11,1),(3086,531,713,12,2),(3087,532,713,10,3),(3088,533,714,1,1),(3089,534,715,3,1),(3090,533,715,1,2),(3091,535,716,3,1),(3092,536,717,3,1),(3093,156,718,10,1),(3094,310,718,16,2),(3095,324,718,33,3),(3096,312,718,13,4),(3097,325,718,32,5),(3098,314,718,31,6),(3099,326,718,30,7),(3100,316,718,29,8),(3101,327,718,28,9),(3102,318,718,27,10),(3103,328,718,26,11),(3104,333,718,25,12),(3105,334,718,24,13),(3106,335,718,23,14),(3107,336,718,22,15),(3108,337,718,21,16),(3109,331,718,20,17),(3110,338,718,19,18),(3111,332,718,18,19),(3112,537,718,17,20),(3113,538,719,13,1),(3114,150,719,1,2),(3115,151,719,2,3),(3116,478,719,12,4),(3117,476,719,11,5),(3118,152,719,3,6),(3119,208,719,6,7),(3120,493,719,7,8),(3121,206,719,5,9),(3122,494,719,8,10),(3123,214,719,9,11),(3124,495,719,4,12),(3125,216,719,10,13),(3126,539,720,13,1),(3127,150,720,1,2),(3128,151,720,2,3),(3129,478,720,12,4),(3130,476,720,11,5),(3131,152,720,3,6),(3132,208,720,6,7),(3133,493,720,7,8),(3134,206,720,5,9),(3135,494,720,8,10),(3136,214,720,9,11),(3137,495,720,4,12),(3138,216,720,10,13),(3139,540,721,13,1),(3140,150,721,1,2),(3141,151,721,2,3),(3142,478,721,12,4),(3143,476,721,11,5),(3144,152,721,3,6),(3145,208,721,6,7),(3146,493,721,7,8),(3147,206,721,5,9),(3148,494,721,8,10),(3149,214,721,9,11),(3150,495,721,4,12),(3151,216,721,10,13),(3152,150,722,1,1),(3153,540,722,13,2),(3154,151,722,2,3),(3155,478,722,12,4),(3156,476,722,11,5),(3157,152,722,3,6),(3158,208,722,6,7),(3159,493,722,7,8),(3160,206,722,5,9),(3161,494,722,8,10),(3162,214,722,9,11),(3163,495,722,4,12),(3164,216,722,10,13),(3165,150,723,1,1),(3166,151,723,2,2),(3167,540,723,13,3),(3168,478,723,12,4),(3169,476,723,11,5),(3170,152,723,3,6),(3171,208,723,6,7),(3172,493,723,7,8),(3173,206,723,5,9),(3174,494,723,8,10),(3175,214,723,9,11),(3176,495,723,4,12),(3177,216,723,10,13),(3178,150,724,1,1),(3179,151,724,2,2),(3180,478,724,12,3),(3181,476,724,11,4),(3182,152,724,3,5),(3183,208,724,6,6),(3184,493,724,7,7),(3185,206,724,5,8),(3186,494,724,8,9),(3187,214,724,9,10),(3188,495,724,4,11),(3189,216,724,10,12),(3190,541,725,4,1),(3191,542,726,5,1),(3192,541,726,4,2),(3193,543,727,5,1),(3194,541,727,4,2),(3195,541,728,4,1),(3196,544,730,2,1),(3197,545,731,3,1),(3198,544,731,2,2),(3199,544,732,2,1),(3200,546,733,4,1),(3201,544,733,2,2),(3202,547,734,4,1),(3203,534,734,3,2),(3204,533,734,1,3),(3205,544,735,2,1),(3206,534,737,3,1),(3207,533,737,1,2),(3208,548,738,5,1),(3209,534,738,3,2),(3210,533,738,1,3),(3211,534,739,3,1),(3212,533,739,1,2),(3214,550,741,1,1),(3215,551,742,1,1),(3216,552,743,1,1),(3217,553,744,1,1),(3218,554,745,1,1),(3219,555,746,1,1),(3220,556,747,1,1),(3221,557,748,1,1),(3222,558,749,1,1),(3223,559,750,1,1),(3224,560,751,1,1),(3225,561,752,1,1),(3226,562,753,1,1),(3227,563,754,6,1),(3228,534,754,3,2),(3229,533,754,1,3),(3230,534,755,3,1),(3231,533,755,1,2),(3232,564,756,1,1),(3233,565,757,1,1),(3234,529,758,11,1),(3235,532,758,10,2),(3236,532,759,10,1),(3237,566,760,1,1),(3238,567,761,1,1),(3239,568,762,1,1),(3240,569,763,1,1),(3241,570,764,1,1),(3242,571,765,1,1),(3243,572,766,1,1),(3244,572,767,1,1),(3245,573,768,1,1),(3246,574,769,1,1),(3247,575,770,13,1),(3248,532,770,10,2),(3249,532,771,10,1),(3250,576,772,14,1),(3251,532,772,10,2),(3252,532,773,10,1),(3253,577,774,15,1),(3254,532,774,10,2),(3255,577,775,15,1),(3256,578,776,7,1),(3257,534,776,3,2),(3258,533,776,1,3),(3259,579,777,16,1),(3260,577,777,15,2),(3261,580,778,4,1),(3262,536,778,3,2),(3263,581,779,8,1),(3264,578,779,7,2),(3265,534,779,3,3),(3266,533,779,1,4),(3267,582,780,17,1),(3268,579,780,16,2),(3269,577,780,15,3),(3270,579,781,16,1),(3271,577,781,15,2),(3272,578,782,7,1),(3273,534,782,3,2),(3274,533,782,1,3),(3275,577,783,15,1),(3276,536,784,3,1),(3277,150,785,1,1),(3278,583,785,2,2),(3279,478,785,12,3),(3280,476,785,11,4),(3281,152,785,3,5),(3282,208,785,6,6),(3283,493,785,7,7),(3284,206,785,5,8),(3285,494,785,8,9),(3286,214,785,9,10),(3287,495,785,4,11),(3288,216,785,10,12),(3290,585,787,1,1),(3291,586,788,1,1),(3292,587,789,1,1),(3293,583,789,2,2),(3294,478,789,12,3),(3295,476,789,11,4),(3296,152,789,3,5),(3297,208,789,6,6),(3298,493,789,7,7),(3299,206,789,5,8),(3300,494,789,8,9),(3301,214,789,9,10),(3302,495,789,4,11),(3303,216,789,10,12),(3304,588,790,1,1),(3305,589,791,1,1),(3308,592,794,15,1),(3309,593,795,15,1),(3310,594,796,15,1),(3311,595,797,15,1),(3312,596,798,14,1),(3313,587,798,1,2),(3314,583,798,2,3),(3315,478,798,12,4),(3316,476,798,11,5),(3317,152,798,3,6),(3318,208,798,6,7),(3319,493,798,7,8),(3320,206,798,5,9),(3321,494,798,8,10),(3322,214,798,9,11),(3323,495,798,4,12),(3324,216,798,10,13),(3325,587,799,1,1),(3326,596,799,14,2),(3327,583,799,2,3),(3328,478,799,12,4),(3329,476,799,11,5),(3330,152,799,3,6),(3331,208,799,6,7),(3332,493,799,7,8),(3333,206,799,5,9),(3334,494,799,8,10),(3335,214,799,9,11),(3336,495,799,4,12),(3337,216,799,10,13),(3338,587,800,1,1),(3339,583,800,2,2),(3340,596,800,14,3),(3341,478,800,12,4),(3342,476,800,11,5),(3343,152,800,3,6),(3344,208,800,6,7),(3345,493,800,7,8),(3346,206,800,5,9),(3347,494,800,8,10),(3348,214,800,9,11),(3349,495,800,4,12),(3350,216,800,10,13),(3351,587,801,1,1),(3352,583,801,2,2),(3353,596,801,14,3),(3354,597,801,12,4),(3355,476,801,11,5),(3356,152,801,3,6),(3357,208,801,6,7),(3358,493,801,7,8),(3359,206,801,5,9),(3360,494,801,8,10),(3361,214,801,9,11),(3362,495,801,4,12),(3363,216,801,10,13),(3364,587,802,1,1),(3365,583,802,2,2),(3366,597,802,12,3),(3367,476,802,11,4),(3368,152,802,3,5),(3369,208,802,6,6),(3370,493,802,7,7),(3371,206,802,5,8),(3372,494,802,8,9),(3373,214,802,9,10),(3374,495,802,4,11),(3375,216,802,10,12),(3376,598,803,1,1),(3377,599,804,2,1),(3378,598,804,1,2),(3379,598,805,1,1),(3380,599,805,2,2),(3381,600,806,1,1),(3382,599,806,2,2),(3383,587,807,1,1),(3384,583,807,2,2),(3385,476,807,11,3),(3386,152,807,3,4),(3387,208,807,6,5),(3388,493,807,7,6),(3389,206,807,5,7),(3390,494,807,8,8),(3391,214,807,9,9),(3392,495,807,4,10),(3393,216,807,10,11),(3394,587,808,1,1),(3395,583,808,2,2),(3396,152,808,3,3),(3397,208,808,6,4),(3398,493,808,7,5),(3399,206,808,5,6),(3400,494,808,8,7),(3401,214,808,9,8),(3402,495,808,4,9),(3403,216,808,10,10),(3404,587,809,1,1),(3405,583,809,2,2),(3406,152,809,3,3),(3407,208,809,6,4),(3408,493,809,7,5),(3409,206,809,5,6),(3410,494,809,8,7),(3411,214,809,9,8),(3412,495,809,4,9),(3413,216,809,10,10),(3414,601,810,1,1),(3415,602,811,2,1),(3416,601,811,1,2),(3417,603,812,2,1),(3418,601,812,1,2),(3419,601,813,1,1),(3420,603,813,2,2),(3421,604,815,1,1),(3422,605,816,1,1),(3423,606,817,1,1),(3424,607,818,2,1),(3425,606,818,1,2),(3426,606,819,1,1),(3427,607,819,2,2),(3428,608,820,1,1),(3429,607,820,2,2),(3430,609,821,1,1),(3431,607,821,2,2),(3432,610,822,1,1),(3433,607,822,2,2),(3434,611,823,3,1),(3435,601,823,1,2),(3436,603,823,2,3),(3437,612,824,3,1),(3438,601,824,1,2),(3439,603,824,2,3),(3440,612,825,3,1),(3441,601,825,1,2),(3442,603,825,2,3),(3443,613,826,4,1),(3444,612,826,3,2),(3445,601,826,1,3),(3446,603,826,2,4),(3447,614,827,4,1),(3448,612,827,3,2),(3449,601,827,1,3),(3450,603,827,2,4),(3451,612,828,3,1),(3452,614,828,4,2),(3453,601,828,1,3),(3454,603,828,2,4),(3455,612,829,3,1),(3456,601,829,1,2),(3457,614,829,4,3),(3458,603,829,2,4),(3459,601,830,1,1),(3460,614,830,4,2),(3461,603,830,2,3),(3462,601,831,1,1),(3463,603,831,2,2),(3464,614,831,4,3),(3465,615,832,5,1),(3466,601,832,1,2),(3467,603,832,2,3),(3468,614,832,4,4),(3469,616,833,5,1),(3470,601,833,1,2),(3471,603,833,2,3),(3472,614,833,4,4),(3473,601,834,1,1),(3474,616,834,5,2),(3475,603,834,2,3),(3476,614,834,4,4),(3477,601,835,1,1),(3478,603,835,2,2),(3479,616,835,5,3),(3480,614,835,4,4),(3481,601,836,1,1),(3482,603,836,2,2),(3483,614,836,4,3),(3484,616,836,5,4),(3485,601,837,1,1),(3486,617,837,2,2),(3487,614,837,4,3),(3488,616,837,5,4),(3489,618,838,6,1),(3490,601,838,1,2),(3491,617,838,2,3),(3492,614,838,4,4),(3493,616,838,5,5),(3494,619,839,6,1),(3495,601,839,1,2),(3496,617,839,2,3),(3497,614,839,4,4),(3498,616,839,5,5),(3499,601,840,1,1),(3500,619,840,6,2),(3501,617,840,2,3),(3502,614,840,4,4),(3503,616,840,5,5),(3504,601,841,1,1),(3505,617,841,2,2),(3506,619,841,6,3),(3507,614,841,4,4),(3508,616,841,5,5),(3509,601,842,1,1),(3510,617,842,2,2),(3511,614,842,4,3),(3512,619,842,6,4),(3513,616,842,5,5),(3514,601,843,1,1),(3515,617,843,2,2),(3516,614,843,4,3),(3517,616,843,5,4),(3518,619,843,6,5),(3519,620,844,7,1),(3520,601,844,1,2),(3521,617,844,2,3),(3522,614,844,4,4),(3523,616,844,5,5),(3524,619,844,6,6),(3525,621,845,7,1),(3526,601,845,1,2),(3527,617,845,2,3),(3528,614,845,4,4),(3529,616,845,5,5),(3530,619,845,6,6),(3531,622,846,7,1),(3532,601,846,1,2),(3533,617,846,2,3),(3534,614,846,4,4),(3535,616,846,5,5),(3536,619,846,6,6),(3537,601,847,1,1),(3538,622,847,7,2),(3539,617,847,2,3),(3540,614,847,4,4),(3541,616,847,5,5),(3542,619,847,6,6),(3543,601,848,1,1),(3544,617,848,2,2),(3545,622,848,7,3),(3546,614,848,4,4),(3547,616,848,5,5),(3548,619,848,6,6),(3549,601,849,1,1),(3550,617,849,2,2),(3551,614,849,4,3),(3552,622,849,7,4),(3553,616,849,5,5),(3554,619,849,6,6),(3555,601,850,1,1),(3556,617,850,2,2),(3557,614,850,4,3),(3558,616,850,5,4),(3559,622,850,7,5),(3560,619,850,6,6),(3561,601,851,1,1),(3562,617,851,2,2),(3563,614,851,4,3),(3564,616,851,5,4),(3565,619,851,6,5),(3566,622,851,7,6),(3567,623,852,8,1),(3568,601,852,1,2),(3569,617,852,2,3),(3570,614,852,4,4),(3571,616,852,5,5),(3572,619,852,6,6),(3573,622,852,7,7),(3574,624,853,8,1),(3575,601,853,1,2),(3576,617,853,2,3),(3577,614,853,4,4),(3578,616,853,5,5),(3579,619,853,6,6),(3580,622,853,7,7),(3581,601,854,1,1),(3582,624,854,8,2),(3583,617,854,2,3),(3584,614,854,4,4),(3585,616,854,5,5),(3586,619,854,6,6),(3587,622,854,7,7),(3588,601,855,1,1),(3589,617,855,2,2),(3590,624,855,8,3),(3591,614,855,4,4),(3592,616,855,5,5),(3593,619,855,6,6),(3594,622,855,7,7),(3595,601,856,1,1),(3596,617,856,2,2),(3597,614,856,4,3),(3598,624,856,8,4),(3599,616,856,5,5),(3600,619,856,6,6),(3601,622,856,7,7),(3602,601,857,1,1),(3603,617,857,2,2),(3604,614,857,4,3),(3605,616,857,5,4),(3606,624,857,8,5),(3607,619,857,6,6),(3608,622,857,7,7),(3609,601,858,1,1),(3610,617,858,2,2),(3611,614,858,4,3),(3612,616,858,5,4),(3613,619,858,6,5),(3614,624,858,8,6),(3615,622,858,7,7),(3616,601,859,1,1),(3617,617,859,2,2),(3618,614,859,4,3),(3619,616,859,5,4),(3620,619,859,6,5),(3621,622,859,7,6),(3622,624,859,8,7),(3623,625,860,9,1),(3624,601,860,1,2),(3625,617,860,2,3),(3626,614,860,4,4),(3627,616,860,5,5),(3628,619,860,6,6),(3629,622,860,7,7),(3630,624,860,8,8),(3631,626,861,9,1),(3632,601,861,1,2),(3633,617,861,2,3),(3634,614,861,4,4),(3635,616,861,5,5),(3636,619,861,6,6),(3637,622,861,7,7),(3638,624,861,8,8),(3639,627,862,9,1),(3640,601,862,1,2),(3641,617,862,2,3),(3642,614,862,4,4),(3643,616,862,5,5),(3644,619,862,6,6),(3645,622,862,7,7),(3646,624,862,8,8),(3647,628,863,9,1),(3648,601,863,1,2),(3649,617,863,2,3),(3650,614,863,4,4),(3651,616,863,5,5),(3652,619,863,6,6),(3653,622,863,7,7),(3654,624,863,8,8),(3655,601,864,1,1),(3656,628,864,9,2),(3657,617,864,2,3),(3658,614,864,4,4),(3659,616,864,5,5),(3660,619,864,6,6),(3661,622,864,7,7),(3662,624,864,8,8),(3663,601,865,1,1),(3664,617,865,2,2),(3665,628,865,9,3),(3666,614,865,4,4),(3667,616,865,5,5),(3668,619,865,6,6),(3669,622,865,7,7),(3670,624,865,8,8),(3671,601,866,1,1),(3672,617,866,2,2),(3673,614,866,4,3),(3674,628,866,9,4),(3675,616,866,5,5),(3676,619,866,6,6),(3677,622,866,7,7),(3678,624,866,8,8),(3679,601,867,1,1),(3680,617,867,2,2),(3681,614,867,4,3),(3682,616,867,5,4),(3683,628,867,9,5),(3684,619,867,6,6),(3685,622,867,7,7),(3686,624,867,8,8),(3687,601,868,1,1),(3688,617,868,2,2),(3689,614,868,4,3),(3690,616,868,5,4),(3691,619,868,6,5),(3692,628,868,9,6),(3693,622,868,7,7),(3694,624,868,8,8),(3695,601,869,1,1),(3696,617,869,2,2),(3697,614,869,4,3),(3698,616,869,5,4),(3699,619,869,6,5),(3700,622,869,7,6),(3701,628,869,9,7),(3702,624,869,8,8),(3703,601,870,1,1),(3704,617,870,2,2),(3705,614,870,4,3),(3706,616,870,5,4),(3707,619,870,6,5),(3708,622,870,7,6),(3709,624,870,8,7),(3710,628,870,9,8),(3711,629,871,1,1),(3712,601,872,1,1),(3713,617,872,2,2),(3714,630,872,4,3),(3715,616,872,5,4),(3716,619,872,6,5),(3717,622,872,7,6),(3718,624,872,8,7),(3719,628,872,9,8),(3720,601,873,1,1),(3721,617,873,2,2),(3722,631,873,4,3),(3723,616,873,5,4),(3724,619,873,6,5),(3725,622,873,7,6),(3726,624,873,8,7),(3727,628,873,9,8),(3728,632,874,10,1),(3729,601,874,1,2),(3730,617,874,2,3),(3731,631,874,4,4),(3732,616,874,5,5),(3733,619,874,6,6),(3734,622,874,7,7),(3735,624,874,8,8),(3736,628,874,9,9),(3737,633,875,10,1),(3738,601,875,1,2),(3739,617,875,2,3),(3740,631,875,4,4),(3741,616,875,5,5),(3742,619,875,6,6),(3743,622,875,7,7),(3744,624,875,8,8),(3745,628,875,9,9),(3746,601,876,1,1),(3747,633,876,10,2),(3748,617,876,2,3),(3749,631,876,4,4),(3750,616,876,5,5),(3751,619,876,6,6),(3752,622,876,7,7),(3753,624,876,8,8),(3754,628,876,9,9),(3755,601,877,1,1),(3756,617,877,2,2),(3757,633,877,10,3),(3758,631,877,4,4),(3759,616,877,5,5),(3760,619,877,6,6),(3761,622,877,7,7),(3762,624,877,8,8),(3763,628,877,9,9),(3764,601,878,1,1),(3765,617,878,2,2),(3766,631,878,4,3),(3767,633,878,10,4),(3768,616,878,5,5),(3769,619,878,6,6),(3770,622,878,7,7),(3771,624,878,8,8),(3772,628,878,9,9),(3773,601,879,1,1),(3774,617,879,2,2),(3775,631,879,4,3),(3776,616,879,5,4),(3777,633,879,10,5),(3778,619,879,6,6),(3779,622,879,7,7),(3780,624,879,8,8),(3781,628,879,9,9),(3782,634,880,1,1),(3783,601,881,1,1),(3784,617,881,2,2),(3785,631,881,4,3),(3786,616,881,5,4),(3787,619,881,6,5),(3788,633,881,10,6),(3789,622,881,7,7),(3790,624,881,8,8),(3791,628,881,9,9),(3792,601,882,1,1),(3793,617,882,2,2),(3794,631,882,4,3),(3795,616,882,5,4),(3796,619,882,6,5),(3797,622,882,7,6),(3798,633,882,10,7),(3799,624,882,8,8),(3800,628,882,9,9),(3801,601,883,1,1),(3802,617,883,2,2),(3803,631,883,4,3),(3804,616,883,5,4),(3805,619,883,6,5),(3806,622,883,7,6),(3807,624,883,8,7),(3808,633,883,10,8),(3809,628,883,9,9),(3810,601,884,1,1),(3811,617,884,2,2),(3812,631,884,4,3),(3813,616,884,5,4),(3814,619,884,6,5),(3815,622,884,7,6),(3816,624,884,8,7),(3817,628,884,9,8),(3818,633,884,10,9),(3819,635,885,1,1),(3820,636,886,11,1),(3821,601,886,1,2),(3822,617,886,2,3),(3823,631,886,4,4),(3824,616,886,5,5),(3825,619,886,6,6),(3826,622,886,7,7),(3827,624,886,8,8),(3828,628,886,9,9),(3829,633,886,10,10),(3830,637,887,11,1),(3831,601,887,1,2),(3832,617,887,2,3),(3833,631,887,4,4),(3834,616,887,5,5),(3835,619,887,6,6),(3836,622,887,7,7),(3837,624,887,8,8),(3838,628,887,9,9),(3839,633,887,10,10),(3840,638,888,11,1),(3841,601,888,1,2),(3842,617,888,2,3),(3843,631,888,4,4),(3844,616,888,5,5),(3845,619,888,6,6),(3846,622,888,7,7),(3847,624,888,8,8),(3848,628,888,9,9),(3849,633,888,10,10),(3850,601,889,1,1),(3851,638,889,11,2),(3852,617,889,2,3),(3853,631,889,4,4),(3854,616,889,5,5),(3855,619,889,6,6),(3856,622,889,7,7),(3857,624,889,8,8),(3858,628,889,9,9),(3859,633,889,10,10),(3860,601,890,1,1),(3861,617,890,2,2),(3862,638,890,11,3),(3863,631,890,4,4),(3864,616,890,5,5),(3865,619,890,6,6),(3866,622,890,7,7),(3867,624,890,8,8),(3868,628,890,9,9),(3869,633,890,10,10),(3870,601,891,1,1),(3871,617,891,2,2),(3872,631,891,4,3),(3873,638,891,11,4),(3874,616,891,5,5),(3875,619,891,6,6),(3876,622,891,7,7),(3877,624,891,8,8),(3878,628,891,9,9),(3879,633,891,10,10),(3880,601,892,1,1),(3881,617,892,2,2),(3882,631,892,4,3),(3883,616,892,5,4),(3884,638,892,11,5),(3885,619,892,6,6),(3886,622,892,7,7),(3887,624,892,8,8),(3888,628,892,9,9),(3889,633,892,10,10),(3890,601,893,1,1),(3891,617,893,2,2),(3892,631,893,4,3),(3893,616,893,5,4),(3894,619,893,6,5),(3895,638,893,11,6),(3896,622,893,7,7),(3897,624,893,8,8),(3898,628,893,9,9),(3899,633,893,10,10),(3900,601,894,1,1),(3901,617,894,2,2),(3902,631,894,4,3),(3903,616,894,5,4),(3904,619,894,6,5),(3905,622,894,7,6),(3906,638,894,11,7),(3907,624,894,8,8),(3908,628,894,9,9),(3909,633,894,10,10),(3910,601,895,1,1),(3911,617,895,2,2),(3912,631,895,4,3),(3913,616,895,5,4),(3914,619,895,6,5),(3915,622,895,7,6),(3916,624,895,8,7),(3917,638,895,11,8),(3918,628,895,9,9),(3919,633,895,10,10),(3920,601,896,1,1),(3921,617,896,2,2),(3922,631,896,4,3),(3923,616,896,5,4),(3924,619,896,6,5),(3925,622,896,7,6),(3926,624,896,8,7),(3927,628,896,9,8),(3928,638,896,11,9),(3929,633,896,10,10),(3930,601,897,1,1),(3931,617,897,2,2),(3932,631,897,4,3),(3933,616,897,5,4),(3934,619,897,6,5),(3935,622,897,7,6),(3936,624,897,8,7),(3937,628,897,9,8),(3938,633,897,10,9),(3939,638,897,11,10),(3940,601,898,1,1),(3941,617,898,2,2),(3942,631,898,4,3),(3943,616,898,5,4),(3944,619,898,6,5),(3945,639,898,7,6),(3946,624,898,8,7),(3947,628,898,9,8),(3948,633,898,10,9),(3949,638,898,11,10),(3950,640,899,1,1),(3951,641,900,1,1),(3952,642,901,1,1),(3953,643,902,1,1),(3954,644,903,1,1),(3955,645,904,1,1),(3956,646,905,1,1),(3957,647,906,1,1),(3958,648,907,1,1),(3959,649,908,1,1),(3960,599,908,2,2),(3961,650,909,1,1),(3962,599,909,2,2),(3963,651,910,1,1),(3964,599,910,2,2),(3965,652,911,1,1),(3966,599,911,2,2),(3967,653,912,5,1),(3968,536,912,3,2),(3969,654,913,5,1),(3970,536,913,3,2),(3971,536,914,3,1),(3972,655,915,6,1),(3973,536,915,3,2),(3974,536,916,3,1),(3975,655,916,6,2),(3976,536,917,3,1),(3977,655,917,6,2),(3978,656,918,7,1),(3979,536,918,3,2),(3980,655,918,6,3),(3981,536,919,3,1),(3982,656,919,7,2),(3983,655,919,6,3),(3984,536,920,3,1),(3985,655,920,6,2),(3986,656,920,7,3),(3987,536,921,3,1),(3988,655,921,6,2),(3989,657,921,7,3),(3990,536,922,3,1),(3991,655,922,6,2),(3992,658,922,7,3),(3993,659,923,1,1),(3994,660,924,1,1),(3995,661,925,1,1),(3996,662,926,1,1),(3997,663,927,1,1),(3998,664,928,1,1),(3999,665,929,1,1),(4000,666,930,1,1),(4001,667,931,1,1),(4002,668,932,1,1),(4003,669,933,1,1),(4004,670,934,1,1),(4005,671,935,1,1),(4006,672,936,1,1),(4007,673,937,1,1),(4008,674,938,1,1),(4009,675,939,1,1),(4010,676,940,15,1),(4011,677,941,8,1),(4012,536,941,3,2),(4013,655,941,6,3),(4014,658,941,7,4),(4015,536,942,3,1),(4016,655,942,6,2),(4017,658,942,7,3),(4018,678,943,3,1),(4019,655,943,6,2),(4020,658,943,7,3),(4021,679,944,3,1),(4022,655,944,6,2),(4023,658,944,7,3),(4024,680,945,3,1),(4025,655,945,6,2),(4026,658,945,7,3),(4027,681,946,3,1),(4028,655,946,6,2),(4029,658,946,7,3),(4030,682,947,9,1),(4031,681,947,3,2),(4032,655,947,6,3),(4033,658,947,7,4),(4034,683,948,10,1),(4035,682,948,9,2),(4036,681,948,3,3),(4037,655,948,6,4),(4038,658,948,7,5),(4039,684,949,10,1),(4040,682,949,9,2),(4041,681,949,3,3),(4042,655,949,6,4),(4043,658,949,7,5),(4044,682,950,9,1),(4045,684,950,10,2),(4046,681,950,3,3),(4047,655,950,6,4),(4048,658,950,7,5),(4049,684,951,10,1),(4050,682,951,9,2),(4051,681,951,3,3),(4052,655,951,6,4),(4053,658,951,7,5),(4054,682,952,9,1),(4055,684,952,10,2),(4056,681,952,3,3),(4057,655,952,6,4),(4058,658,952,7,5),(4059,682,953,9,1),(4060,681,953,3,2),(4061,684,953,10,3),(4062,655,953,6,4),(4063,658,953,7,5),(4064,681,954,3,1),(4065,682,954,9,2),(4066,684,954,10,3),(4067,655,954,6,4),(4068,658,954,7,5),(4069,685,955,15,1),(4070,686,956,9,1),(4071,578,956,7,2),(4072,534,956,3,3),(4073,533,956,1,4),(4074,687,957,9,1),(4075,578,957,7,2),(4076,534,957,3,3),(4077,533,957,1,4),(4078,688,958,10,1),(4079,687,958,9,2),(4080,578,958,7,3),(4081,534,958,3,4),(4082,533,958,1,5),(4083,689,959,10,1),(4084,687,959,9,2),(4085,578,959,7,3),(4086,534,959,3,4),(4087,533,959,1,5),(4088,690,960,10,1),(4089,687,960,9,2),(4090,578,960,7,3),(4091,534,960,3,4),(4092,533,960,1,5),(4093,691,961,10,1),(4094,687,961,9,2),(4095,578,961,7,3),(4096,534,961,3,4),(4097,533,961,1,5),(4098,692,962,10,1),(4099,687,962,9,2),(4100,578,962,7,3),(4101,534,962,3,4),(4102,533,962,1,5),(4103,693,963,10,1),(4104,687,963,9,2),(4105,578,963,7,3),(4106,534,963,3,4),(4107,533,963,1,5),(4108,694,964,10,1),(4109,687,964,9,2),(4110,578,964,7,3),(4111,534,964,3,4),(4112,533,964,1,5),(4113,695,965,10,1),(4114,687,965,9,2),(4115,578,965,7,3),(4116,534,965,3,4),(4117,533,965,1,5),(4118,696,966,10,1),(4119,687,966,9,2),(4120,578,966,7,3),(4121,534,966,3,4),(4122,533,966,1,5),(4123,697,967,10,1),(4124,687,967,9,2),(4125,578,967,7,3),(4126,534,967,3,4),(4127,533,967,1,5),(4128,698,968,10,1),(4129,687,968,9,2),(4130,578,968,7,3),(4131,534,968,3,4),(4132,533,968,1,5),(4133,699,969,10,1),(4134,687,969,9,2),(4135,578,969,7,3),(4136,534,969,3,4),(4137,533,969,1,5),(4138,700,970,10,1),(4139,687,970,9,2),(4140,578,970,7,3),(4141,534,970,3,4),(4142,533,970,1,5),(4143,687,971,9,1),(4144,700,971,10,2),(4145,578,971,7,3),(4146,534,971,3,4),(4147,533,971,1,5),(4148,687,972,9,1),(4149,700,972,10,2),(4150,578,972,7,3),(4151,534,972,3,4),(4152,687,973,9,1),(4153,700,973,10,2),(4154,578,973,7,3),(4155,681,975,3,1),(4156,682,975,9,2),(4157,684,975,10,3),(4158,655,975,6,4),(4159,701,975,7,5),(4160,681,976,3,1),(4161,682,976,9,2),(4162,684,976,10,3),(4163,655,976,6,4),(4164,702,976,7,5),(4165,681,977,3,1),(4166,682,977,9,2),(4167,684,977,10,3),(4168,655,977,6,4),(4169,703,977,7,5),(4170,681,978,3,1),(4171,682,978,9,2),(4172,684,978,10,3),(4173,704,978,6,4),(4174,703,978,7,5),(4175,705,979,18,1),(4176,706,980,18,1),(4177,706,981,18,1),(4178,707,982,19,1),(4179,706,982,18,2),(4180,707,983,19,1),(4181,681,984,3,1),(4182,682,984,9,2),(4183,684,984,10,3),(4184,704,984,6,4),(4185,708,984,7,5),(4186,709,986,1,1),(4187,710,987,1,1),(4188,711,988,1,1),(4189,712,989,1,1),(4190,713,990,1,1),(4191,714,991,1,1),(4192,715,992,1,1),(4193,716,993,1,1),(4194,717,994,1,1),(4195,718,995,1,1),(4196,719,996,1,1),(4197,720,997,1,1),(4198,721,998,1,1),(4199,722,999,1,1),(4200,723,1000,1,1),(4201,724,1001,1,1),(4202,725,1002,1,1),(4203,726,1003,1,1),(4204,727,1004,1,1),(4205,728,1005,1,1),(4206,729,1006,1,1),(4207,730,1007,1,1),(4208,731,1008,1,1),(4209,732,1009,1,1),(4210,733,1010,1,1),(4211,734,1011,1,1),(4212,735,1012,1,1),(4213,736,1013,1,1),(4214,737,1014,1,1),(4215,738,1015,1,1),(4216,739,1016,1,1),(4217,740,1017,1,1),(4218,741,1018,1,1),(4219,742,1019,1,1),(4220,743,1020,1,1),(4221,744,1021,11,1),(4222,681,1021,3,2),(4223,682,1021,9,3),(4224,684,1021,10,4),(4225,704,1021,6,5),(4226,708,1021,7,6),(4227,745,1022,11,1),(4228,681,1022,3,2),(4229,682,1022,9,3),(4230,684,1022,10,4),(4231,704,1022,6,5),(4232,708,1022,7,6),(4233,746,1023,11,1),(4234,681,1023,3,2),(4235,682,1023,9,3),(4236,684,1023,10,4),(4237,704,1023,6,5),(4238,708,1023,7,6),(4239,747,1024,11,1),(4240,681,1024,3,2),(4241,682,1024,9,3),(4242,684,1024,10,4),(4243,704,1024,6,5),(4244,708,1024,7,6),(4245,747,1025,11,1),(4246,681,1025,3,2),(4247,682,1025,9,3),(4248,684,1025,10,4),(4249,708,1025,7,5),(4250,747,1026,11,1),(4251,681,1026,3,2),(4252,682,1026,9,3),(4253,684,1026,10,4),(4254,748,1027,1,1),(4255,749,1028,1,1),(4256,750,1029,1,1),(4257,751,1030,1,1),(4258,752,1031,1,1),(4259,753,1032,1,1),(4260,754,1033,1,1),(4261,755,1034,1,1),(4262,756,1035,1,1),(4263,757,1036,1,1),(4264,758,1037,1,1),(4265,759,1038,1,1),(4266,760,1039,1,1),(4267,761,1040,1,1),(4268,762,1041,1,1),(4269,763,1042,1,1),(4270,764,1043,1,1),(4271,765,1044,1,1),(4272,766,1045,1,1),(4273,767,1046,1,1),(4274,768,1047,1,1),(4275,769,1048,1,1),(4276,770,1049,1,1),(4277,771,1050,1,1),(4278,681,1051,3,1),(4279,747,1051,11,2),(4280,682,1051,9,3),(4281,684,1051,10,4),(4282,681,1052,3,1),(4283,682,1052,9,2),(4284,747,1052,11,3),(4285,684,1052,10,4),(4286,681,1053,3,1),(4287,682,1053,9,2),(4288,684,1053,10,3),(4289,747,1053,11,4),(4290,772,1054,1,1),(4291,773,1055,1,1),(4292,774,1056,1,1),(4293,775,1057,1,1),(4294,776,1058,1,1),(4295,777,1059,1,1),(4296,778,1060,1,1),(4297,779,1061,1,1),(4298,780,1062,1,1),(4299,781,1063,1,1),(4300,782,1064,1,1),(4301,783,1065,1,1),(4302,784,1066,1,1),(4303,785,1067,1,1),(4304,786,1068,1,1),(4305,681,1069,3,1),(4306,682,1069,9,2),(4307,787,1069,10,3),(4308,747,1069,11,4),(4309,681,1070,3,1),(4310,682,1070,9,2),(4311,788,1070,10,3),(4312,747,1070,11,4),(4313,681,1071,3,1),(4314,682,1071,9,2),(4315,789,1071,10,3),(4316,747,1071,11,4),(4317,681,1072,3,1),(4318,682,1072,9,2),(4319,790,1072,10,3),(4320,747,1072,11,4),(4321,681,1073,3,1),(4322,682,1073,9,2),(4323,791,1073,10,3),(4324,747,1073,11,4),(4325,681,1074,3,1),(4326,682,1074,9,2),(4327,792,1074,10,3),(4328,747,1074,11,4),(4329,681,1075,3,1),(4330,682,1075,9,2),(4331,793,1075,10,3),(4332,747,1075,11,4),(4333,681,1076,3,1),(4334,682,1076,9,2),(4335,794,1076,10,3),(4336,747,1076,11,4),(4337,681,1077,3,1),(4338,682,1077,9,2),(4339,795,1077,10,3),(4340,747,1077,11,4),(4341,681,1078,3,1),(4342,682,1078,9,2),(4343,796,1078,10,3),(4344,747,1078,11,4),(4345,681,1079,3,1),(4346,682,1079,9,2),(4347,797,1079,10,3),(4348,747,1079,11,4),(4349,681,1080,3,1),(4350,682,1080,9,2),(4351,798,1080,10,3),(4352,747,1080,11,4),(4353,799,1081,19,1),(4354,800,1082,19,1),(4355,801,1083,1,1),(4356,802,1084,1,1),(4357,803,1085,1,1),(4358,804,1086,1,1),(4359,805,1087,1,1),(4360,806,1088,1,1),(4361,807,1089,1,1),(4362,808,1090,1,1),(4363,809,1091,1,1),(4364,810,1092,1,1),(4365,811,1093,1,1),(4366,812,1094,1,1),(4367,813,1095,1,1),(4368,814,1096,1,1),(4373,819,1101,1,1),(4374,820,1102,1,1),(4375,821,1103,1,1),(4376,822,1104,1,1),(4377,823,1105,1,1),(4378,824,1106,1,1),(4379,825,1107,1,1),(4380,826,1108,1,1),(4381,827,1109,1,1),(4382,828,1110,1,1),(4383,829,1111,1,1),(4384,830,1112,1,1),(4385,831,1113,1,1),(4386,832,1114,1,1),(4387,833,1115,1,1),(4388,834,1116,1,1),(4389,681,1117,3,1),(4390,682,1117,9,2),(4391,835,1117,10,3),(4392,747,1117,11,4),(4393,681,1118,3,1),(4394,682,1118,9,2),(4395,836,1118,10,3),(4396,747,1118,11,4),(4397,681,1119,3,1),(4398,682,1119,9,2),(4399,836,1119,10,3),(4400,837,1120,1,1),(4401,838,1121,1,1),(4402,839,1122,1,1),(4403,840,1123,1,1),(4404,841,1124,1,1),(4405,842,1125,1,1),(4406,843,1126,1,1),(4407,844,1127,1,1),(4408,845,1128,1,1),(4409,846,1129,1,1),(4410,847,1130,1,1),(4411,848,1131,1,1),(4412,849,1132,1,1),(4413,850,1133,1,1),(4414,851,1134,1,1),(4415,852,1135,1,1),(4416,853,1136,1,1),(4417,854,1137,1,1),(4418,855,1138,1,1),(4419,856,1139,1,1),(4420,857,1140,1,1),(4421,858,1141,1,1),(4422,859,1142,1,1),(4423,860,1143,1,1),(4424,861,1144,1,1),(4425,862,1145,1,1),(4426,863,1146,1,1),(4427,864,1147,1,1),(4428,865,1148,1,1),(4429,866,1149,1,1),(4430,867,1150,1,1),(4431,868,1151,1,1),(4432,869,1152,1,1),(4433,870,1153,1,1),(4434,871,1154,1,1),(4435,872,1155,1,1),(4436,873,1156,1,1),(4437,874,1157,1,1),(4438,875,1158,1,1),(4439,876,1159,1,1),(4440,877,1160,1,1),(4441,878,1161,1,1),(4442,879,1162,1,1),(4443,880,1163,1,1),(4444,881,1164,1,1),(4445,681,1165,3,1),(4446,682,1165,9,2),(4447,882,1165,10,3),(4448,681,1166,3,1),(4449,682,1166,9,2),(4450,883,1166,10,3),(4451,884,1167,1,1),(4452,885,1168,1,1),(4453,886,1169,1,1),(4454,887,1170,1,1),(4455,888,1171,1,1),(4456,889,1172,1,1),(4457,890,1173,1,1),(4458,891,1174,1,1),(4459,892,1175,1,1),(4460,893,1176,1,1),(4461,894,1177,1,1),(4462,895,1178,1,1),(4463,896,1179,12,1),(4464,681,1179,3,2),(4465,682,1179,9,3),(4466,883,1179,10,4),(4467,897,1180,13,1),(4468,896,1180,12,2),(4469,681,1180,3,3),(4470,682,1180,9,4),(4471,883,1180,10,5),(4472,898,1181,13,1),(4473,896,1181,12,2),(4474,681,1181,3,3),(4475,682,1181,9,4),(4476,883,1181,10,5),(4477,899,1182,13,1),(4478,896,1182,12,2),(4479,681,1182,3,3),(4480,682,1182,9,4),(4481,883,1182,10,5),(4482,900,1183,13,1),(4483,896,1183,12,2),(4484,681,1183,3,3),(4485,682,1183,9,4),(4486,883,1183,10,5),(4487,901,1184,13,1),(4488,896,1184,12,2),(4489,681,1184,3,3),(4490,682,1184,9,4),(4491,883,1184,10,5),(4492,902,1185,13,1),(4493,896,1185,12,2),(4494,681,1185,3,3),(4495,682,1185,9,4),(4496,883,1185,10,5),(4497,903,1186,13,1),(4498,896,1186,12,2),(4499,681,1186,3,3),(4500,682,1186,9,4),(4501,883,1186,10,5),(4502,904,1187,13,1),(4503,896,1187,12,2),(4504,681,1187,3,3),(4505,682,1187,9,4),(4506,883,1187,10,5),(4507,896,1188,12,1),(4508,904,1188,13,2),(4509,681,1188,3,3),(4510,682,1188,9,4),(4511,883,1188,10,5),(4512,905,1189,1,1),(4513,906,1190,1,1),(4514,907,1191,1,1),(4515,908,1192,1,1),(4516,909,1193,1,1),(4517,910,1194,1,1),(4518,911,1195,1,1),(4519,912,1196,1,1),(4520,913,1197,1,1),(4521,914,1198,1,1),(4522,915,1199,1,1),(4523,916,1200,1,1),(4524,917,1201,1,1),(4525,918,1202,1,1),(4526,919,1203,1,1),(4527,920,1204,1,1),(4528,904,1205,13,1),(4529,896,1205,12,2),(4530,681,1205,3,3),(4531,682,1205,9,4),(4532,883,1205,10,5),(4533,904,1206,13,1),(4534,896,1206,12,2),(4535,682,1206,9,3),(4536,681,1206,3,4),(4537,883,1206,10,5),(4538,904,1207,13,1),(4539,682,1207,9,2),(4540,896,1207,12,3),(4541,681,1207,3,4),(4542,883,1207,10,5),(4543,904,1208,13,1),(4544,682,1208,9,2),(4545,681,1208,3,3),(4546,896,1208,12,4),(4547,883,1208,10,5),(4548,682,1209,9,1),(4549,904,1209,13,2),(4550,681,1209,3,3),(4551,896,1209,12,4),(4552,883,1209,10,5),(4553,682,1210,9,1),(4554,681,1210,3,2),(4555,904,1210,13,3),(4556,896,1210,12,4),(4557,883,1210,10,5),(4558,682,1211,9,1),(4559,681,1211,3,2),(4560,896,1211,12,3),(4561,904,1211,13,4),(4562,883,1211,10,5),(4563,681,1212,3,1),(4564,682,1212,9,2),(4565,896,1212,12,3),(4566,904,1212,13,4),(4567,883,1212,10,5),(4568,681,1213,3,1),(4569,682,1213,9,2),(4570,896,1213,12,3),(4571,883,1213,10,4),(4572,904,1213,13,5),(4573,681,1214,3,1),(4574,682,1214,9,2),(4575,883,1214,10,3),(4576,896,1214,12,4),(4577,904,1214,13,5),(4578,681,1215,3,1),(4579,682,1215,9,2),(4580,896,1215,12,3),(4581,904,1215,13,4),(4582,681,1216,3,1),(4583,896,1216,12,2),(4584,904,1216,13,3),(4585,921,1217,11,1),(4586,687,1217,9,2),(4587,700,1217,10,3),(4588,578,1217,7,4),(4589,922,1218,12,1),(4590,921,1218,11,2),(4591,687,1218,9,3),(4592,700,1218,10,4),(4593,578,1218,7,5),(4594,921,1219,11,1),(4595,922,1219,12,2),(4596,687,1219,9,3),(4597,700,1219,10,4),(4598,578,1219,7,5),(4599,922,1220,12,1),(4600,921,1220,11,2),(4601,687,1220,9,3),(4602,700,1220,10,4),(4603,578,1220,7,5),(4604,922,1221,12,1),(4605,687,1221,9,2),(4606,921,1221,11,3),(4607,700,1221,10,4),(4608,578,1221,7,5),(4609,922,1222,12,1),(4610,687,1222,9,2),(4611,700,1222,10,3),(4612,921,1222,11,4),(4613,578,1222,7,5),(4614,922,1223,12,1),(4615,687,1223,9,2),(4616,700,1223,10,3),(4617,578,1223,7,4),(4618,921,1223,11,5),(4619,687,1224,9,1),(4620,922,1224,12,2),(4621,700,1224,10,3),(4622,578,1224,7,4),(4623,921,1224,11,5),(4624,687,1225,9,1),(4625,700,1225,10,2),(4626,922,1225,12,3),(4627,578,1225,7,4),(4628,921,1225,11,5),(4629,687,1226,9,1),(4630,700,1226,10,2),(4631,578,1226,7,3),(4632,922,1226,12,4),(4633,921,1226,11,5),(4634,687,1227,9,1),(4635,700,1227,10,2),(4636,578,1227,7,3),(4637,921,1227,11,4),(4638,922,1227,12,5),(4639,923,1228,14,1),(4640,681,1228,3,2),(4641,896,1228,12,3),(4642,904,1228,13,4),(4643,924,1229,15,1),(4644,923,1229,14,2),(4645,681,1229,3,3),(4646,896,1229,12,4),(4647,904,1229,13,5),(4648,925,1230,15,1),(4649,923,1230,14,2),(4650,681,1230,3,3),(4651,896,1230,12,4),(4652,904,1230,13,5),(4653,926,1231,15,1),(4654,923,1231,14,2),(4655,681,1231,3,3),(4656,896,1231,12,4),(4657,904,1231,13,5),(4658,927,1232,15,1),(4659,923,1232,14,2),(4660,681,1232,3,3),(4661,896,1232,12,4),(4662,904,1232,13,5),(4663,928,1233,15,1),(4664,923,1233,14,2),(4665,681,1233,3,3),(4666,896,1233,12,4),(4667,904,1233,13,5),(4668,923,1234,14,1),(4669,928,1234,15,2),(4670,681,1234,3,3),(4671,896,1234,12,4),(4672,904,1234,13,5),(4673,923,1235,14,1),(4674,681,1235,3,2),(4675,928,1235,15,3),(4676,896,1235,12,4),(4677,904,1235,13,5),(4678,681,1236,3,1),(4679,923,1236,14,2),(4680,928,1236,15,3),(4681,896,1236,12,4),(4682,904,1236,13,5),(4683,681,1237,3,1),(4684,923,1237,14,2),(4685,896,1237,12,3),(4686,928,1237,15,4),(4687,904,1237,13,5),(4688,681,1238,3,1),(4689,896,1238,12,2),(4690,923,1238,14,3),(4691,928,1238,15,4),(4692,904,1238,13,5),(4693,681,1239,3,1),(4694,896,1239,12,2),(4695,923,1239,14,3),(4696,904,1239,13,4),(4697,928,1239,15,5),(4698,681,1240,3,1),(4699,896,1240,12,2),(4700,904,1240,13,3),(4701,923,1240,14,4),(4702,928,1240,15,5),(4703,687,1241,9,1),(4704,700,1241,10,2),(4705,578,1241,7,3),(4706,921,1241,11,4),(4707,929,1241,12,5),(4708,687,1242,9,1),(4709,700,1242,10,2),(4710,578,1242,7,3),(4711,921,1242,11,4),(4712,930,1242,12,5),(4713,687,1243,9,1),(4714,700,1243,10,2),(4715,578,1243,7,3),(4716,921,1243,11,4),(4717,931,1243,12,5),(4718,687,1244,9,1),(4719,700,1244,10,2),(4720,578,1244,7,3),(4721,921,1244,11,4),(4722,932,1244,12,5),(4723,687,1245,9,1),(4724,700,1245,10,2),(4725,578,1245,7,3),(4726,921,1245,11,4),(4727,933,1245,12,5),(4728,934,1246,1,1),(4729,935,1247,1,1),(4730,936,1248,1,1),(4731,937,1249,1,1),(4732,938,1250,1,1),(4733,939,1251,1,1),(4734,940,1252,1,1),(4735,941,1253,1,1),(4736,942,1254,1,1),(4737,943,1255,1,1),(4738,944,1256,1,1),(4739,945,1257,1,1),(4740,946,1258,1,1),(4741,947,1259,1,1),(4742,948,1260,1,1),(4743,949,1261,1,1),(4744,950,1262,1,1),(4745,951,1263,1,1),(4746,952,1264,1,1),(4747,953,1265,1,1),(4748,954,1266,1,1),(4749,955,1267,1,1),(4750,956,1268,1,1),(4751,957,1269,1,1),(4752,958,1270,1,1),(4753,959,1271,1,1),(4754,960,1272,1,1),(4755,961,1273,1,1),(4756,962,1274,1,1),(4757,963,1275,1,1),(4758,964,1276,1,1),(4759,965,1277,1,1),(4760,966,1278,1,1),(4761,967,1279,1,1),(4762,968,1280,1,1),(4763,969,1281,1,1),(4764,970,1282,1,1),(4765,971,1283,1,1),(4766,972,1284,1,1),(4767,973,1285,1,1),(4768,974,1286,1,1),(4769,975,1287,1,1),(4770,976,1288,1,1),(4771,977,1289,1,1),(4772,978,1290,1,1),(4773,979,1291,1,1),(4774,980,1292,1,1),(4775,981,1293,1,1),(4776,982,1294,1,1),(4777,983,1295,1,1),(4778,984,1296,1,1),(4779,985,1297,1,1),(4780,986,1298,1,1),(4781,987,1299,1,1),(4782,988,1300,1,1),(4783,989,1301,1,1),(4784,681,1302,3,1),(4785,896,1302,12,2),(4786,904,1302,13,3),(4787,990,1302,14,4),(4788,928,1302,15,5),(4789,681,1303,3,1),(4790,896,1303,12,2),(4791,991,1303,13,3),(4792,990,1303,14,4),(4793,928,1303,15,5),(4794,992,1304,4,1),(4795,993,1305,4,1),(4796,994,1306,3,1),(4797,610,1306,1,2),(4798,607,1306,2,3),(4799,610,1307,1,1),(4800,607,1307,2,2),(4801,995,1308,19,1),(4802,996,1310,20,1),(4803,997,1311,1,1),(4804,998,1312,1,1),(4805,999,1313,1,1),(4806,1000,1314,1,1),(4807,1001,1315,1,1),(4808,1001,1316,1,1),(4809,1001,1317,1,1),(4810,1002,1318,2,1),(4811,1001,1318,1,2),(4812,1003,1319,1,1),(4813,1004,1320,1,1),(4814,1005,1321,1,1),(4815,1006,1322,21,1),(4816,996,1322,20,2),(4817,1007,1323,3,1),(4818,521,1323,1,2),(4819,522,1323,2,3),(4820,1008,1324,1,1),(4821,1009,1325,1,1),(4822,1010,1326,1,1),(4823,1011,1327,1,1),(4824,1012,1328,3,1),(4825,896,1328,12,2),(4826,991,1328,13,3),(4827,990,1328,14,4),(4828,928,1328,15,5),(4829,1013,1329,1,1),(4830,1006,1330,21,1),(4831,996,1330,20,2),(4832,1006,1331,21,1),(4833,1017,1331,20,2),(4834,1016,1332,22,1),(4835,1006,1332,21,2),(4836,996,1332,20,3),(4837,1015,1333,23,1),(4838,1006,1333,21,2),(4839,996,1333,20,3),(4840,1018,1334,23,1),(4841,1006,1334,21,2),(4842,996,1334,20,3),(4843,1006,1335,21,1),(4844,996,1335,20,2),(4845,1006,1336,21,1),(4846,1019,1336,20,2),(4847,1006,1337,21,1),(4848,1020,1337,20,2),(4849,1021,1338,13,1),(4850,687,1338,9,2),(4851,700,1338,10,3),(4852,578,1338,7,4),(4853,921,1338,11,5),(4854,933,1338,12,6);
/*!40000 ALTER TABLE `a_area_version_slot` ENABLE KEYS */;
UNLOCK TABLES;

--
-- Table structure for table `a_blog_category`
--

DROP TABLE IF EXISTS `a_blog_category`;
/*!40101 SET @saved_cs_client     = @@character_set_client */;
/*!40101 SET character_set_client = utf8 */;
CREATE TABLE `a_blog_category` (
  `id` bigint(20) NOT NULL AUTO_INCREMENT,
  `name` varchar(255) DEFAULT NULL,
  `description` text,
  `posts` tinyint(1) DEFAULT '0',
  `events` tinyint(1) DEFAULT '0',
  PRIMARY KEY (`id`),
  UNIQUE KEY `name` (`name`)
) ENGINE=InnoDB AUTO_INCREMENT=10 DEFAULT CHARSET=utf8;
/*!40101 SET character_set_client = @saved_cs_client */;

--
-- Dumping data for table `a_blog_category`
--

LOCK TABLES `a_blog_category` WRITE;
/*!40000 ALTER TABLE `a_blog_category` DISABLE KEYS */;
INSERT INTO `a_blog_category` VALUES (2,'cartas',NULL,1,0),(3,'talleres',NULL,0,1),(4,'parques',NULL,1,0),(5,'comunicados de escuela',NULL,1,0),(6,'informaciones',NULL,1,0),(7,'archivo',NULL,1,0),(8,'proximas actividades',NULL,1,0),(9,'actividades anteriores',NULL,1,0);
/*!40000 ALTER TABLE `a_blog_category` ENABLE KEYS */;
UNLOCK TABLES;

--
-- Table structure for table `a_blog_category_user`
--

DROP TABLE IF EXISTS `a_blog_category_user`;
/*!40101 SET @saved_cs_client     = @@character_set_client */;
/*!40101 SET character_set_client = utf8 */;
CREATE TABLE `a_blog_category_user` (
  `blog_category_id` bigint(20) NOT NULL DEFAULT '0',
  `user_id` bigint(20) NOT NULL DEFAULT '0',
  PRIMARY KEY (`blog_category_id`,`user_id`),
  KEY `a_blog_category_user_user_id_sf_guard_user_id` (`user_id`),
  CONSTRAINT `a_blog_category_user_blog_category_id_a_blog_category_id` FOREIGN KEY (`blog_category_id`) REFERENCES `a_blog_category` (`id`) ON DELETE CASCADE,
  CONSTRAINT `a_blog_category_user_user_id_sf_guard_user_id` FOREIGN KEY (`user_id`) REFERENCES `sf_guard_user` (`id`) ON DELETE CASCADE
) ENGINE=InnoDB DEFAULT CHARSET=utf8;
/*!40101 SET character_set_client = @saved_cs_client */;

--
-- Dumping data for table `a_blog_category_user`
--

LOCK TABLES `a_blog_category_user` WRITE;
/*!40000 ALTER TABLE `a_blog_category_user` DISABLE KEYS */;
/*!40000 ALTER TABLE `a_blog_category_user` ENABLE KEYS */;
UNLOCK TABLES;

--
-- Table structure for table `a_blog_editor`
--

DROP TABLE IF EXISTS `a_blog_editor`;
/*!40101 SET @saved_cs_client     = @@character_set_client */;
/*!40101 SET character_set_client = utf8 */;
CREATE TABLE `a_blog_editor` (
  `blog_item_id` bigint(20) NOT NULL DEFAULT '0',
  `user_id` bigint(20) NOT NULL DEFAULT '0',
  PRIMARY KEY (`blog_item_id`,`user_id`),
  KEY `a_blog_editor_user_id_sf_guard_user_id` (`user_id`),
  CONSTRAINT `a_blog_editor_blog_item_id_a_blog_item_id` FOREIGN KEY (`blog_item_id`) REFERENCES `a_blog_item` (`id`) ON DELETE CASCADE,
  CONSTRAINT `a_blog_editor_user_id_sf_guard_user_id` FOREIGN KEY (`user_id`) REFERENCES `sf_guard_user` (`id`) ON DELETE CASCADE
) ENGINE=InnoDB DEFAULT CHARSET=utf8;
/*!40101 SET character_set_client = @saved_cs_client */;

--
-- Dumping data for table `a_blog_editor`
--

LOCK TABLES `a_blog_editor` WRITE;
/*!40000 ALTER TABLE `a_blog_editor` DISABLE KEYS */;
/*!40000 ALTER TABLE `a_blog_editor` ENABLE KEYS */;
UNLOCK TABLES;

--
-- Table structure for table `a_blog_item`
--

DROP TABLE IF EXISTS `a_blog_item`;
/*!40101 SET @saved_cs_client     = @@character_set_client */;
/*!40101 SET character_set_client = utf8 */;
CREATE TABLE `a_blog_item` (
  `id` bigint(20) NOT NULL AUTO_INCREMENT,
  `author_id` bigint(20) DEFAULT NULL,
  `page_id` bigint(20) DEFAULT NULL,
  `title` varchar(255) NOT NULL,
  `slug_saved` tinyint(1) DEFAULT '0',
  `excerpt` text,
  `status` varchar(255) NOT NULL DEFAULT 'draft',
  `allow_comments` tinyint(1) NOT NULL DEFAULT '0',
  `template` varchar(255) DEFAULT 'singleColumnTemplate',
  `published_at` datetime DEFAULT NULL,
  `type` varchar(255) DEFAULT NULL,
  `start_date` date DEFAULT NULL,
  `end_date` date DEFAULT NULL,
  `created_at` datetime NOT NULL,
  `updated_at` datetime NOT NULL,
  `slug` varchar(255) DEFAULT NULL,
  `location` varchar(300) DEFAULT NULL,
  `start_time` time DEFAULT NULL,
  `end_time` time DEFAULT NULL,
  PRIMARY KEY (`id`),
  UNIQUE KEY `a_blog_item_sluggable_idx` (`slug`),
  KEY `a_blog_item_type_idx` (`type`),
  KEY `author_id_idx` (`author_id`),
  KEY `page_id_idx` (`page_id`),
  CONSTRAINT `a_blog_item_author_id_sf_guard_user_id` FOREIGN KEY (`author_id`) REFERENCES `sf_guard_user` (`id`) ON DELETE SET NULL,
  CONSTRAINT `a_blog_item_page_id_a_page_id` FOREIGN KEY (`page_id`) REFERENCES `a_page` (`id`) ON DELETE CASCADE
) ENGINE=InnoDB AUTO_INCREMENT=44 DEFAULT CHARSET=utf8;
/*!40101 SET character_set_client = @saved_cs_client */;

--
-- Dumping data for table `a_blog_item`
--

LOCK TABLES `a_blog_item` WRITE;
/*!40000 ALTER TABLE `a_blog_item` DISABLE KEYS */;
INSERT INTO `a_blog_item` VALUES (2,1,12,'Alojamientos cerca del parque',0,'','published',0,'singleColumnTemplate','2010-07-26 21:53:00','post',NULL,NULL,'2010-07-26 21:53:18','2010-07-26 21:55:05','alojamientos-cerca-del-parque',NULL,NULL,NULL),(3,1,13,'Carta para el tercer Retiro de Postulantes del 3 y 4 julio 2010',0,'','published',0,'singleColumnTemplate','2010-07-26 21:55:00','post',NULL,NULL,'2010-07-26 21:55:04','2010-07-26 22:08:58','carta-para-el-tercer-retiro-de-postulantes-del-3-y-4-julio-2010',NULL,NULL,NULL),(4,1,16,'taller del fuego',0,'','published',0,'singleColumnTemplate','2010-07-26 22:24:00','event','2010-07-26','2010-07-29','2010-07-26 22:24:57','2010-07-26 22:26:43','taller-del-fuego',NULL,NULL,NULL),(6,1,27,'Nota del 21/06/2010 sobre las Ceremonias de ingreso a Escuela del 17 de Julio',0,'','published',0,'singleColumnTemplate','2010-07-29 00:54:00','post',NULL,NULL,'2010-07-29 00:54:57','2010-07-29 00:56:32','nota-del-21-06-2010-sobre-las-ceremonias-de-ingreso-a-escuela-del-17-de-julio',NULL,NULL,NULL),(7,1,35,'Nota acerca del proceso Disciplinario en los Parques - 17/05/2010',0,'','published',0,'singleColumnTemplate','2010-08-30 22:00:00','post',NULL,NULL,'2010-08-30 21:59:59','2010-08-30 22:01:57','nota-acerca-del-proceso-disciplinario-en-los-parques-17-05-2010',NULL,NULL,NULL),(9,8,37,'untitled',0,NULL,'draft',0,'singleColumnTemplate',NULL,'post',NULL,NULL,'2010-12-19 15:28:09','2010-12-19 15:28:09','untitled-9',NULL,NULL,NULL),(10,8,38,'Acerca de las reuniones de Nivelaci&oacute;n y de Disc&iacute;pulos - 21/04/2010',0,'','published',0,'singleColumnTemplate','2010-04-21 15:30:00','post',NULL,NULL,'2010-12-19 15:30:00','2010-12-19 15:32:14','acerca-de-las-reuniones-de-nivelaci-oacute-n-y-de-disc-iacute-pulos-21-04-2010-1',NULL,NULL,NULL),(11,8,39,'Carta del 16 de abril de 2010',0,'','published',0,'singleColumnTemplate','2010-04-16 15:32:00','post',NULL,NULL,'2010-12-19 15:32:33','2010-12-19 15:34:27','carta-del-16-de-abril-de-2010',NULL,NULL,NULL),(12,8,40,'Comunicado',0,'','published',0,'singleColumnTemplate','2010-07-31 15:35:00','post',NULL,NULL,'2010-12-19 15:35:13','2010-12-19 15:40:19','comunicado',NULL,NULL,NULL),(13,8,41,'Sobre ceremonias y procedimientos',0,'','published',0,'singleColumnTemplate','2010-09-21 15:40:00','post',NULL,NULL,'2010-12-19 15:40:49','2010-12-19 15:41:58','sobre-ceremonias-y-procedimientos',NULL,NULL,NULL),(14,8,42,'La Escuela: Carta del 27 de agosto de 2010',0,'','published',0,'singleColumnTemplate','2010-08-27 15:42:00','post',NULL,NULL,'2010-12-19 15:42:12','2010-12-19 15:43:51','la-escuela-carta-del-27-de-agosto-de-2010',NULL,NULL,NULL),(15,8,43,'Asistencia a las Reuniones de Nivelaci&oacute;n y Disciplinas',0,'','published',0,'singleColumnTemplate','2010-12-19 15:44:00','post',NULL,NULL,'2010-12-19 15:44:14','2010-12-19 15:44:54','asistencia-a-las-reuniones-de-nivelaci-oacute-n-y-disciplinas',NULL,NULL,NULL),(16,8,44,'A los Parques reconocidos por Silo al 31 de julio de 2010',0,'','published',0,'singleColumnTemplate','2010-09-21 15:45:00','post',NULL,NULL,'2010-12-19 15:45:09','2010-12-19 15:45:54','a-los-parques-reconocidos-por-silo-al-31-de-julio-de-2010',NULL,NULL,NULL),(17,8,45,'Vuela hacia las estrellas el h&eacute;roe de esta edad',0,'','published',0,'singleColumnTemplate','2010-12-19 15:46:00','post',NULL,NULL,'2010-12-19 15:46:06','2010-12-19 15:57:10','vuela-hacia-las-estrellas-el-h-eacute-roe-de-esta-edad',NULL,NULL,NULL),(18,8,46,'Examen de Obras y Ascesis',0,'','published',0,'singleColumnTemplate','2010-12-13 15:58:00','post',NULL,NULL,'2010-12-19 15:58:00','2010-12-19 16:12:41','examen-de-obras-y-ascesis',NULL,NULL,NULL),(21,8,53,'Reuni&oacute;n de Postulaci&oacute;n e Ingreso a Escuela 8 y 9 de enero 2011. ',0,'','published',0,'singleColumnTemplate','2010-12-23 11:33:00','post',NULL,NULL,'2010-12-23 11:33:38','2010-12-23 11:34:51','reuni-oacute-n-de-postulaci-oacute-n-e-ingreso-a-escuela-8-y-9-de-enero-2011',NULL,NULL,NULL),(22,1,55,'Pauta para elaborar el Examen de Obra',0,'','published',0,'singleColumnTemplate','2011-01-10 21:40:00','post',NULL,NULL,'2011-01-10 21:40:20','2011-08-09 00:39:58','pauta-para-elaborar-el-examen-de-obra','',NULL,NULL),(23,15,57,'Retiro de la Fuerza',0,'','published',0,'singleColumnTemplate','2011-03-01 19:03:00','event','2011-03-14','2011-03-17','2011-03-01 19:03:49','2011-03-01 19:05:48','retiro-de-la-fuerza',NULL,'18:00:00','18:00:00'),(24,15,60,'Encuentro Estacional',0,'','published',0,'singleColumnTemplate','2011-03-19 17:56:00','event','2011-03-26','2011-03-26','2011-03-19 17:56:41','2011-03-19 17:59:20','encuentro-estacional',NULL,NULL,NULL),(25,15,71,'Celebraci&oacute;n del Dia del Testimonio',0,'','published',0,'singleColumnTemplate','2011-05-07 17:15:00','post',NULL,NULL,'2011-04-22 17:15:51','2011-04-22 17:19:36','celebraci-oacute-n-del-dia-del-testimonio',NULL,NULL,NULL),(26,15,72,'Ceremonia Mensual de Pedidos y Agradecimientos',0,'','published',0,'singleColumnTemplate','2011-04-30 11:21:00','post',NULL,NULL,'2011-04-27 11:21:33','2011-04-27 11:26:07','ceremonia-mensual-de-pedidos-y-agradecimientos',NULL,NULL,NULL),(27,1,73,'untitled',0,NULL,'draft',0,'singleColumnTemplate',NULL,'post',NULL,NULL,'2011-05-17 13:07:44','2011-05-17 13:07:45','untitled-27',NULL,NULL,NULL),(28,15,74,'Construccion del deposito',0,'','published',0,'singleColumnTemplate','2011-05-21 13:07:00','post',NULL,NULL,'2011-05-17 13:07:46','2011-05-17 13:15:12','construccion-del-deposito',NULL,NULL,NULL),(29,15,75,'Costruccion del deposito',0,'','published',0,'singleColumnTemplate','2011-05-22 13:20:00','post',NULL,NULL,'2011-05-17 13:20:17','2011-05-17 13:21:43','costruccion-del-deposito',NULL,NULL,NULL),(30,15,76,'Costruccion del deposito',0,'','published',0,'singleColumnTemplate','2011-05-25 13:22:00','post',NULL,NULL,'2011-05-17 13:22:05','2011-05-17 13:22:36','costruccion-del-deposito-1',NULL,NULL,NULL),(31,15,77,'Charla sobre Silo y el Servicio Militar Optativo',0,'','published',0,'singleColumnTemplate','2011-05-28 10:12:00','post',NULL,NULL,'2011-05-19 10:12:28','2011-05-19 10:15:12','charla-sobre-silo-y-el-servicio-militar-optativo',NULL,NULL,NULL),(32,15,78,'Taller de Ceramica - Horneada',0,'','published',0,'singleColumnTemplate','2011-05-24 15:00:00','post',NULL,NULL,'2011-05-22 23:22:33','2011-05-22 23:28:50','taller-de-ceramica-horneada',NULL,NULL,NULL),(34,15,80,'Ceremonia de Pedidos y Agradecimientos',0,'','published',0,'singleColumnTemplate','2011-05-28 17:00:00','post',NULL,NULL,'2011-05-22 23:29:51','2011-05-22 23:30:48','ceremonia-de-pedidos-y-agradecimientos',NULL,NULL,NULL),(35,15,81,'Taller Acerca del Espiritu Humano',0,'','published',0,'singleColumnTemplate','2011-06-12 10:30:00','post',NULL,NULL,'2011-06-01 22:54:18','2011-06-01 23:05:37','taller-acerca-del-espiritu-humano',NULL,NULL,NULL),(36,15,82,'Ceremonia Mensual de Pedidos',1,'','published',0,'singleColumnTemplate','2011-06-25 12:23:00','post',NULL,NULL,'2011-06-03 12:23:36','2011-06-06 01:27:24','untitled-36',NULL,NULL,NULL),(37,15,83,'Contrapiso Galpon - Zanjeado para Luz',0,'','published',0,'singleColumnTemplate','2011-06-11 01:09:00','post',NULL,NULL,'2011-06-06 01:09:54','2011-06-06 01:11:37','contrapiso-galpon-zanjeado-para-luz',NULL,NULL,NULL),(38,15,84,'Estacional de Invierno',0,'','draft',0,'singleColumnTemplate','2011-06-25 01:25:00','post',NULL,NULL,'2011-06-06 01:25:13','2011-06-06 01:26:20','estacional-de-invierno',NULL,NULL,NULL),(39,15,85,'Estacional de Invierno',0,'','published',0,'singleColumnTemplate','2011-06-25 01:30:00','post',NULL,NULL,'2011-06-06 01:30:51','2011-06-06 01:32:24','estacional-de-invierno-1',NULL,NULL,NULL),(40,15,86,'Seminario La Direccion y los Aforismos',0,'','published',0,'singleColumnTemplate','2011-06-12 01:37:00','post',NULL,NULL,'2011-06-06 01:36:57','2011-06-06 01:40:04','seminario-la-direccion-y-los-aforismos',NULL,NULL,NULL),(41,1,89,'testing',0,NULL,'draft',0,'singleColumnTemplate','2011-07-20 02:06:51','post',NULL,NULL,'2011-07-20 02:06:51','2011-07-20 02:06:52','testing',NULL,NULL,NULL),(42,1,90,'test',0,'','draft',0,'singleColumnTemplate','2011-07-20 02:08:00','post',NULL,NULL,'2011-07-20 02:08:26','2011-07-20 02:21:14','test','',NULL,NULL),(43,1,91,'testestest celebraci&oacute;n',0,'','published',0,'singleColumnTemplate','2011-08-24 23:01:00','post',NULL,NULL,'2011-08-08 23:01:53','2011-08-09 02:39:38','testestest-celebración','',NULL,NULL);
/*!40000 ALTER TABLE `a_blog_item` ENABLE KEYS */;
UNLOCK TABLES;

--
-- Table structure for table `a_blog_item_category`
--

DROP TABLE IF EXISTS `a_blog_item_category`;
/*!40101 SET @saved_cs_client     = @@character_set_client */;
/*!40101 SET character_set_client = utf8 */;
CREATE TABLE `a_blog_item_category` (
  `blog_item_id` bigint(20) NOT NULL DEFAULT '0',
  `blog_category_id` bigint(20) NOT NULL DEFAULT '0',
  PRIMARY KEY (`blog_item_id`,`blog_category_id`),
  KEY `a_blog_item_category_blog_category_id_a_blog_category_id` (`blog_category_id`),
  CONSTRAINT `a_blog_item_category_blog_category_id_a_blog_category_id` FOREIGN KEY (`blog_category_id`) REFERENCES `a_blog_category` (`id`) ON DELETE CASCADE,
  CONSTRAINT `a_blog_item_category_blog_item_id_a_blog_item_id` FOREIGN KEY (`blog_item_id`) REFERENCES `a_blog_item` (`id`) ON DELETE CASCADE
) ENGINE=InnoDB DEFAULT CHARSET=utf8;
/*!40101 SET character_set_client = @saved_cs_client */;

--
-- Dumping data for table `a_blog_item_category`
--

LOCK TABLES `a_blog_item_category` WRITE;
/*!40000 ALTER TABLE `a_blog_item_category` DISABLE KEYS */;
INSERT INTO `a_blog_item_category` VALUES (4,3),(2,4),(3,5),(6,5),(7,5),(10,5),(14,5),(21,5),(22,5),(22,7),(25,8),(26,8),(28,8),(29,8),(30,8),(31,8),(32,8),(34,8),(35,8),(36,8),(37,8),(38,8),(39,8),(40,8);
/*!40000 ALTER TABLE `a_blog_item_category` ENABLE KEYS */;
UNLOCK TABLES;

--
-- Table structure for table `a_blog_item_to_category`
--

DROP TABLE IF EXISTS `a_blog_item_to_category`;
/*!40101 SET @saved_cs_client     = @@character_set_client */;
/*!40101 SET character_set_client = utf8 */;
CREATE TABLE `a_blog_item_to_category` (
  `blog_item_id` bigint(20) NOT NULL DEFAULT '0',
  `category_id` bigint(20) NOT NULL DEFAULT '0',
  PRIMARY KEY (`blog_item_id`,`category_id`),
  KEY `a_blog_item_to_category_category_id_a_category_id` (`category_id`),
  CONSTRAINT `a_blog_item_to_category_blog_item_id_a_blog_item_id` FOREIGN KEY (`blog_item_id`) REFERENCES `a_blog_item` (`id`) ON DELETE CASCADE,
  CONSTRAINT `a_blog_item_to_category_category_id_a_category_id` FOREIGN KEY (`category_id`) REFERENCES `a_category` (`id`) ON DELETE CASCADE
) ENGINE=InnoDB DEFAULT CHARSET=utf8;
/*!40101 SET character_set_client = @saved_cs_client */;

--
-- Dumping data for table `a_blog_item_to_category`
--

LOCK TABLES `a_blog_item_to_category` WRITE;
/*!40000 ALTER TABLE `a_blog_item_to_category` DISABLE KEYS */;
INSERT INTO `a_blog_item_to_category` VALUES (4,7),(2,8),(3,9),(6,9),(7,9),(10,9),(14,9),(21,9),(22,9),(22,11),(25,12),(26,12),(28,12),(29,12),(30,12),(31,12),(32,12),(34,12),(35,12),(36,12),(37,12),(38,12),(39,12),(40,12),(43,12);
/*!40000 ALTER TABLE `a_blog_item_to_category` ENABLE KEYS */;
UNLOCK TABLES;

--
-- Table structure for table `a_blog_page_category`
--

DROP TABLE IF EXISTS `a_blog_page_category`;
/*!40101 SET @saved_cs_client     = @@character_set_client */;
/*!40101 SET character_set_client = utf8 */;
CREATE TABLE `a_blog_page_category` (
  `page_id` bigint(20) NOT NULL DEFAULT '0',
  `blog_category_id` bigint(20) NOT NULL DEFAULT '0',
  PRIMARY KEY (`page_id`,`blog_category_id`),
  KEY `a_blog_page_category_blog_category_id_a_blog_category_id` (`blog_category_id`),
  CONSTRAINT `a_blog_page_category_blog_category_id_a_blog_category_id` FOREIGN KEY (`blog_category_id`) REFERENCES `a_blog_category` (`id`) ON DELETE CASCADE,
  CONSTRAINT `a_blog_page_category_page_id_a_page_id` FOREIGN KEY (`page_id`) REFERENCES `a_page` (`id`) ON DELETE CASCADE
) ENGINE=InnoDB DEFAULT CHARSET=utf8;
/*!40101 SET character_set_client = @saved_cs_client */;

--
-- Dumping data for table `a_blog_page_category`
--

LOCK TABLES `a_blog_page_category` WRITE;
/*!40000 ALTER TABLE `a_blog_page_category` DISABLE KEYS */;
INSERT INTO `a_blog_page_category` VALUES (14,4),(70,7),(68,8),(69,9);
/*!40000 ALTER TABLE `a_blog_page_category` ENABLE KEYS */;
UNLOCK TABLES;

--
-- Table structure for table `a_category`
--

DROP TABLE IF EXISTS `a_category`;
/*!40101 SET @saved_cs_client     = @@character_set_client */;
/*!40101 SET character_set_client = utf8 */;
CREATE TABLE `a_category` (
  `id` bigint(20) NOT NULL AUTO_INCREMENT,
  `name` varchar(255) DEFAULT NULL,
  `description` text,
  `created_at` datetime NOT NULL,
  `updated_at` datetime NOT NULL,
  `slug` varchar(255) DEFAULT NULL,
  PRIMARY KEY (`id`),
  UNIQUE KEY `name` (`name`),
  UNIQUE KEY `a_category_sluggable_idx` (`slug`)
) ENGINE=InnoDB AUTO_INCREMENT=14 DEFAULT CHARSET=utf8;
/*!40101 SET character_set_client = @saved_cs_client */;

--
-- Dumping data for table `a_category`
--

LOCK TABLES `a_category` WRITE;
/*!40000 ALTER TABLE `a_category` DISABLE KEYS */;
INSERT INTO `a_category` VALUES (1,'Producciones CdE','','0000-00-00 00:00:00','0000-00-00 00:00:00','producciones-cde'),(2,'Nivelacion','','0000-00-00 00:00:00','0000-00-00 00:00:00','nivelacion'),(3,'Disciplinas','','0000-00-00 00:00:00','0000-00-00 00:00:00','disciplinas'),(4,'ambitos del parque','','0000-00-00 00:00:00','0000-00-00 00:00:00','ambitos-del-parque'),(5,'Presentacion','','0000-00-00 00:00:00','0000-00-00 00:00:00','presentacion'),(6,'cartas',NULL,'0000-00-00 00:00:00','0000-00-00 00:00:00','cartas'),(7,'talleres',NULL,'0000-00-00 00:00:00','0000-00-00 00:00:00','talleres'),(8,'parques',NULL,'0000-00-00 00:00:00','0000-00-00 00:00:00','parques'),(9,'comunicados de escuela',NULL,'0000-00-00 00:00:00','0000-00-00 00:00:00','comunicados-de-escuela'),(10,'informaciones',NULL,'0000-00-00 00:00:00','0000-00-00 00:00:00','informaciones'),(11,'archivo',NULL,'0000-00-00 00:00:00','0000-00-00 00:00:00','archivo'),(12,'proximas actividades',NULL,'0000-00-00 00:00:00','0000-00-00 00:00:00','proximas-actividades'),(13,'actividades anteriores',NULL,'0000-00-00 00:00:00','0000-00-00 00:00:00','actividades-anteriores');
/*!40000 ALTER TABLE `a_category` ENABLE KEYS */;
UNLOCK TABLES;

--
-- Table structure for table `a_category_group`
--

DROP TABLE IF EXISTS `a_category_group`;
/*!40101 SET @saved_cs_client     = @@character_set_client */;
/*!40101 SET character_set_client = utf8 */;
CREATE TABLE `a_category_group` (
  `category_id` bigint(20) NOT NULL DEFAULT '0',
  `group_id` bigint(20) NOT NULL DEFAULT '0',
  PRIMARY KEY (`category_id`,`group_id`),
  KEY `a_category_group_group_id_sf_guard_group_id` (`group_id`),
  CONSTRAINT `a_category_group_category_id_a_category_id` FOREIGN KEY (`category_id`) REFERENCES `a_category` (`id`) ON DELETE CASCADE,
  CONSTRAINT `a_category_group_group_id_sf_guard_group_id` FOREIGN KEY (`group_id`) REFERENCES `sf_guard_group` (`id`) ON DELETE CASCADE
) ENGINE=InnoDB DEFAULT CHARSET=utf8;
/*!40101 SET character_set_client = @saved_cs_client */;

--
-- Dumping data for table `a_category_group`
--

LOCK TABLES `a_category_group` WRITE;
/*!40000 ALTER TABLE `a_category_group` DISABLE KEYS */;
/*!40000 ALTER TABLE `a_category_group` ENABLE KEYS */;
UNLOCK TABLES;

--
-- Table structure for table `a_category_user`
--

DROP TABLE IF EXISTS `a_category_user`;
/*!40101 SET @saved_cs_client     = @@character_set_client */;
/*!40101 SET character_set_client = utf8 */;
CREATE TABLE `a_category_user` (
  `category_id` bigint(20) NOT NULL DEFAULT '0',
  `user_id` bigint(20) NOT NULL DEFAULT '0',
  PRIMARY KEY (`category_id`,`user_id`),
  KEY `a_category_user_user_id_sf_guard_user_id` (`user_id`),
  CONSTRAINT `a_category_user_category_id_a_category_id` FOREIGN KEY (`category_id`) REFERENCES `a_category` (`id`) ON DELETE CASCADE,
  CONSTRAINT `a_category_user_user_id_sf_guard_user_id` FOREIGN KEY (`user_id`) REFERENCES `sf_guard_user` (`id`) ON DELETE CASCADE
) ENGINE=InnoDB DEFAULT CHARSET=utf8;
/*!40101 SET character_set_client = @saved_cs_client */;

--
-- Dumping data for table `a_category_user`
--

LOCK TABLES `a_category_user` WRITE;
/*!40000 ALTER TABLE `a_category_user` DISABLE KEYS */;
/*!40000 ALTER TABLE `a_category_user` ENABLE KEYS */;
UNLOCK TABLES;

--
-- Table structure for table `a_embed_media_account`
--

DROP TABLE IF EXISTS `a_embed_media_account`;
/*!40101 SET @saved_cs_client     = @@character_set_client */;
/*!40101 SET character_set_client = utf8 */;
CREATE TABLE `a_embed_media_account` (
  `id` int(11) NOT NULL AUTO_INCREMENT,
  `service` varchar(100) NOT NULL,
  `username` varchar(100) NOT NULL,
  PRIMARY KEY (`id`)
) ENGINE=InnoDB AUTO_INCREMENT=3 DEFAULT CHARSET=utf8;
/*!40101 SET character_set_client = @saved_cs_client */;

--
-- Dumping data for table `a_embed_media_account`
--

LOCK TABLES `a_embed_media_account` WRITE;
/*!40000 ALTER TABLE `a_embed_media_account` DISABLE KEYS */;
INSERT INTO `a_embed_media_account` VALUES (1,'Vimeo','7760538'),(2,'Picasa','117691556920140787386');
/*!40000 ALTER TABLE `a_embed_media_account` ENABLE KEYS */;
UNLOCK TABLES;

--
-- Table structure for table `a_group_access`
--

DROP TABLE IF EXISTS `a_group_access`;
/*!40101 SET @saved_cs_client     = @@character_set_client */;
/*!40101 SET character_set_client = utf8 */;
CREATE TABLE `a_group_access` (
  `id` bigint(20) NOT NULL AUTO_INCREMENT,
  `page_id` bigint(20) DEFAULT NULL,
  `privilege` varchar(100) DEFAULT NULL,
  `group_id` bigint(20) DEFAULT NULL,
  PRIMARY KEY (`id`),
  KEY `pageindex_idx` (`page_id`),
  KEY `group_id_idx` (`group_id`),
  CONSTRAINT `a_group_access_group_id_sf_guard_group_id` FOREIGN KEY (`group_id`) REFERENCES `sf_guard_group` (`id`) ON DELETE CASCADE,
  CONSTRAINT `a_group_access_page_id_a_page_id` FOREIGN KEY (`page_id`) REFERENCES `a_page` (`id`) ON DELETE CASCADE
) ENGINE=InnoDB DEFAULT CHARSET=utf8;
/*!40101 SET character_set_client = @saved_cs_client */;

--
-- Dumping data for table `a_group_access`
--

LOCK TABLES `a_group_access` WRITE;
/*!40000 ALTER TABLE `a_group_access` DISABLE KEYS */;
/*!40000 ALTER TABLE `a_group_access` ENABLE KEYS */;
UNLOCK TABLES;

--
-- Table structure for table `a_lucene_update`
--

DROP TABLE IF EXISTS `a_lucene_update`;
/*!40101 SET @saved_cs_client     = @@character_set_client */;
/*!40101 SET character_set_client = utf8 */;
CREATE TABLE `a_lucene_update` (
  `id` bigint(20) NOT NULL AUTO_INCREMENT,
  `page_id` bigint(20) DEFAULT NULL,
  `culture` varchar(7) DEFAULT NULL,
  PRIMARY KEY (`id`),
  KEY `page_and_culture_index_idx` (`page_id`,`culture`),
  KEY `page_id_idx` (`page_id`),
  CONSTRAINT `a_lucene_update_page_id_a_page_id` FOREIGN KEY (`page_id`) REFERENCES `a_page` (`id`) ON DELETE CASCADE
) ENGINE=InnoDB AUTO_INCREMENT=68 DEFAULT CHARSET=utf8;
/*!40101 SET character_set_client = @saved_cs_client */;

--
-- Dumping data for table `a_lucene_update`
--

LOCK TABLES `a_lucene_update` WRITE;
/*!40000 ALTER TABLE `a_lucene_update` DISABLE KEYS */;
INSERT INTO `a_lucene_update` VALUES (1,1,'es'),(2,1,'fr'),(3,3,'es'),(4,3,'fr'),(5,4,'es'),(6,4,'fr'),(7,6,'es'),(8,7,'es'),(9,9,'es'),(10,11,'es'),(11,12,'es'),(12,13,'es'),(13,14,'es'),(14,16,'es'),(15,19,'es'),(16,20,'es'),(17,21,'es'),(18,22,'es'),(19,23,'es'),(20,26,'es'),(21,27,'es'),(22,28,'es'),(23,29,'es'),(24,31,'es'),(25,35,'es'),(26,37,'es'),(27,38,'es'),(28,39,'es'),(29,40,'es'),(30,41,'es'),(31,42,'es'),(32,43,'es'),(33,44,'es'),(34,45,'es'),(35,46,'es'),(36,47,'es'),(37,49,'es'),(38,50,'es'),(39,53,'es'),(40,54,'es'),(41,55,'es'),(42,57,'es'),(43,58,'es'),(44,59,'es'),(45,60,'es'),(46,62,'es'),(47,63,'es'),(48,64,'es'),(49,65,'es'),(50,68,'es'),(51,69,'es'),(52,70,'es'),(53,71,'es'),(54,72,'es'),(55,73,'es'),(56,74,'es'),(57,75,'es'),(58,76,'es'),(59,77,'es'),(60,78,'es'),(61,80,'es'),(62,81,'es'),(63,82,'es'),(64,83,'es'),(65,84,'es'),(66,85,'es'),(67,86,'es');
/*!40000 ALTER TABLE `a_lucene_update` ENABLE KEYS */;
UNLOCK TABLES;

--
-- Table structure for table `a_media_category`
--

DROP TABLE IF EXISTS `a_media_category`;
/*!40101 SET @saved_cs_client     = @@character_set_client */;
/*!40101 SET character_set_client = utf8 */;
CREATE TABLE `a_media_category` (
  `id` bigint(20) NOT NULL AUTO_INCREMENT,
  `name` varchar(255) DEFAULT NULL,
  `description` text,
  `created_at` datetime NOT NULL,
  `updated_at` datetime NOT NULL,
  `slug` varchar(255) DEFAULT NULL,
  PRIMARY KEY (`id`),
  UNIQUE KEY `name` (`name`),
  UNIQUE KEY `a_media_category_sluggable_idx` (`slug`)
) ENGINE=InnoDB AUTO_INCREMENT=7 DEFAULT CHARSET=utf8;
/*!40101 SET character_set_client = @saved_cs_client */;

--
-- Dumping data for table `a_media_category`
--

LOCK TABLES `a_media_category` WRITE;
/*!40000 ALTER TABLE `a_media_category` DISABLE KEYS */;
INSERT INTO `a_media_category` VALUES (1,'Producciones CdE','','2010-08-30 21:09:25','2010-08-30 21:09:25','producciones-cde'),(3,'Nivelacion','','2010-08-30 21:19:07','2010-08-30 21:19:07','nivelacion'),(4,'Disciplinas','','2010-08-30 21:19:17','2010-08-30 21:19:17','disciplinas'),(5,'ambitos del parque','','2011-03-19 18:11:07','2011-03-19 18:11:07','ambitos-del-parque'),(6,'Presentacion','','2011-04-01 19:18:32','2011-04-01 19:18:32','presentacion');
/*!40000 ALTER TABLE `a_media_category` ENABLE KEYS */;
UNLOCK TABLES;

--
-- Table structure for table `a_media_item`
--

DROP TABLE IF EXISTS `a_media_item`;
/*!40101 SET @saved_cs_client     = @@character_set_client */;
/*!40101 SET character_set_client = utf8 */;
CREATE TABLE `a_media_item` (
  `id` bigint(20) NOT NULL AUTO_INCREMENT,
  `type` varchar(255) NOT NULL,
  `service_url` varchar(200) DEFAULT NULL,
  `format` varchar(10) DEFAULT NULL,
  `width` int(11) DEFAULT NULL,
  `height` int(11) DEFAULT NULL,
  `embed` text,
  `title` varchar(200) NOT NULL,
  `description` text,
  `credit` varchar(200) DEFAULT NULL,
  `owner_id` bigint(20) DEFAULT NULL,
  `view_is_secure` tinyint(1) NOT NULL DEFAULT '0',
  `created_at` datetime NOT NULL,
  `updated_at` datetime NOT NULL,
  `slug` varchar(255) DEFAULT NULL,
  `lucene_dirty` tinyint(1) DEFAULT '0',
  PRIMARY KEY (`id`),
  UNIQUE KEY `a_media_item_sluggable_idx` (`slug`),
  KEY `owner_id_idx` (`owner_id`),
  CONSTRAINT `a_media_item_owner_id_sf_guard_user_id` FOREIGN KEY (`owner_id`) REFERENCES `sf_guard_user` (`id`) ON DELETE SET NULL
) ENGINE=InnoDB AUTO_INCREMENT=471 DEFAULT CHARSET=utf8;
/*!40101 SET character_set_client = @saved_cs_client */;

--
-- Dumping data for table `a_media_item`
--

LOCK TABLES `a_media_item` WRITE;
/*!40000 ALTER TABLE `a_media_item` DISABLE KEYS */;
INSERT INTO `a_media_item` VALUES (4,'image',NULL,'jpg',720,509,'','333333333','','',1,0,'2010-07-26 02:07:41','2010-07-26 02:07:41','333333333',0),(5,'image',NULL,'jpg',805,115,'','header','','',1,0,'2010-07-26 22:15:15','2010-07-26 22:15:15','header',0),(6,'image',NULL,'jpg',160,130,'','parque punta de vacas','','',6,0,'2010-07-26 22:28:45','2010-08-31 18:51:56','parque-punta-de-vacas',0),(7,'image',NULL,'gif',756,449,'','mapa','','',1,0,'2010-07-26 22:39:31','2010-07-26 22:39:31','mapa',0),(8,'image',NULL,'jpg',160,130,'','parque manantiales','','',1,0,'2010-07-27 11:36:54','2010-07-27 11:36:54','parque-manantiales',0),(9,'image',NULL,'jpg',160,130,'','parque toledo','','',6,0,'2010-07-27 12:14:04','2010-08-30 16:53:45','parque-toledo',0),(11,'image',NULL,'jpg',960,137,'','header','','',1,0,'2010-07-27 14:17:51','2010-07-27 14:17:51','header-1',0),(12,'video','http://www.youtube.com/watch?v=jy-36-Igeik','jpg',480,360,NULL,'Funcionamiento de la Escuela en el Parque de Estudio y Reflexión La Reja ','','',1,0,'2010-07-27 14:40:58','2010-07-27 14:40:58','funcionamiento-de-la-escuela-en-el-parque-de-estudio-y-reflexión-la-reja',0),(13,'image',NULL,'jpg',160,130,'','sala','\n\n\n\n      <p>&nbsp;</p>\r\n<p>&nbsp;</p>\n      \n\n','',6,0,'2010-07-27 15:09:50','2010-08-31 18:15:42','sala',0),(14,'image',NULL,'jpg',160,130,'','cde','','',6,0,'2010-07-27 15:21:16','2010-08-31 18:29:31','cde',0),(15,'image',NULL,'jpg',160,130,'','cdt','','',6,0,'2010-07-27 15:21:16','2010-08-31 18:36:27','cdt',0),(16,'image',NULL,'jpg',160,130,'','estela','','',6,0,'2010-07-27 15:21:16','2010-08-31 18:32:27','estela',0),(17,'image',NULL,'jpg',160,130,'','fuente','','',6,0,'2010-07-27 15:21:17','2010-08-31 18:33:45','fuente',0),(18,'image',NULL,'jpg',160,130,'','monolito','','',6,0,'2010-07-27 15:21:17','2010-08-31 18:31:14','monolito',0),(19,'image',NULL,'jpg',160,130,'','portal','','',6,0,'2010-07-27 15:21:17','2010-08-31 18:35:03','portal',0),(21,'image',NULL,'jpg',160,130,'','Parque Wiesenburg Berlin','','',6,0,'2010-08-30 16:11:07','2010-08-31 19:12:47','parque-wiesenburg-berlin',0),(22,'image',NULL,'jpg',160,130,'','Parque Hudson Valley','','',6,0,'2010-08-30 16:14:07','2010-08-31 19:11:40','parque-hudson-valley',0),(23,'image',NULL,'jpg',160,130,'','Parque Banahaw','','',6,0,'2010-08-30 16:18:02','2010-08-31 19:10:39','parque-banahaw',0),(24,'image',NULL,'jpg',160,130,'','Parque Piribebuy','','',6,0,'2010-08-30 16:20:24','2010-08-31 19:09:24','parque-piribebuy',0),(25,'image',NULL,'jpg',160,130,'','Parque Casa Giorgi','','',6,0,'2010-08-30 16:22:36','2010-08-31 19:08:26','parque-casa-giorgi',0),(26,'image',NULL,'jpg',160,130,'','Parque Patagonia Norte','','',6,0,'2010-08-30 16:25:25','2010-08-31 19:05:34','parque-patagonia-norte',0),(27,'image',NULL,'jpg',160,130,'','Parque Montecillo','','',6,0,'2010-08-30 16:28:07','2010-08-31 19:04:35','parque-montecillo',0),(28,'image',NULL,'jpg',160,130,'','Parque Mikebuda','','',6,0,'2010-08-30 16:31:46','2010-08-31 19:03:30','parque-mikebuda',0),(29,'image',NULL,'jpg',160,130,'','Parque La Belle Idee','','',6,0,'2010-08-30 16:32:13','2010-08-31 19:02:35','parque-la-belle-idee',0),(30,'image',NULL,'jpg',160,130,'','Parque La Unión','','',6,0,'2010-08-30 16:36:49','2010-08-31 19:01:28','parque-la-unión',0),(31,'image',NULL,'jpg',160,130,'','Parque Carcarañá','','',6,0,'2010-08-30 16:37:17','2010-08-30 16:37:17','parque-carcarañá',0),(32,'image',NULL,'jpg',160,130,'','Parque Caucaia','','',6,0,'2010-08-30 16:41:48','2010-08-31 18:59:59','parque-caucaia',0),(33,'image',NULL,'jpg',160,130,'','Parque Chaco','','',6,0,'2010-08-30 16:42:20','2010-08-31 18:58:06','parque-chaco',0),(34,'image',NULL,'jpg',160,130,'','Asian Ashram','','',6,0,'2010-08-30 16:47:23','2010-08-31 18:55:43','asian-ashram',0),(35,'image',NULL,'jpg',160,130,'','Parque Attigliano','','',6,0,'2010-08-30 16:47:55','2010-08-31 18:53:33','parque-attigliano',0),(36,'image',NULL,'jpg',160,130,'','Parque Red Bluff','','',6,0,'2010-08-30 16:51:42','2010-08-31 18:43:37','parque-red-bluff',0),(37,'image',NULL,'jpg',160,130,'','Parque Los Manantiales','','',6,0,'2010-08-30 16:54:54','2010-08-31 18:39:47','parque-los-manantiales',0),(38,'pdf',NULL,'pdf',NULL,NULL,'','El campo de copresencia en la estructura conciencia-mundo','\n\n\n\n      <p>&nbsp;<a href=\"/docs/el-campo-de-copresencia-en-la-estructura-conciencia-mundo.pdf\">El campo de copresencia en la estructura conciencia-mundo</a></p>\n      \n\n','Jano Arrechea',1,0,'2010-08-30 21:08:38','2010-08-30 21:10:07','el-campo-de-copresencia-en-la-estructura-conciencia-mundo',0),(39,'pdf',NULL,'pdf',NULL,NULL,'','El Oscurecimiento del Ser en Occidente','\n\n\n\n      <p>&nbsp;<a href=\"/docs/el-oscurecimiento-del-ser-en-occidente.pdf\">El Oscurecimiento del Ser en Occidente</a></p>\n      \n\n','Alicia Ordoñez',1,0,'2010-08-30 21:13:11','2010-08-30 21:13:11','el-oscurecimiento-del-ser-en-occidente',0),(40,'pdf',NULL,'pdf',NULL,NULL,'','Punto de vista, descripción, resumen y síntesis','\n\n\n\n      <p>&nbsp;<a href=\"http://silo.net/Documentos-Postulantes/PuntodeVistaDescripcionResumenSintesis.doc\">Punto de vista, descripci&oacute;n, resumen y s&iacute;ntesis</a></p>\n      \n\n','',1,0,'2010-08-30 21:21:40','2010-08-30 21:21:40','punto-de-vista-descripción-resumen-y-síntesis',0),(41,'pdf',NULL,'pdf',NULL,NULL,'','Conferencia de Experiencias Guiadas','\n\n\n\n      <p>Conferencia de Experiencias Guiadas&nbsp;</p>\n      \n\n','',1,0,'2010-08-30 21:22:28','2010-08-30 21:22:28','conferencia-de-experiencias-guiadas',0),(42,'pdf',NULL,'pdf',NULL,NULL,'','Las Cuatro Disciplinas','\n\n\n\n      <p>&nbsp;Las Cuatro Disciplinas</p>\n      \n\n','',1,0,'2010-08-30 21:29:12','2010-08-30 21:29:12','las-cuatro-disciplinas',0),(43,'image',NULL,'jpg',500,221,'','Silo','','',8,0,'2010-12-19 15:48:44','2010-12-19 15:48:44','silo',0),(44,'image',NULL,'jpg',740,345,'','Silo','','',8,0,'2010-12-19 15:53:48','2010-12-19 15:53:48','silo-1',0),(45,'pdf',NULL,'pdf',NULL,NULL,'','el transcurrir','','',8,0,'2010-12-19 16:41:15','2010-12-19 16:41:15','el-transcurrir',0),(46,'pdf',NULL,'pdf',NULL,NULL,'','conciencia inspirada','','',8,0,'2010-12-19 16:54:52','2010-12-19 16:54:52','conciencia-inspirada',0),(48,'video','http://www.youtube.com/watch?v=WvMosAAlro0','jpg',480,360,NULL,'Imagenes de los Parques','','',1,0,'2011-01-10 21:55:45','2011-01-10 21:55:45','imagenes-de-los-parques',0),(49,'pdf',NULL,'pdf',NULL,NULL,'','Oficio del Fuego','\n\n\n\n      <p>&nbsp;Material de los oficios</p>\n      \n\n','',1,0,'2011-01-17 11:27:39','2011-01-17 11:27:39','oficio-del-fuego',0),(50,'image',NULL,'jpg',173,68,'','Oficio del Fuego','','',1,0,'2011-01-17 11:30:31','2011-01-17 11:30:31','oficio-del-fuego-1',0),(56,'image',NULL,'jpg',500,333,'','interior multiuso','','',15,0,'2011-03-19 18:14:39','2011-03-19 18:14:39','interior-multiuso',0),(57,'image',NULL,'jpg',500,333,'','interior taller','','',15,0,'2011-03-19 18:14:39','2011-03-19 18:14:39','interior-taller',0),(58,'image',NULL,'jpg',500,333,'','multiuso por fuera','','',15,0,'2011-03-19 18:14:39','2011-03-19 18:14:39','multiuso-por-fuera',0),(59,'image',NULL,'jpg',500,333,'','taller por dentro','','',15,0,'2011-03-19 18:14:39','2011-03-19 18:14:39','taller-por-dentro',0),(60,'image',NULL,'jpg',500,333,'','patio de hornos','','',15,0,'2011-03-19 18:14:39','2011-03-19 18:14:39','patio-de-hornos',0),(61,'image',NULL,'jpg',960,720,'','Diap1','','',15,0,'2011-04-01 19:27:28','2011-04-01 19:27:28','diap1',0),(62,'image',NULL,'jpg',960,720,'','diap2','','',15,0,'2011-04-01 19:27:32','2011-04-01 19:27:32','diap2',0),(63,'image',NULL,'jpg',960,720,'','diap3','','',15,0,'2011-04-01 19:27:32','2011-04-01 19:27:32','diap3',0),(64,'image',NULL,'jpg',960,720,'','diap4','','',15,0,'2011-04-01 19:27:32','2011-04-01 19:27:32','diap4',0),(65,'image',NULL,'jpg',960,720,'','diap5','','',15,0,'2011-04-01 19:27:32','2011-04-01 19:27:32','diap5',0),(66,'image',NULL,'jpg',960,720,'','diap6','','',15,0,'2011-04-01 19:27:32','2011-04-01 19:27:32','diap6',0),(67,'image',NULL,'jpg',960,720,'','diap7','','',15,0,'2011-04-01 19:30:18','2011-04-01 19:30:18','diap7',0),(68,'image',NULL,'jpg',960,720,'','diap8','','',15,0,'2011-04-01 19:30:18','2011-04-01 19:30:18','diap8',0),(69,'image',NULL,'jpg',960,720,'','diap9','','',15,0,'2011-04-01 19:30:18','2011-04-01 19:30:18','diap9',0),(70,'image',NULL,'jpg',960,720,'','diap10','','',15,0,'2011-04-01 19:30:19','2011-04-01 19:30:19','diap10',0),(71,'image',NULL,'jpg',960,720,'','diap11','','',15,0,'2011-04-01 19:30:19','2011-04-01 19:30:19','diap11',0),(72,'image',NULL,'jpg',960,720,'','diap12','','',15,0,'2011-04-01 19:30:19','2011-04-01 19:30:19','diap12',0),(73,'image',NULL,'jpg',960,720,'','diap13','','',15,0,'2011-04-01 19:31:00','2011-04-01 19:31:00','diap13',0),(74,'pdf',NULL,'pdf',553,800,'','Recomendaciones de uso de instalaciones','','',15,0,'2011-04-03 23:51:54','2011-04-04 00:02:42','recomendaciones-de-uso-de-los-centros',0),(75,'image',NULL,'jpg',1775,1025,'','Presentacion Hugo','','',15,0,'2011-04-11 18:48:12','2011-04-11 18:48:12','presentacion-hugo',0),(76,'image',NULL,'jpg',414,603,'','Taller Puchi','','',15,0,'2011-04-11 18:48:14','2011-04-11 18:48:14','taller-puchi',0),(78,'image',NULL,'jpg',640,480,'','Estelas','','',15,0,'2011-04-21 18:59:16','2011-04-21 18:59:16','estelas',0),(79,'image',NULL,'jpg',800,533,'','Fuente','','',15,0,'2011-04-21 18:59:16','2011-04-21 18:59:16','fuente-1',0),(80,'image',NULL,'jpg',640,480,'','Portal','','',15,0,'2011-04-21 18:59:16','2011-04-21 18:59:16','portal-1',0),(81,'image',NULL,'jpg',800,533,'','Sala','','',15,0,'2011-04-21 18:59:17','2011-04-21 18:59:17','sala-1',0),(82,'image',NULL,'jpg',800,533,'','Taller','','',15,0,'2011-04-21 18:59:17','2011-04-21 18:59:17','taller',0),(83,'image',NULL,'jpg',533,800,'','Monolito con Sala','','',15,0,'2011-04-21 19:16:25','2011-04-21 19:16:25','monolito-con-sala',0),(84,'image',NULL,'jpg',604,340,'','Fuente con Silo','','',15,0,'2011-04-21 19:16:26','2011-04-21 19:16:26','fuente-con-silo',0),(85,'image',NULL,'jpg',720,478,'','Multiuso con gente','','',15,0,'2011-04-21 19:33:11','2011-04-21 19:33:11','multiuso-con-gente',0),(86,'image',NULL,'jpg',800,533,'','Fuente noche','','',15,0,'2011-04-22 02:40:43','2011-04-22 02:40:43','fuente-noche',0),(87,'image',NULL,'jpg',800,533,'','Monolito','','',15,0,'2011-04-22 02:40:43','2011-04-22 02:40:43','monolito-1',0),(88,'image',NULL,'jpg',800,615,'','Portal con silo','','',15,0,'2011-04-22 02:40:43','2011-04-22 02:40:43','portal-con-silo',0),(89,'image',NULL,'jpg',800,533,'','Portal 2','','',15,0,'2011-04-22 02:40:44','2011-04-22 02:40:44','portal-2',0),(90,'image',NULL,'jpg',800,450,'','Sala noche','','',15,0,'2011-04-22 02:40:44','2011-04-22 02:40:44','sala-noche',0),(91,'pdf',NULL,'pdf',525,719,'','Como llegar al Parque','','',15,0,'2011-04-22 02:42:28','2011-04-22 02:42:28','como-llegar-al-parque',0),(92,'image',NULL,'jpg',800,533,'','fuente agua','','',15,0,'2011-04-22 03:14:03','2011-04-22 03:14:03','fuente-agua',0),(93,'image',NULL,'jpg',800,533,'','Centro de Estudio','','',15,0,'2011-04-22 03:14:04','2011-04-22 03:14:04','centro-de-estudio',0),(94,'image',NULL,'jpg',800,533,'','Monolito fecha','','',15,0,'2011-04-22 03:14:04','2011-04-22 03:14:04','monolito-fecha',0),(95,'image',NULL,'jpg',800,533,'','Multi fuente','','',15,0,'2011-04-22 03:14:04','2011-04-22 03:14:04','multi-fuente',0),(96,'image',NULL,'jpg',720,478,'','Monolito gente','','',15,0,'2011-04-22 03:14:05','2011-04-22 03:14:05','monolito-gente',0),(97,'image',NULL,'jpg',800,449,'','Centro de Estudios 2','','',15,0,'2011-04-22 16:22:24','2011-04-22 16:22:24','centro-de-estudios-2',0),(98,'image',NULL,'jpg',720,482,'','Centro de Trabajo','','',15,0,'2011-04-22 16:47:22','2011-04-22 16:47:22','centro-de-trabajo',0),(99,'image',NULL,'jpg',1890,1334,'','Silo en Sala','','',15,0,'2011-04-27 10:38:48','2011-04-27 10:38:48','silo-en-sala',0),(100,'image',NULL,'jpg',944,632,'','Invitacion 7/5','','',15,0,'2011-04-27 10:38:51','2011-04-27 10:38:51','invitacion-7/5',0),(101,'image',NULL,'jpg',944,632,'','Dia del TEstimonio','','',15,0,'2011-04-27 11:04:58','2011-04-27 11:04:58','dia-del-testimonio',0),(103,'image',NULL,'jpg',1312,832,'','Quema de Pedidos','','',15,0,'2011-04-27 23:05:55','2011-04-27 23:05:55','quema-de-pedidos',0),(104,'image',NULL,'jpg',604,453,'','Quema de Pedidos 2','','',15,0,'2011-04-27 23:05:55','2011-04-27 23:05:55','quema-de-pedidos-2',0),(105,'video','http://www.youtube.com/watch?v=-vZD65-7iTI','jpg',480,360,NULL,'Historia del Parque La Reja 2005-2011','','',15,0,'2011-05-05 21:46:20','2011-05-05 21:46:20','historia-del-parque-la-reja-2005-2011',0),(106,'image',NULL,'jpg',720,540,'','deposito','','',15,0,'2011-05-17 12:43:54','2011-05-17 12:43:54','deposito',0),(107,'image',NULL,'jpg',1200,800,'','Construccion del Galpon','','',15,0,'2011-06-04 14:33:14','2011-06-04 14:33:14','construccion-del-galpon',0),(109,'pdf',NULL,'pdf',539,719,'','Instructivo Taller','','',15,0,'2011-06-10 12:30:07','2011-06-10 12:30:07','instructivo-taller',0),(110,'image',NULL,'jpg',587,414,'','Invitacion ','','',15,0,'2011-06-16 15:43:15','2011-06-16 15:43:15','invitacion',0),(111,'pdf',NULL,'pdf',539,768,'','Il trascorrere ita','','',15,0,'2011-06-21 20:26:54','2011-06-21 20:26:54','il-trascorrere-ita',0),(112,'pdf',NULL,'pdf',612,793,'','Temporalité fr','','',15,0,'2011-06-21 20:27:55','2011-06-21 20:27:55','temporalité-fr',0),(117,'video','http://vimeo.com/26361182','jpg',640,480,NULL,'Silo en Parque La Reja','<p>Visita de Silo al Parque La Reja, 10 de Mayo 2010.\n<br />Conecci&oacute;n con los parques y pedido en la sala.</p>','Parque La Reja',NULL,0,'2011-07-13 03:44:52','2011-07-13 03:44:52','silo-en-parque-la-reja',0),(118,'video','http://vimeo.com/26356754','jpg',640,480,NULL,'Silo - En que estamos... 30-01-2010','<p>Explicaciones generales dadas por Silo en Enero del 2010 en el Parque de Estudio Y Reflexi&oacute;n de Punta de Vacas.</p>','Parque La Reja',1,0,'2011-07-13 03:44:57','2011-09-01 18:14:54','silo-en-que-estamos-30-01-2010',0),(119,'image',NULL,'jpg',604,453,NULL,'7534 132022940737 605115737 2963359 5941310 n','','',1,0,'2011-07-13 05:13:26','2011-07-13 05:13:26','7534-132022940737-605115737-2963359-5941310-n',0),(120,'image',NULL,'jpg',86,86,NULL,'img01','','',1,0,'2011-07-13 05:13:26','2011-07-13 05:13:26','img01',0),(121,'image',NULL,'jpg',512,384,NULL,'18568 245843270737 605115737 3760707 6500632 n','','',1,0,'2011-07-13 05:13:26','2011-07-13 05:13:26','18568-245843270737-605115737-3760707-6500632-n',0),(122,'image',NULL,'jpg',720,509,NULL,'26141 1401199997253 1449903046 31050823 863573 n','','',1,0,'2011-07-13 05:13:26','2011-07-13 05:13:26','26141-1401199997253-1449903046-31050823-863573-n',0),(123,'audio',NULL,'mp3',NULL,NULL,NULL,'06 army of me','','',1,0,'2011-07-13 16:28:42','2011-07-13 16:28:42','06-army-of-me',0),(126,'image','http://lh4.ggpht.com/-UvBMVz8A5Gg/S6A8w1_cEbI/AAAAAAAAAvY/skrGYjXjPE8/DSCF3431.JPG',NULL,NULL,NULL,NULL,'DSCF3431.JPG','<p></p>','Diego Dorado',NULL,0,'2011-07-20 00:18:22','2011-07-20 00:18:22','dscf3431-jpg',0),(127,'image','http://lh6.ggpht.com/-oB1y762RPIo/S6A8xHF9T6I/AAAAAAAAAvc/t_rDeoY4JZ8/DSCF3433.JPG',NULL,NULL,NULL,NULL,'DSCF3433.JPG','<p></p>','Diego Dorado',NULL,0,'2011-07-20 00:18:22','2011-07-20 00:18:22','dscf3433-jpg',0),(128,'image','http://lh4.ggpht.com/-qw-NyENtEG8/S6A8xcNS0yI/AAAAAAAAAvg/JX_Z48k9ukA/DSCF3434.JPG',NULL,NULL,NULL,NULL,'DSCF3434.JPG','<p></p>','Diego Dorado',NULL,0,'2011-07-20 00:18:23','2011-07-20 00:18:23','dscf3434-jpg',0),(129,'image','http://lh6.ggpht.com/--DgTSuEersg/S6A8xlFfwvI/AAAAAAAAAvk/znuEqbd6pYc/DSCF3435.JPG',NULL,NULL,NULL,NULL,'DSCF3435.JPG','<p></p>','Diego Dorado',NULL,0,'2011-07-20 00:18:24','2011-07-20 00:18:24','dscf3435-jpg',0),(130,'image','http://lh6.ggpht.com/-OdeL24d8Hrs/S6A9raTEnYI/AAAAAAAAAv0/AgxDu0OjFGA/DSCF3436.JPG',NULL,NULL,NULL,NULL,'DSCF3436.JPG','<p></p>','Diego Dorado',NULL,0,'2011-07-20 00:18:24','2011-07-20 00:18:24','dscf3436-jpg',0),(131,'image','http://lh4.ggpht.com/-DGWbf402FRY/S6A9r3UAG9I/AAAAAAAAAv4/OgsfSo7HO08/DSCF3437.JPG',NULL,NULL,NULL,NULL,'DSCF3437.JPG','<p></p>','Diego Dorado',NULL,0,'2011-07-20 00:18:25','2011-07-20 00:18:25','dscf3437-jpg',0),(132,'image','http://lh3.ggpht.com/-EmsuWCQMHhQ/S6A9sE-ybUI/AAAAAAAAAv8/0PM8Htnpa-4/DSCF3438.JPG',NULL,NULL,NULL,NULL,'DSCF3438.JPG','<p></p>','Diego Dorado',NULL,0,'2011-07-20 00:18:26','2011-07-20 00:18:26','dscf3438-jpg',0),(133,'image','http://lh5.ggpht.com/-w1yNCyMwuBE/Sibr1fxFaBI/AAAAAAAAAX0/kLzeFKhNJF0/DSC07393.jpg',NULL,NULL,NULL,NULL,'DSC07393.jpg','<p></p>','Diego Dorado',NULL,0,'2011-07-20 00:18:26','2011-07-20 00:18:26','dsc07393-jpg',0),(134,'image','http://lh4.ggpht.com/-23t2MQJk5d8/Sibr2GqtKRI/AAAAAAAAAX4/fNMRXtiICVY/IMG_0374.jpg',NULL,NULL,NULL,NULL,'IMG_0374.jpg','<p></p>','Diego Dorado',NULL,0,'2011-07-20 00:18:27','2011-07-20 00:18:27','img_0374-jpg',0),(135,'image','http://lh6.ggpht.com/-FEHlmOFvM8o/Sibr3ERbyRI/AAAAAAAAAX8/sGBaN_Ai2PU/DSC03171.jpg',NULL,NULL,NULL,NULL,'DSC03171.jpg','<p></p>','Diego Dorado',NULL,0,'2011-07-20 00:18:28','2011-07-20 00:18:28','dsc03171-jpg',0),(136,'image','http://lh3.ggpht.com/-3KAKUdhT8rQ/Sibr4C54bZI/AAAAAAAAAYA/SORB9eRkDM8/IMG_0370.jpg',NULL,NULL,NULL,NULL,'IMG_0370.jpg','<p></p>','Diego Dorado',NULL,0,'2011-07-20 00:18:28','2011-07-20 00:18:28','img_0370-jpg',0),(137,'image','http://lh3.ggpht.com/-f7JCZN1EK6w/Sibr451hexI/AAAAAAAAAYE/-mTRpRtcPnw/IMG_0373.jpg',NULL,NULL,NULL,NULL,'IMG_0373.jpg','<p></p>','Diego Dorado',NULL,0,'2011-07-20 00:18:29','2011-07-20 00:18:29','img_0373-jpg',0),(138,'image','http://lh3.ggpht.com/-ylkXygplB40/Sibr5pxe0fI/AAAAAAAAAYI/mv9b02xdT14/IMG_0371.jpg',NULL,NULL,NULL,NULL,'IMG_0371.jpg','<p></p>','Diego Dorado',NULL,0,'2011-07-20 00:18:30','2011-07-20 00:18:30','img_0371-jpg',0),(139,'image','http://lh4.ggpht.com/-qwJV7r9-fzA/Sibr6YwMkeI/AAAAAAAAAYM/8cqxEa0N0_8/IMG_0365.jpg',NULL,NULL,NULL,NULL,'IMG_0365.jpg','<p></p>','Diego Dorado',NULL,0,'2011-07-20 00:18:30','2011-07-20 00:18:30','img_0365-jpg',0),(140,'image','http://lh3.ggpht.com/-5fmywMusMyY/Sibr7gPihMI/AAAAAAAAAYQ/JIDDnh2QCpk/IMG_0362.jpg',NULL,NULL,NULL,NULL,'IMG_0362.jpg','<p></p>','Diego Dorado',NULL,0,'2011-07-20 00:18:31','2011-07-20 00:18:31','img_0362-jpg',0),(141,'image','http://lh5.ggpht.com/-sKwC1QLbUZA/Sibr8VVZyFI/AAAAAAAAAYU/ABJaVySDufQ/IMG_0359.jpg',NULL,NULL,NULL,NULL,'IMG_0359.jpg','<p></p>','Diego Dorado',NULL,0,'2011-07-20 00:18:32','2011-07-20 00:18:32','img_0359-jpg',0),(143,'image','http://lh6.ggpht.com/-CJCQ-2UgyaQ/Sibr9xDAeSI/AAAAAAAAAYc/KdwX0eOEL78/DSC03163.jpg',NULL,NULL,NULL,NULL,'DSC03163.jpg','<p></p>','Diego Dorado',NULL,0,'2011-07-20 00:18:33','2011-07-20 00:18:33','dsc03163-jpg',0),(144,'image','http://lh3.ggpht.com/-se6yEHEbFjg/Sibr--pByfI/AAAAAAAAAYg/96vvka0AIPM/DSC03159.jpg',NULL,NULL,NULL,NULL,'DSC03159.jpg','<p></p>','Diego Dorado',NULL,0,'2011-07-20 00:18:34','2011-07-20 00:18:34','dsc03159-jpg',0),(145,'image','http://lh5.ggpht.com/-0LH1J7dEg9g/Sibr_Z1FeiI/AAAAAAAAAYk/q60zY8fHGUM/DSC03156.jpg',NULL,NULL,NULL,NULL,'DSC03156.jpg','<p></p>','Diego Dorado',NULL,0,'2011-07-20 00:18:35','2011-07-20 00:18:35','dsc03156-jpg',0),(146,'image','http://lh3.ggpht.com/-pHTEc6tX5iQ/SibsAJEA0tI/AAAAAAAAAYo/3tLRfoLxecQ/DSC03155.jpg',NULL,NULL,NULL,NULL,'DSC03155.jpg','<p></p>','Diego Dorado',NULL,0,'2011-07-20 00:18:35','2011-07-20 00:18:35','dsc03155-jpg',0),(147,'image','http://lh3.ggpht.com/-zjBXCpfK-l0/SibsAyG5U-I/AAAAAAAAAYs/1Kl7H77oXwk/DSC03152.jpg',NULL,NULL,NULL,NULL,'DSC03152.jpg','<p></p>','Diego Dorado',NULL,0,'2011-07-20 00:18:36','2011-07-20 00:18:36','dsc03152-jpg',0),(148,'image','http://lh5.ggpht.com/-sjMdvf_HH9M/SibsB8UjuUI/AAAAAAAAAYw/sLrzt6D8C6E/DSC03151.jpg',NULL,NULL,NULL,NULL,'DSC03151.jpg','<p></p>','Diego Dorado',NULL,0,'2011-07-20 00:18:37','2011-07-20 00:18:37','dsc03151-jpg',0),(149,'image','http://lh5.ggpht.com/-UAIl060FjgM/SibsC-xfzoI/AAAAAAAAAY0/EKXH2wlavJE/DSC03149.jpg',NULL,NULL,NULL,NULL,'DSC03149.jpg','<p></p>','Diego Dorado',NULL,0,'2011-07-20 00:18:37','2011-07-20 00:18:37','dsc03149-jpg',0),(150,'image','http://lh4.ggpht.com/--1cS2-lC7ho/SibsDvonV4I/AAAAAAAAAY4/dXW0il73pI0/DSC03147.jpg',NULL,NULL,NULL,NULL,'DSC03147.jpg','<p></p>','Diego Dorado',NULL,0,'2011-07-20 00:18:38','2011-07-20 00:18:38','dsc03147-jpg',0),(151,'image','http://lh3.ggpht.com/-TR9ByV571OU/SibsEoxyZ7I/AAAAAAAAAY8/yEbu0rmyPJM/DSC03145.jpg',NULL,NULL,NULL,NULL,'DSC03145.jpg','<p></p>','Diego Dorado',NULL,0,'2011-07-20 00:18:39','2011-07-20 00:18:39','dsc03145-jpg',0),(152,'image','http://lh6.ggpht.com/-OrfG5JDtgCI/SibsFogBerI/AAAAAAAAAZA/Lo2fXG0cO90/DSC03141.jpg',NULL,NULL,NULL,NULL,'DSC03141.jpg','<p></p>','Diego Dorado',NULL,0,'2011-07-20 00:18:39','2011-07-20 00:18:39','dsc03141-jpg',0),(154,'image','http://lh5.ggpht.com/-kH9LNeH_Ebs/SibsHeaBBsI/AAAAAAAAAZI/ZLdQy4fU-Yg/DSC03100.jpg',NULL,NULL,NULL,NULL,'DSC03100.jpg','<p></p>','Diego Dorado',NULL,0,'2011-07-20 00:18:41','2011-07-20 00:18:41','dsc03100-jpg',0),(155,'image','http://lh6.ggpht.com/-lRQT2zqH6yM/SibsIYnSZ0I/AAAAAAAAAZM/9O7Q_wyJCks/DSC03096.jpg',NULL,NULL,NULL,NULL,'DSC03096.jpg','<p></p>','Diego Dorado',NULL,0,'2011-07-20 00:18:41','2011-07-20 00:18:41','dsc03096-jpg',0),(156,'image','http://lh4.ggpht.com/-ea2rbNfREog/SibsJB75lOI/AAAAAAAAAZQ/etHexIVbRxU/DSC03094.jpg',NULL,NULL,NULL,NULL,'DSC03094.jpg','<p></p>','Diego Dorado',NULL,0,'2011-07-20 00:18:42','2011-07-20 00:18:42','dsc03094-jpg',0),(157,'image','http://lh4.ggpht.com/-m8B8ez901Ko/SibsJ67i28I/AAAAAAAAAZU/G5wQ6OJILyU/DSC03088.jpg',NULL,NULL,NULL,NULL,'DSC03088.jpg','<p></p>','Diego Dorado',NULL,0,'2011-07-20 00:18:43','2011-07-20 00:18:43','dsc03088-jpg',0),(158,'image','http://lh5.ggpht.com/-bv8wSxxhR28/SibsLHeSvjI/AAAAAAAAAZY/FVGPrQ9qcDg/DSC03086.jpg',NULL,NULL,NULL,NULL,'DSC03086.jpg','<p></p>','Diego Dorado',NULL,0,'2011-07-20 00:18:43','2011-07-20 00:18:43','dsc03086-jpg',0),(159,'image','http://lh5.ggpht.com/-J8k_iLBWsEE/SibsL8WDuAI/AAAAAAAAAZg/AYPGbaKqPd8/04-05-1999.jpg',NULL,NULL,NULL,NULL,'04-05-1999.jpg','<p></p>','Diego Dorado',NULL,0,'2011-07-20 00:18:44','2011-07-20 00:18:44','04-05-1999-jpg',0),(160,'image','http://lh6.ggpht.com/-nm_zU05hd90/SibsMtSRzmI/AAAAAAAAAZk/03k5MGODBKI/DSC03084.jpg',NULL,NULL,NULL,NULL,'DSC03084.jpg','<p></p>','Diego Dorado',NULL,0,'2011-07-20 00:18:45','2011-07-20 00:18:45','dsc03084-jpg',0),(162,'image','http://lh6.ggpht.com/-f3Oa_ZTTNLc/SibsOPJjtcI/AAAAAAAAAZs/2S09Xjd8tck/DSC03081.jpg',NULL,NULL,NULL,NULL,'DSC03081.jpg','<p></p>','Diego Dorado',NULL,0,'2011-07-20 00:18:46','2011-07-20 00:18:46','dsc03081-jpg',0),(163,'image','http://lh5.ggpht.com/-fnwO02Y8BCc/SibsO_nDacI/AAAAAAAAAZw/adNxtfoNKWA/DSC03075.jpg',NULL,NULL,NULL,NULL,'DSC03075.jpg','<p></p>','Diego Dorado',NULL,0,'2011-07-20 00:18:46','2011-07-20 00:18:46','dsc03075-jpg',0),(164,'image','http://lh3.ggpht.com/-EFxsgziN5_w/SibsPzSBnjI/AAAAAAAAAZ0/92bnGp2GiBk/DSC03073.jpg',NULL,NULL,NULL,NULL,'DSC03073.jpg','<p></p>','Diego Dorado',NULL,0,'2011-07-20 00:18:47','2011-07-20 00:18:47','dsc03073-jpg',0),(167,'image','http://lh6.ggpht.com/-iWFinugBYdc/SibsSZAKyPI/AAAAAAAAAaA/ph7XbafNTuQ/DSC03062.jpg',NULL,NULL,NULL,NULL,'DSC03062.jpg','<p></p>','Diego Dorado',NULL,0,'2011-07-20 00:18:49','2011-07-20 00:18:49','dsc03062-jpg',0),(168,'image','http://lh4.ggpht.com/-sLlgNw6oZn8/SibsTSNcsCI/AAAAAAAAAaE/fI_IRTTUsPc/DSC03060.jpg',NULL,NULL,NULL,NULL,'DSC03060.jpg','<p></p>','Diego Dorado',NULL,0,'2011-07-20 00:18:50','2011-07-20 00:18:50','dsc03060-jpg',0),(170,'image','http://lh5.ggpht.com/-PkxSltIX4Ok/SibsVTiBt8I/AAAAAAAAAaM/KRG-kXV9MDg/DSC07445.jpg',NULL,NULL,NULL,NULL,'DSC07445.jpg','<p></p>','Diego Dorado',NULL,0,'2011-07-20 00:18:51','2011-07-20 00:18:51','dsc07445-jpg',0),(171,'image','http://lh3.ggpht.com/-2Hl9acHMrUs/SibsVw41crI/AAAAAAAAAaQ/JZKovPhE8tg/DSC07442.jpg',NULL,NULL,NULL,NULL,'DSC07442.jpg','<p></p>','Diego Dorado',NULL,0,'2011-07-20 00:18:52','2011-07-20 00:18:52','dsc07442-jpg',0),(172,'image','http://lh4.ggpht.com/-_4c1IfAdJmM/SibsWjm7-QI/AAAAAAAAAaU/QtZq7GFnQlA/DSC07438.jpg',NULL,NULL,NULL,NULL,'DSC07438.jpg','<p></p>','Diego Dorado',NULL,0,'2011-07-20 00:18:53','2011-07-20 00:18:53','dsc07438-jpg',0),(173,'image','http://lh3.ggpht.com/-CpRHq8OG-uk/SibsXdtbHAI/AAAAAAAAAaY/1OoLC2yqZlE/DSC07370.jpg',NULL,NULL,NULL,NULL,'DSC07370.jpg','<p></p>','Diego Dorado',NULL,0,'2011-07-20 00:18:53','2011-07-20 00:18:53','dsc07370-jpg',0),(174,'image','http://lh4.ggpht.com/-3vrmpMaKQag/SibsYM_V8LI/AAAAAAAAAac/0Pu2Ef45b6s/DSC03192.jpg',NULL,NULL,NULL,NULL,'DSC03192.jpg','<p></p>','Diego Dorado',NULL,0,'2011-07-20 00:18:55','2011-07-20 00:18:55','dsc03192-jpg',0),(175,'image','http://lh4.ggpht.com/-26VTzLyr4Pc/SibsY9yGNxI/AAAAAAAAAag/AdmK9ZdRvK8/DSC03190.jpg',NULL,NULL,NULL,NULL,'DSC03190.jpg','<p></p>','Diego Dorado',NULL,0,'2011-07-20 00:18:56','2011-07-20 00:18:56','dsc03190-jpg',0),(176,'image','http://lh5.ggpht.com/-060poY84yg0/SibsaJOC6_I/AAAAAAAAAak/ohEnGsBm-AE/DSC03137.jpg',NULL,NULL,NULL,NULL,'DSC03137.jpg','<p></p>','Diego Dorado',NULL,0,'2011-07-20 00:18:57','2011-07-20 00:18:57','dsc03137-jpg',0),(177,'image','http://lh6.ggpht.com/-3QgPzcplzmc/SibsbZdWsNI/AAAAAAAAAao/NW7wbAxfyNI/DSC03136.jpg',NULL,NULL,NULL,NULL,'DSC03136.jpg','<p></p>','Diego Dorado',NULL,0,'2011-07-20 00:18:58','2011-07-20 00:18:58','dsc03136-jpg',0),(179,'image','http://lh6.ggpht.com/-80x8y8Df7V8/SibsdPrvvZI/AAAAAAAAAaw/aM2TcoDZFjs/DSC03113.jpg',NULL,NULL,NULL,NULL,'DSC03113.jpg','<p></p>','Diego Dorado',NULL,0,'2011-07-20 00:18:59','2011-07-20 00:18:59','dsc03113-jpg',0),(180,'image','http://lh3.ggpht.com/-9l6W4ZXtnAc/Sibsdm6eryI/AAAAAAAAAa0/QBSBaUYCwxI/DSC03110.jpg',NULL,NULL,NULL,NULL,'DSC03110.jpg','<p></p>','Diego Dorado',NULL,0,'2011-07-20 00:19:00','2011-07-20 00:19:00','dsc03110-jpg',0),(181,'image','http://lh4.ggpht.com/-DXuSgiC5RDQ/SdpOxQDgadI/AAAAAAAAAOk/Bx5tcLQZTcs/IMG_0062.JPG',NULL,NULL,NULL,NULL,'IMG_0062.JPG','<p></p>','Diego Dorado',NULL,0,'2011-07-20 00:19:01','2011-07-20 00:19:01','img_0062-jpg',0),(182,'image','http://lh3.ggpht.com/-aU3Hysbujvg/SdpOxvTO2yI/AAAAAAAAAOs/z2rj8FzfYSs/IMG_0065.JPG',NULL,NULL,NULL,NULL,'IMG_0065.JPG','<p></p>','Diego Dorado',NULL,0,'2011-07-20 00:19:02','2011-07-20 00:19:02','img_0065-jpg',0),(183,'image','http://lh3.ggpht.com/-8UE9JaIyvsM/SdpOyVwvgRI/AAAAAAAAAO0/9WJ2xxrUENM/IMG_0068.JPG',NULL,NULL,NULL,NULL,'IMG_0068.JPG','<p></p>','Diego Dorado',NULL,0,'2011-07-20 00:19:02','2011-07-20 00:19:02','img_0068-jpg',0),(185,'image','http://lh4.ggpht.com/-1SFn6E80jTk/SdpOzJDFIjI/AAAAAAAAAPE/E9Z4bhOcfA8/IMG_0079.JPG',NULL,NULL,NULL,NULL,'IMG_0079.JPG','<p></p>','Diego Dorado',NULL,0,'2011-07-20 00:19:04','2011-07-20 00:19:04','img_0079-jpg',0),(186,'image','http://lh4.ggpht.com/-1MCOS1F_X1M/SdpOzoJbyOI/AAAAAAAAAPM/x5nH5XHkmlc/IMG_0081.JPG',NULL,NULL,NULL,NULL,'IMG_0081.JPG','<p></p>','Diego Dorado',NULL,0,'2011-07-20 00:19:04','2011-07-20 00:19:04','img_0081-jpg',0),(187,'image','http://lh5.ggpht.com/-cqK3OgJmWtk/SdpOz3YHiEI/AAAAAAAAAPU/mM02PeBsrM8/IMG_0083.JPG',NULL,NULL,NULL,NULL,'IMG_0083.JPG','<p></p>','Diego Dorado',NULL,0,'2011-07-20 00:19:05','2011-07-20 00:19:05','img_0083-jpg',0),(188,'image','http://lh6.ggpht.com/-JlVgqYDZjgI/SdpO0A_78YI/AAAAAAAAAPc/BpFlar39K7c/IMG_0085.JPG',NULL,NULL,NULL,NULL,'IMG_0085.JPG','<p></p>','Diego Dorado',NULL,0,'2011-07-20 00:19:06','2011-07-20 00:19:06','img_0085-jpg',0),(189,'image','http://lh4.ggpht.com/-Vpg5VaKLMNo/SdpO0qGzumI/AAAAAAAAAPk/2BsQlmE1oGQ/IMG_0089.JPG',NULL,NULL,NULL,NULL,'IMG_0089.JPG','<p></p>','Diego Dorado',NULL,0,'2011-07-20 00:19:07','2011-07-20 00:19:07','img_0089-jpg',0),(190,'image','http://lh3.ggpht.com/-p-3mcu03kCc/SdpO1R8jTyI/AAAAAAAAAPs/Q3xlPXKZcR8/IMG_0094.JPG',NULL,NULL,NULL,NULL,'IMG_0094.JPG','<p></p>','Diego Dorado',NULL,0,'2011-07-20 00:19:08','2011-07-20 00:19:08','img_0094-jpg',0),(191,'image','http://lh5.ggpht.com/-IkRpJ_YA5JA/SdpO19L_LlI/AAAAAAAAAP0/S60sX0OSIz0/IMG_0096.JPG',NULL,NULL,NULL,NULL,'IMG_0096.JPG','<p></p>','Diego Dorado',NULL,0,'2011-07-20 00:19:08','2011-07-20 00:19:08','img_0096-jpg',0),(192,'image','http://lh5.ggpht.com/-3GRPEP_mgtI/SdpO2W9BVJI/AAAAAAAAAP8/sw1FpaG0YPM/IMG_0097.JPG',NULL,NULL,NULL,NULL,'IMG_0097.JPG','<p></p>','Diego Dorado',NULL,0,'2011-07-20 00:19:09','2011-07-20 00:19:09','img_0097-jpg',0),(193,'image','http://lh3.ggpht.com/-k9a9kUKz5i8/SdpO24Qp_EI/AAAAAAAAAQE/5Jy-oiuftvU/IMG_0099.JPG',NULL,NULL,NULL,NULL,'IMG_0099.JPG','<p></p>','Diego Dorado',NULL,0,'2011-07-20 00:19:10','2011-07-20 00:19:10','img_0099-jpg',0),(194,'image','http://lh6.ggpht.com/-PUV0ssYqZWY/SdpO3HTzh4I/AAAAAAAAAQM/JoIMdcZJVT8/IMG_0101.JPG',NULL,NULL,NULL,NULL,'IMG_0101.JPG','<p></p>','Diego Dorado',NULL,0,'2011-07-20 00:19:10','2011-07-20 00:19:10','img_0101-jpg',0),(195,'image','http://lh5.ggpht.com/-6hE3w7N4deg/SdpO3gCstkI/AAAAAAAAAQU/IgzVAKcbMus/IMG_0103.JPG',NULL,NULL,NULL,NULL,'IMG_0103.JPG','<p></p>','Diego Dorado',NULL,0,'2011-07-20 00:19:11','2011-07-20 00:19:11','img_0103-jpg',0),(196,'image','http://lh4.ggpht.com/-bXQmqcPnEZ8/SdpO4COJjUI/AAAAAAAAAQc/Mf4BcadfNGM/IMG_0105.JPG',NULL,NULL,NULL,NULL,'IMG_0105.JPG','<p></p>','Diego Dorado',NULL,0,'2011-07-20 00:19:12','2011-07-20 00:19:12','img_0105-jpg',0),(197,'image','http://lh4.ggpht.com/-GQbRS_ku1Mg/SdpO4eAcEkI/AAAAAAAAAQk/WbiUIMaXDL0/IMG_0108.JPG',NULL,NULL,NULL,NULL,'IMG_0108.JPG','<p></p>','Diego Dorado',NULL,0,'2011-07-20 00:19:12','2011-07-20 00:19:12','img_0108-jpg',0),(198,'image','http://lh5.ggpht.com/-leY-OYyppWk/SdpO44oPCXI/AAAAAAAAAQs/nAWeqqjglRw/IMG_0109.JPG',NULL,NULL,NULL,NULL,'IMG_0109.JPG','<p></p>','Diego Dorado',NULL,0,'2011-07-20 00:19:13','2011-07-20 00:19:13','img_0109-jpg',0),(199,'image','http://lh6.ggpht.com/-bo78cq5O5X0/SdpO5Fib6uI/AAAAAAAAAQ0/2lddNKF-4G0/IMG_0111.JPG',NULL,NULL,NULL,NULL,'IMG_0111.JPG','<p></p>','Diego Dorado',NULL,0,'2011-07-20 00:19:14','2011-07-20 00:19:14','img_0111-jpg',0),(200,'image','http://lh4.ggpht.com/-ZV7GeB-gVQQ/SdpO5gxrIpI/AAAAAAAAAQ8/OGpCi483RBc/IMG_0114.JPG',NULL,NULL,NULL,NULL,'IMG_0114.JPG','<p></p>','Diego Dorado',NULL,0,'2011-07-20 00:19:14','2011-07-20 00:19:14','img_0114-jpg',0),(202,'image','http://lh4.ggpht.com/-66J4zadKxS8/SdpO6L3pc0I/AAAAAAAAARM/ZO1daI59EFI/IMG_0124.JPG',NULL,NULL,NULL,NULL,'IMG_0124.JPG','<p></p>','Diego Dorado',NULL,0,'2011-07-20 00:19:16','2011-07-20 00:19:16','img_0124-jpg',0),(203,'image','http://lh4.ggpht.com/-lWTR3Jan20g/SdpPAc4cmbI/AAAAAAAAARY/GXoNmEn3m-M/IMG_0125.JPG',NULL,NULL,NULL,NULL,'IMG_0125.JPG','<p></p>','Diego Dorado',NULL,0,'2011-07-20 00:19:16','2011-07-20 00:19:16','img_0125-jpg',0),(204,'image','http://lh3.ggpht.com/-2bt5vZBPLAM/SdpPAhpabBI/AAAAAAAAARg/8m_5vPGhUb4/IMG_0128.JPG',NULL,NULL,NULL,NULL,'IMG_0128.JPG','<p></p>','Diego Dorado',NULL,0,'2011-07-20 00:19:17','2011-07-20 00:19:17','img_0128-jpg',0),(205,'image','http://lh4.ggpht.com/-m2f88UVq3WM/SdpPA8Z2RgI/AAAAAAAAARo/-lybB-7LEfA/IMG_0133.JPG',NULL,NULL,NULL,NULL,'IMG_0133.JPG','<p></p>','Diego Dorado',NULL,0,'2011-07-20 00:19:18','2011-07-20 00:19:18','img_0133-jpg',0),(206,'image','http://lh4.ggpht.com/-ULuaCJL_skA/SdpPBFiR9_I/AAAAAAAAARw/00VUAumSutc/IMG_0135.JPG',NULL,NULL,NULL,NULL,'IMG_0135.JPG','<p></p>','Diego Dorado',NULL,0,'2011-07-20 00:19:18','2011-07-20 00:19:18','img_0135-jpg',0),(207,'image','http://lh5.ggpht.com/-ykfWoBgMNlQ/SdpPBGtWhTI/AAAAAAAAAR4/W6B-vzxU73c/IMG_0137.JPG',NULL,NULL,NULL,NULL,'IMG_0137.JPG','<p></p>','Diego Dorado',NULL,0,'2011-07-20 00:19:19','2011-07-20 00:19:19','img_0137-jpg',0),(208,'image','http://lh4.ggpht.com/-f5hpT4KPkHY/SdpPBcNAomI/AAAAAAAAASA/rUElDvfTKCk/IMG_0138.JPG',NULL,NULL,NULL,NULL,'IMG_0138.JPG','<p></p>','Diego Dorado',NULL,0,'2011-07-20 00:19:22','2011-07-20 00:19:22','img_0138-jpg',0),(209,'image','http://lh4.ggpht.com/-gFIJWnq688I/SdpPBtAfeOI/AAAAAAAAASI/UYpyyKz4RUY/IMG_0110.JPG',NULL,NULL,NULL,NULL,'IMG_0110.JPG','<p></p>','Diego Dorado',NULL,0,'2011-07-20 00:19:23','2011-07-20 00:19:23','img_0110-jpg',0),(211,'image','http://lh4.ggpht.com/-UvBMVz8A5Gg/S6A8w1_cEbI/AAAAAAAAAvY/skrGYjXjPE8/DSCF3431.JPG','jpg',1600,1200,NULL,'DSCF3431.JPG','<p></p>','Diego Dorado',NULL,0,'2011-07-20 00:38:35','2011-07-20 00:38:35','dscf3431-jpg-1',0),(212,'image','http://lh6.ggpht.com/-oB1y762RPIo/S6A8xHF9T6I/AAAAAAAAAvc/t_rDeoY4JZ8/DSCF3433.JPG','jpg',1600,1200,NULL,'DSCF3433.JPG','<p></p>','Diego Dorado',NULL,0,'2011-07-20 00:38:37','2011-07-20 00:38:37','dscf3433-jpg-1',0),(213,'image','http://lh4.ggpht.com/-qw-NyENtEG8/S6A8xcNS0yI/AAAAAAAAAvg/JX_Z48k9ukA/DSCF3434.JPG','jpg',1600,1200,NULL,'DSCF3434.JPG','<p></p>','Diego Dorado',NULL,0,'2011-07-20 00:38:39','2011-07-20 00:38:39','dscf3434-jpg-1',0),(214,'image','http://lh6.ggpht.com/--DgTSuEersg/S6A8xlFfwvI/AAAAAAAAAvk/znuEqbd6pYc/DSCF3435.JPG','jpg',1600,1200,NULL,'DSCF3435.JPG','<p></p>','Diego Dorado',NULL,0,'2011-07-20 00:38:41','2011-07-20 00:38:41','dscf3435-jpg-1',0),(215,'image','http://lh6.ggpht.com/-OdeL24d8Hrs/S6A9raTEnYI/AAAAAAAAAv0/AgxDu0OjFGA/DSCF3436.JPG','jpg',1600,1200,NULL,'DSCF3436.JPG','<p></p>','Diego Dorado',NULL,0,'2011-07-20 00:38:42','2011-07-20 00:38:42','dscf3436-jpg-1',0),(216,'image','http://lh4.ggpht.com/-DGWbf402FRY/S6A9r3UAG9I/AAAAAAAAAv4/OgsfSo7HO08/DSCF3437.JPG','jpg',1200,1600,NULL,'DSCF3437.JPG','<p></p>','Diego Dorado',NULL,0,'2011-07-20 00:38:44','2011-07-20 00:38:44','dscf3437-jpg-1',0),(217,'image','http://lh3.ggpht.com/-EmsuWCQMHhQ/S6A9sE-ybUI/AAAAAAAAAv8/0PM8Htnpa-4/DSCF3438.JPG','jpg',1600,1200,NULL,'DSCF3438.JPG','<p></p>','Diego Dorado',NULL,0,'2011-07-20 00:38:45','2011-07-20 00:38:45','dscf3438-jpg-1',0),(218,'image','http://lh5.ggpht.com/-w1yNCyMwuBE/Sibr1fxFaBI/AAAAAAAAAX0/kLzeFKhNJF0/DSC07393.jpg','jpg',800,600,NULL,'DSC07393.jpg','<p></p>','Diego Dorado',NULL,0,'2011-07-20 00:38:47','2011-07-20 00:38:47','dsc07393-jpg-1',0),(219,'image','http://lh4.ggpht.com/-23t2MQJk5d8/Sibr2GqtKRI/AAAAAAAAAX4/fNMRXtiICVY/IMG_0374.jpg','jpg',800,450,NULL,'IMG_0374.jpg','<p></p>','Diego Dorado',NULL,0,'2011-07-20 00:38:49','2011-07-20 00:38:49','img_0374-jpg-1',0),(220,'image','http://lh6.ggpht.com/-FEHlmOFvM8o/Sibr3ERbyRI/AAAAAAAAAX8/sGBaN_Ai2PU/DSC03171.jpg','jpg',800,600,NULL,'DSC03171.jpg','<p></p>','Diego Dorado',NULL,0,'2011-07-20 00:38:50','2011-07-20 00:38:50','dsc03171-jpg-1',0),(221,'image','http://lh3.ggpht.com/-3KAKUdhT8rQ/Sibr4C54bZI/AAAAAAAAAYA/SORB9eRkDM8/IMG_0370.jpg','jpg',800,450,NULL,'IMG_0370.jpg','<p></p>','Diego Dorado',NULL,0,'2011-07-20 00:38:52','2011-07-20 00:38:52','img_0370-jpg-1',0),(222,'image','http://lh3.ggpht.com/-f7JCZN1EK6w/Sibr451hexI/AAAAAAAAAYE/-mTRpRtcPnw/IMG_0373.jpg','jpg',800,450,NULL,'IMG_0373.jpg','<p></p>','Diego Dorado',NULL,0,'2011-07-20 00:38:53','2011-07-20 00:38:53','img_0373-jpg-1',0),(223,'image','http://lh3.ggpht.com/-ylkXygplB40/Sibr5pxe0fI/AAAAAAAAAYI/mv9b02xdT14/IMG_0371.jpg','jpg',800,450,NULL,'IMG_0371.jpg','<p></p>','Diego Dorado',NULL,0,'2011-07-20 00:38:56','2011-07-20 00:38:56','img_0371-jpg-1',0),(224,'image','http://lh4.ggpht.com/-qwJV7r9-fzA/Sibr6YwMkeI/AAAAAAAAAYM/8cqxEa0N0_8/IMG_0365.jpg','jpg',800,450,NULL,'IMG_0365.jpg','<p></p>','Diego Dorado',NULL,0,'2011-07-20 00:38:59','2011-07-20 00:38:59','img_0365-jpg-1',0),(225,'image','http://lh3.ggpht.com/-5fmywMusMyY/Sibr7gPihMI/AAAAAAAAAYQ/JIDDnh2QCpk/IMG_0362.jpg','jpg',800,450,NULL,'IMG_0362.jpg','<p></p>','Diego Dorado',NULL,0,'2011-07-20 00:39:00','2011-07-20 00:39:00','img_0362-jpg-1',0),(226,'image','http://lh5.ggpht.com/-sKwC1QLbUZA/Sibr8VVZyFI/AAAAAAAAAYU/ABJaVySDufQ/IMG_0359.jpg','jpg',800,450,NULL,'IMG_0359.jpg','<p></p>','Diego Dorado',NULL,0,'2011-07-20 00:39:02','2011-07-20 00:39:02','img_0359-jpg-1',0),(228,'image','http://lh6.ggpht.com/-CJCQ-2UgyaQ/Sibr9xDAeSI/AAAAAAAAAYc/KdwX0eOEL78/DSC03163.jpg','jpg',800,600,NULL,'DSC03163.jpg','<p></p>','Diego Dorado',NULL,0,'2011-07-20 00:39:04','2011-07-20 00:39:04','dsc03163-jpg-1',0),(229,'image','http://lh3.ggpht.com/-se6yEHEbFjg/Sibr--pByfI/AAAAAAAAAYg/96vvka0AIPM/DSC03159.jpg','jpg',800,600,NULL,'DSC03159.jpg','<p></p>','Diego Dorado',NULL,0,'2011-07-20 00:39:06','2011-07-20 00:39:06','dsc03159-jpg-1',0),(230,'image','http://lh5.ggpht.com/-0LH1J7dEg9g/Sibr_Z1FeiI/AAAAAAAAAYk/q60zY8fHGUM/DSC03156.jpg','jpg',800,600,NULL,'DSC03156.jpg','<p></p>','Diego Dorado',NULL,0,'2011-07-20 00:39:07','2011-07-20 00:39:07','dsc03156-jpg-1',0),(231,'image','http://lh3.ggpht.com/-pHTEc6tX5iQ/SibsAJEA0tI/AAAAAAAAAYo/3tLRfoLxecQ/DSC03155.jpg','jpg',800,600,NULL,'DSC03155.jpg','<p></p>','Diego Dorado',NULL,0,'2011-07-20 00:39:09','2011-07-20 00:39:09','dsc03155-jpg-1',0),(232,'image','http://lh3.ggpht.com/-zjBXCpfK-l0/SibsAyG5U-I/AAAAAAAAAYs/1Kl7H77oXwk/DSC03152.jpg','jpg',800,600,NULL,'DSC03152.jpg','<p></p>','Diego Dorado',NULL,0,'2011-07-20 00:39:11','2011-07-20 00:39:11','dsc03152-jpg-1',0),(233,'image','http://lh5.ggpht.com/-sjMdvf_HH9M/SibsB8UjuUI/AAAAAAAAAYw/sLrzt6D8C6E/DSC03151.jpg','jpg',800,600,NULL,'DSC03151.jpg','<p></p>','Diego Dorado',NULL,0,'2011-07-20 00:39:13','2011-07-20 00:39:13','dsc03151-jpg-1',0),(234,'image','http://lh5.ggpht.com/-UAIl060FjgM/SibsC-xfzoI/AAAAAAAAAY0/EKXH2wlavJE/DSC03149.jpg','jpg',800,600,NULL,'DSC03149.jpg','<p></p>','Diego Dorado',NULL,0,'2011-07-20 00:39:14','2011-07-20 00:39:14','dsc03149-jpg-1',0),(235,'image','http://lh4.ggpht.com/--1cS2-lC7ho/SibsDvonV4I/AAAAAAAAAY4/dXW0il73pI0/DSC03147.jpg','jpg',800,600,NULL,'DSC03147.jpg','<p></p>','Diego Dorado',NULL,0,'2011-07-20 00:39:15','2011-07-20 00:39:15','dsc03147-jpg-1',0),(236,'image','http://lh3.ggpht.com/-TR9ByV571OU/SibsEoxyZ7I/AAAAAAAAAY8/yEbu0rmyPJM/DSC03145.jpg','jpg',800,600,NULL,'DSC03145.jpg','<p></p>','Diego Dorado',NULL,0,'2011-07-20 00:39:17','2011-07-20 00:39:17','dsc03145-jpg-1',0),(237,'image','http://lh6.ggpht.com/-OrfG5JDtgCI/SibsFogBerI/AAAAAAAAAZA/Lo2fXG0cO90/DSC03141.jpg','jpg',800,600,NULL,'DSC03141.jpg','<p></p>','Diego Dorado',NULL,0,'2011-07-20 00:39:19','2011-07-20 00:39:19','dsc03141-jpg-1',0),(239,'image','http://lh5.ggpht.com/-kH9LNeH_Ebs/SibsHeaBBsI/AAAAAAAAAZI/ZLdQy4fU-Yg/DSC03100.jpg','jpg',800,600,NULL,'DSC03100.jpg','<p></p>','Diego Dorado',NULL,0,'2011-07-20 00:39:22','2011-07-20 00:39:22','dsc03100-jpg-1',0),(240,'image','http://lh6.ggpht.com/-lRQT2zqH6yM/SibsIYnSZ0I/AAAAAAAAAZM/9O7Q_wyJCks/DSC03096.jpg','jpg',800,600,NULL,'DSC03096.jpg','<p></p>','Diego Dorado',NULL,0,'2011-07-20 00:39:24','2011-07-20 00:39:24','dsc03096-jpg-1',0),(241,'image','http://lh4.ggpht.com/-ea2rbNfREog/SibsJB75lOI/AAAAAAAAAZQ/etHexIVbRxU/DSC03094.jpg','jpg',800,600,NULL,'DSC03094.jpg','<p></p>','Diego Dorado',NULL,0,'2011-07-20 00:39:25','2011-07-20 00:39:25','dsc03094-jpg-1',0),(242,'image','http://lh4.ggpht.com/-m8B8ez901Ko/SibsJ67i28I/AAAAAAAAAZU/G5wQ6OJILyU/DSC03088.jpg','jpg',800,600,NULL,'DSC03088.jpg','<p></p>','Diego Dorado',NULL,0,'2011-07-20 00:39:27','2011-07-20 00:39:27','dsc03088-jpg-1',0),(243,'image','http://lh5.ggpht.com/-bv8wSxxhR28/SibsLHeSvjI/AAAAAAAAAZY/FVGPrQ9qcDg/DSC03086.jpg','jpg',800,600,NULL,'DSC03086.jpg','<p></p>','Diego Dorado',NULL,0,'2011-07-20 00:39:28','2011-07-20 00:39:28','dsc03086-jpg-1',0),(244,'image','http://lh5.ggpht.com/-J8k_iLBWsEE/SibsL8WDuAI/AAAAAAAAAZg/AYPGbaKqPd8/04-05-1999.jpg','jpg',800,450,NULL,'04-05-1999.jpg','<p></p>','Diego Dorado',NULL,0,'2011-07-20 00:39:30','2011-07-20 00:39:30','04-05-1999-jpg-1',0),(245,'image','http://lh6.ggpht.com/-nm_zU05hd90/SibsMtSRzmI/AAAAAAAAAZk/03k5MGODBKI/DSC03084.jpg','jpg',800,600,NULL,'DSC03084.jpg','<p></p>','Diego Dorado',NULL,0,'2011-07-20 00:39:32','2011-07-20 00:39:32','dsc03084-jpg-1',0),(247,'image','http://lh6.ggpht.com/-f3Oa_ZTTNLc/SibsOPJjtcI/AAAAAAAAAZs/2S09Xjd8tck/DSC03081.jpg','jpg',800,600,NULL,'DSC03081.jpg','<p></p>','Diego Dorado',NULL,0,'2011-07-20 00:39:36','2011-07-20 00:39:36','dsc03081-jpg-1',0),(248,'image','http://lh5.ggpht.com/-fnwO02Y8BCc/SibsO_nDacI/AAAAAAAAAZw/adNxtfoNKWA/DSC03075.jpg','jpg',800,600,NULL,'DSC03075.jpg','<p></p>','Diego Dorado',NULL,0,'2011-07-20 00:39:38','2011-07-20 00:39:38','dsc03075-jpg-1',0),(249,'image','http://lh3.ggpht.com/-EFxsgziN5_w/SibsPzSBnjI/AAAAAAAAAZ0/92bnGp2GiBk/DSC03073.jpg','jpg',800,600,NULL,'DSC03073.jpg','<p></p>','Diego Dorado',NULL,0,'2011-07-20 00:39:41','2011-07-20 00:39:41','dsc03073-jpg-1',0),(252,'image','http://lh6.ggpht.com/-iWFinugBYdc/SibsSZAKyPI/AAAAAAAAAaA/ph7XbafNTuQ/DSC03062.jpg','jpg',800,600,NULL,'DSC03062.jpg','<p></p>','Diego Dorado',NULL,0,'2011-07-20 00:39:45','2011-07-20 00:39:45','dsc03062-jpg-1',0),(253,'image','http://lh4.ggpht.com/-sLlgNw6oZn8/SibsTSNcsCI/AAAAAAAAAaE/fI_IRTTUsPc/DSC03060.jpg','jpg',800,600,NULL,'DSC03060.jpg','<p></p>','Diego Dorado',NULL,0,'2011-07-20 00:39:47','2011-07-20 00:39:47','dsc03060-jpg-1',0),(255,'image','http://lh5.ggpht.com/-PkxSltIX4Ok/SibsVTiBt8I/AAAAAAAAAaM/KRG-kXV9MDg/DSC07445.jpg','jpg',800,1067,NULL,'DSC07445.jpg','<p></p>','Diego Dorado',NULL,0,'2011-07-20 00:39:50','2011-07-20 00:39:50','dsc07445-jpg-1',0),(256,'image','http://lh3.ggpht.com/-2Hl9acHMrUs/SibsVw41crI/AAAAAAAAAaQ/JZKovPhE8tg/DSC07442.jpg','jpg',800,600,NULL,'DSC07442.jpg','<p></p>','Diego Dorado',NULL,0,'2011-07-20 00:39:51','2011-07-20 00:39:51','dsc07442-jpg-1',0),(257,'image','http://lh4.ggpht.com/-_4c1IfAdJmM/SibsWjm7-QI/AAAAAAAAAaU/QtZq7GFnQlA/DSC07438.jpg','jpg',800,600,NULL,'DSC07438.jpg','<p></p>','Diego Dorado',NULL,0,'2011-07-20 00:39:53','2011-07-20 00:39:53','dsc07438-jpg-1',0),(258,'image','http://lh3.ggpht.com/-CpRHq8OG-uk/SibsXdtbHAI/AAAAAAAAAaY/1OoLC2yqZlE/DSC07370.jpg','jpg',800,600,NULL,'DSC07370.jpg','<p></p>','Diego Dorado',NULL,0,'2011-07-20 00:39:54','2011-07-20 00:39:54','dsc07370-jpg-1',0),(259,'image','http://lh4.ggpht.com/-3vrmpMaKQag/SibsYM_V8LI/AAAAAAAAAac/0Pu2Ef45b6s/DSC03192.jpg','jpg',800,600,NULL,'DSC03192.jpg','<p></p>','Diego Dorado',NULL,0,'2011-07-20 00:39:56','2011-07-20 00:39:56','dsc03192-jpg-1',0),(260,'image','http://lh4.ggpht.com/-26VTzLyr4Pc/SibsY9yGNxI/AAAAAAAAAag/AdmK9ZdRvK8/DSC03190.jpg','jpg',800,600,NULL,'DSC03190.jpg','<p></p>','Diego Dorado',NULL,0,'2011-07-20 00:39:58','2011-07-20 00:39:58','dsc03190-jpg-1',0),(261,'image','http://lh5.ggpht.com/-060poY84yg0/SibsaJOC6_I/AAAAAAAAAak/ohEnGsBm-AE/DSC03137.jpg','jpg',800,600,NULL,'DSC03137.jpg','<p></p>','Diego Dorado',NULL,0,'2011-07-20 00:40:00','2011-07-20 00:40:00','dsc03137-jpg-1',0),(262,'image','http://lh6.ggpht.com/-3QgPzcplzmc/SibsbZdWsNI/AAAAAAAAAao/NW7wbAxfyNI/DSC03136.jpg','jpg',800,600,NULL,'DSC03136.jpg','<p></p>','Diego Dorado',NULL,0,'2011-07-20 00:40:02','2011-07-20 00:40:02','dsc03136-jpg-1',0),(264,'image','http://lh6.ggpht.com/-80x8y8Df7V8/SibsdPrvvZI/AAAAAAAAAaw/aM2TcoDZFjs/DSC03113.jpg','jpg',800,600,NULL,'DSC03113.jpg','<p></p>','Diego Dorado',NULL,0,'2011-07-20 00:40:05','2011-07-20 00:40:05','dsc03113-jpg-1',0),(265,'image','http://lh3.ggpht.com/-9l6W4ZXtnAc/Sibsdm6eryI/AAAAAAAAAa0/QBSBaUYCwxI/DSC03110.jpg','jpg',800,600,NULL,'DSC03110.jpg','<p></p>','Diego Dorado',NULL,0,'2011-07-20 00:40:06','2011-07-20 00:40:06','dsc03110-jpg-1',0),(266,'image','http://lh4.ggpht.com/-DXuSgiC5RDQ/SdpOxQDgadI/AAAAAAAAAOk/Bx5tcLQZTcs/IMG_0062.JPG','jpg',517,388,NULL,'IMG_0062.JPG','<p></p>','Diego Dorado',NULL,0,'2011-07-20 00:40:08','2011-07-20 00:40:08','img_0062-jpg-1',0),(267,'image','http://lh3.ggpht.com/-aU3Hysbujvg/SdpOxvTO2yI/AAAAAAAAAOs/z2rj8FzfYSs/IMG_0065.JPG','jpg',517,388,NULL,'IMG_0065.JPG','<p></p>','Diego Dorado',NULL,0,'2011-07-20 00:40:10','2011-07-20 00:40:10','img_0065-jpg-1',0),(268,'image','http://lh3.ggpht.com/-8UE9JaIyvsM/SdpOyVwvgRI/AAAAAAAAAO0/9WJ2xxrUENM/IMG_0068.JPG','jpg',517,388,NULL,'IMG_0068.JPG','<p></p>','Diego Dorado',NULL,0,'2011-07-20 00:40:12','2011-07-20 00:40:12','img_0068-jpg-1',0),(270,'image','http://lh4.ggpht.com/-1SFn6E80jTk/SdpOzJDFIjI/AAAAAAAAAPE/E9Z4bhOcfA8/IMG_0079.JPG','jpg',517,388,NULL,'IMG_0079.JPG','<p></p>','Diego Dorado',NULL,0,'2011-07-20 00:40:15','2011-07-20 00:40:15','img_0079-jpg-1',0),(271,'image','http://lh4.ggpht.com/-1MCOS1F_X1M/SdpOzoJbyOI/AAAAAAAAAPM/x5nH5XHkmlc/IMG_0081.JPG','jpg',517,388,NULL,'IMG_0081.JPG','<p></p>','Diego Dorado',NULL,0,'2011-07-20 00:40:17','2011-07-20 00:40:17','img_0081-jpg-1',0),(272,'image','http://lh5.ggpht.com/-cqK3OgJmWtk/SdpOz3YHiEI/AAAAAAAAAPU/mM02PeBsrM8/IMG_0083.JPG','jpg',517,388,NULL,'IMG_0083.JPG','<p></p>','Diego Dorado',NULL,0,'2011-07-20 00:40:18','2011-07-20 00:40:18','img_0083-jpg-1',0),(273,'image','http://lh6.ggpht.com/-JlVgqYDZjgI/SdpO0A_78YI/AAAAAAAAAPc/BpFlar39K7c/IMG_0085.JPG','jpg',517,388,NULL,'IMG_0085.JPG','<p></p>','Diego Dorado',NULL,0,'2011-07-20 00:40:19','2011-07-20 00:40:19','img_0085-jpg-1',0),(274,'image','http://lh4.ggpht.com/-Vpg5VaKLMNo/SdpO0qGzumI/AAAAAAAAAPk/2BsQlmE1oGQ/IMG_0089.JPG','jpg',517,388,NULL,'IMG_0089.JPG','<p></p>','Diego Dorado',NULL,0,'2011-07-20 00:40:21','2011-07-20 00:40:21','img_0089-jpg-1',0),(275,'image','http://lh3.ggpht.com/-p-3mcu03kCc/SdpO1R8jTyI/AAAAAAAAAPs/Q3xlPXKZcR8/IMG_0094.JPG','jpg',517,388,NULL,'IMG_0094.JPG','<p></p>','Diego Dorado',NULL,0,'2011-07-20 00:40:23','2011-07-20 00:40:23','img_0094-jpg-1',0),(276,'image','http://lh5.ggpht.com/-IkRpJ_YA5JA/SdpO19L_LlI/AAAAAAAAAP0/S60sX0OSIz0/IMG_0096.JPG','jpg',517,388,NULL,'IMG_0096.JPG','<p></p>','Diego Dorado',NULL,0,'2011-07-20 00:40:25','2011-07-20 00:40:25','img_0096-jpg-1',0),(277,'image','http://lh5.ggpht.com/-3GRPEP_mgtI/SdpO2W9BVJI/AAAAAAAAAP8/sw1FpaG0YPM/IMG_0097.JPG','jpg',517,388,NULL,'IMG_0097.JPG','<p></p>','Diego Dorado',NULL,0,'2011-07-20 00:40:26','2011-07-20 00:40:26','img_0097-jpg-1',0),(278,'image','http://lh3.ggpht.com/-k9a9kUKz5i8/SdpO24Qp_EI/AAAAAAAAAQE/5Jy-oiuftvU/IMG_0099.JPG','jpg',517,388,NULL,'IMG_0099.JPG','<p></p>','Diego Dorado',NULL,0,'2011-07-20 00:40:28','2011-07-20 00:40:28','img_0099-jpg-1',0),(280,'image','http://lh5.ggpht.com/-6hE3w7N4deg/SdpO3gCstkI/AAAAAAAAAQU/IgzVAKcbMus/IMG_0103.JPG','jpg',517,388,NULL,'IMG_0103.JPG','<p></p>','Diego Dorado',NULL,0,'2011-07-20 00:40:31','2011-07-20 00:40:31','img_0103-jpg-1',0),(281,'image','http://lh4.ggpht.com/-bXQmqcPnEZ8/SdpO4COJjUI/AAAAAAAAAQc/Mf4BcadfNGM/IMG_0105.JPG','jpg',517,388,NULL,'IMG_0105.JPG','<p></p>','Diego Dorado',NULL,0,'2011-07-20 00:40:33','2011-07-20 00:40:33','img_0105-jpg-1',0),(282,'image','http://lh4.ggpht.com/-GQbRS_ku1Mg/SdpO4eAcEkI/AAAAAAAAAQk/WbiUIMaXDL0/IMG_0108.JPG','jpg',517,388,NULL,'IMG_0108.JPG','<p></p>','Diego Dorado',NULL,0,'2011-07-20 00:40:35','2011-07-20 00:40:35','img_0108-jpg-1',0),(283,'image','http://lh5.ggpht.com/-leY-OYyppWk/SdpO44oPCXI/AAAAAAAAAQs/nAWeqqjglRw/IMG_0109.JPG','jpg',517,388,NULL,'IMG_0109.JPG','<p></p>','Diego Dorado',NULL,0,'2011-07-20 00:40:36','2011-07-20 00:40:36','img_0109-jpg-1',0),(284,'image','http://lh6.ggpht.com/-bo78cq5O5X0/SdpO5Fib6uI/AAAAAAAAAQ0/2lddNKF-4G0/IMG_0111.JPG','jpg',517,388,NULL,'IMG_0111.JPG','<p></p>','Diego Dorado',NULL,0,'2011-07-20 00:40:37','2011-07-20 00:40:37','img_0111-jpg-1',0),(285,'image','http://lh4.ggpht.com/-ZV7GeB-gVQQ/SdpO5gxrIpI/AAAAAAAAAQ8/OGpCi483RBc/IMG_0114.JPG','jpg',517,388,NULL,'IMG_0114.JPG','<p></p>','Diego Dorado',NULL,0,'2011-07-20 00:40:39','2011-07-20 00:40:39','img_0114-jpg-1',0),(287,'image','http://lh4.ggpht.com/-66J4zadKxS8/SdpO6L3pc0I/AAAAAAAAARM/ZO1daI59EFI/IMG_0124.JPG','jpg',517,388,NULL,'IMG_0124.JPG','<p></p>','Diego Dorado',NULL,0,'2011-07-20 00:40:42','2011-07-20 00:40:42','img_0124-jpg-1',0),(288,'image','http://lh4.ggpht.com/-lWTR3Jan20g/SdpPAc4cmbI/AAAAAAAAARY/GXoNmEn3m-M/IMG_0125.JPG','jpg',517,388,NULL,'IMG_0125.JPG','<p></p>','Diego Dorado',NULL,0,'2011-07-20 00:40:44','2011-07-20 00:40:44','img_0125-jpg-1',0),(289,'image','http://lh3.ggpht.com/-2bt5vZBPLAM/SdpPAhpabBI/AAAAAAAAARg/8m_5vPGhUb4/IMG_0128.JPG','jpg',517,388,NULL,'IMG_0128.JPG','<p></p>','Diego Dorado',NULL,0,'2011-07-20 00:40:45','2011-07-20 00:40:45','img_0128-jpg-1',0),(290,'image','http://lh4.ggpht.com/-m2f88UVq3WM/SdpPA8Z2RgI/AAAAAAAAARo/-lybB-7LEfA/IMG_0133.JPG','jpg',517,388,NULL,'IMG_0133.JPG','<p></p>','Diego Dorado',NULL,0,'2011-07-20 00:40:47','2011-07-20 00:40:47','img_0133-jpg-1',0),(291,'image','http://lh4.ggpht.com/-ULuaCJL_skA/SdpPBFiR9_I/AAAAAAAAARw/00VUAumSutc/IMG_0135.JPG','jpg',517,388,NULL,'IMG_0135.JPG','<p></p>','Diego Dorado',NULL,0,'2011-07-20 00:40:49','2011-07-20 00:40:49','img_0135-jpg-1',0),(292,'image','http://lh5.ggpht.com/-ykfWoBgMNlQ/SdpPBGtWhTI/AAAAAAAAAR4/W6B-vzxU73c/IMG_0137.JPG','jpg',517,388,NULL,'IMG_0137.JPG','<p></p>','Diego Dorado',NULL,0,'2011-07-20 00:40:50','2011-07-20 00:40:50','img_0137-jpg-1',0),(293,'image','http://lh4.ggpht.com/-f5hpT4KPkHY/SdpPBcNAomI/AAAAAAAAASA/rUElDvfTKCk/IMG_0138.JPG','jpg',517,388,NULL,'IMG_0138.JPG','<p></p>','Diego Dorado',NULL,0,'2011-07-20 00:40:52','2011-07-20 00:40:52','img_0138-jpg-1',0),(294,'image','http://lh4.ggpht.com/-gFIJWnq688I/SdpPBtAfeOI/AAAAAAAAASI/UYpyyKz4RUY/IMG_0110.JPG','jpg',388,517,NULL,'IMG_0110.JPG','<p></p>','Diego Dorado',NULL,0,'2011-07-20 00:40:54','2011-07-20 00:40:54','img_0110-jpg-1',0),(296,'image','http://lh4.ggpht.com/-UvBMVz8A5Gg/S6A8w1_cEbI/AAAAAAAAAvY/skrGYjXjPE8/DSCF3431.JPG','jpg',1600,1200,NULL,'DSCF3431.JPG','<p></p>','Diego Dorado',NULL,0,'2011-07-20 00:43:02','2011-07-20 00:43:02','dscf3431-jpg-2',0),(297,'image','http://lh6.ggpht.com/-oB1y762RPIo/S6A8xHF9T6I/AAAAAAAAAvc/t_rDeoY4JZ8/DSCF3433.JPG','jpg',1600,1200,NULL,'DSCF3433.JPG','<p></p>','Diego Dorado',NULL,0,'2011-07-20 00:43:03','2011-07-20 00:43:03','dscf3433-jpg-2',0),(298,'image','http://lh4.ggpht.com/-qw-NyENtEG8/S6A8xcNS0yI/AAAAAAAAAvg/JX_Z48k9ukA/DSCF3434.JPG','jpg',1600,1200,NULL,'DSCF3434.JPG','<p></p>','Diego Dorado',NULL,0,'2011-07-20 00:43:08','2011-07-20 00:43:08','dscf3434-jpg-2',0),(299,'image','http://lh6.ggpht.com/--DgTSuEersg/S6A8xlFfwvI/AAAAAAAAAvk/znuEqbd6pYc/DSCF3435.JPG','jpg',1600,1200,NULL,'DSCF3435.JPG','<p></p>','Diego Dorado',NULL,0,'2011-07-20 00:43:10','2011-07-20 00:43:10','dscf3435-jpg-2',0),(300,'image','http://lh6.ggpht.com/-OdeL24d8Hrs/S6A9raTEnYI/AAAAAAAAAv0/AgxDu0OjFGA/DSCF3436.JPG','jpg',1600,1200,NULL,'DSCF3436.JPG','<p></p>','Diego Dorado',NULL,0,'2011-07-20 00:43:12','2011-07-20 00:43:12','dscf3436-jpg-2',0),(301,'image','http://lh4.ggpht.com/-DGWbf402FRY/S6A9r3UAG9I/AAAAAAAAAv4/OgsfSo7HO08/DSCF3437.JPG','jpg',1200,1600,NULL,'DSCF3437.JPG','<p></p>','Diego Dorado',NULL,0,'2011-07-20 00:43:13','2011-07-20 00:43:13','dscf3437-jpg-2',0),(302,'image','http://lh3.ggpht.com/-EmsuWCQMHhQ/S6A9sE-ybUI/AAAAAAAAAv8/0PM8Htnpa-4/DSCF3438.JPG','jpg',1600,1200,NULL,'DSCF3438.JPG','<p></p>','Diego Dorado',NULL,0,'2011-07-20 00:43:14','2011-07-20 00:43:14','dscf3438-jpg-2',0),(303,'image','http://lh5.ggpht.com/-w1yNCyMwuBE/Sibr1fxFaBI/AAAAAAAAAX0/kLzeFKhNJF0/DSC07393.jpg','jpg',800,600,NULL,'DSC07393.jpg','<p></p>','Diego Dorado',NULL,0,'2011-07-20 00:43:15','2011-07-20 00:43:15','dsc07393-jpg-2',0),(304,'image','http://lh4.ggpht.com/-23t2MQJk5d8/Sibr2GqtKRI/AAAAAAAAAX4/fNMRXtiICVY/IMG_0374.jpg','jpg',800,450,NULL,'IMG_0374.jpg','<p></p>','Diego Dorado',NULL,0,'2011-07-20 00:43:17','2011-07-20 00:43:17','img_0374-jpg-2',0),(305,'image','http://lh6.ggpht.com/-FEHlmOFvM8o/Sibr3ERbyRI/AAAAAAAAAX8/sGBaN_Ai2PU/DSC03171.jpg','jpg',800,600,NULL,'DSC03171.jpg','<p></p>','Diego Dorado',NULL,0,'2011-07-20 00:43:24','2011-07-20 00:43:24','dsc03171-jpg-2',0),(306,'image','http://lh3.ggpht.com/-3KAKUdhT8rQ/Sibr4C54bZI/AAAAAAAAAYA/SORB9eRkDM8/IMG_0370.jpg','jpg',800,450,NULL,'IMG_0370.jpg','<p></p>','Diego Dorado',NULL,0,'2011-07-20 00:43:25','2011-07-20 00:43:25','img_0370-jpg-2',0),(307,'image','http://lh3.ggpht.com/-f7JCZN1EK6w/Sibr451hexI/AAAAAAAAAYE/-mTRpRtcPnw/IMG_0373.jpg','jpg',800,450,NULL,'IMG_0373.jpg','<p></p>','Diego Dorado',NULL,0,'2011-07-20 00:43:26','2011-07-20 00:43:26','img_0373-jpg-2',0),(308,'image','http://lh3.ggpht.com/-ylkXygplB40/Sibr5pxe0fI/AAAAAAAAAYI/mv9b02xdT14/IMG_0371.jpg','jpg',800,450,NULL,'IMG_0371.jpg','<p></p>','Diego Dorado',NULL,0,'2011-07-20 00:43:27','2011-07-20 00:43:27','img_0371-jpg-2',0),(309,'image','http://lh4.ggpht.com/-qwJV7r9-fzA/Sibr6YwMkeI/AAAAAAAAAYM/8cqxEa0N0_8/IMG_0365.jpg','jpg',800,450,NULL,'IMG_0365.jpg','<p></p>','Diego Dorado',NULL,0,'2011-07-20 00:43:29','2011-07-20 00:43:29','img_0365-jpg-2',0),(310,'image','http://lh3.ggpht.com/-5fmywMusMyY/Sibr7gPihMI/AAAAAAAAAYQ/JIDDnh2QCpk/IMG_0362.jpg','jpg',800,450,NULL,'IMG_0362.jpg','<p></p>','Diego Dorado',NULL,0,'2011-07-20 00:43:30','2011-07-20 00:43:30','img_0362-jpg-2',0),(311,'image','http://lh5.ggpht.com/-sKwC1QLbUZA/Sibr8VVZyFI/AAAAAAAAAYU/ABJaVySDufQ/IMG_0359.jpg','jpg',800,450,NULL,'IMG_0359.jpg','<p></p>','Diego Dorado',NULL,0,'2011-07-20 00:43:31','2011-07-20 00:43:31','img_0359-jpg-2',0),(313,'image','http://lh6.ggpht.com/-CJCQ-2UgyaQ/Sibr9xDAeSI/AAAAAAAAAYc/KdwX0eOEL78/DSC03163.jpg','jpg',800,600,NULL,'DSC03163.jpg','<p></p>','Diego Dorado',NULL,0,'2011-07-20 00:43:34','2011-07-20 00:43:34','dsc03163-jpg-2',0),(314,'image','http://lh3.ggpht.com/-se6yEHEbFjg/Sibr--pByfI/AAAAAAAAAYg/96vvka0AIPM/DSC03159.jpg','jpg',800,600,NULL,'DSC03159.jpg','<p></p>','Diego Dorado',NULL,0,'2011-07-20 00:43:35','2011-07-20 00:43:35','dsc03159-jpg-2',0),(315,'image','http://lh5.ggpht.com/-0LH1J7dEg9g/Sibr_Z1FeiI/AAAAAAAAAYk/q60zY8fHGUM/DSC03156.jpg','jpg',800,600,NULL,'DSC03156.jpg','<p></p>','Diego Dorado',NULL,0,'2011-07-20 00:43:36','2011-07-20 00:43:36','dsc03156-jpg-2',0),(316,'image','http://lh3.ggpht.com/-pHTEc6tX5iQ/SibsAJEA0tI/AAAAAAAAAYo/3tLRfoLxecQ/DSC03155.jpg','jpg',800,600,NULL,'DSC03155.jpg','<p></p>','Diego Dorado',NULL,0,'2011-07-20 00:43:37','2011-07-20 00:43:37','dsc03155-jpg-2',0),(317,'image','http://lh3.ggpht.com/-zjBXCpfK-l0/SibsAyG5U-I/AAAAAAAAAYs/1Kl7H77oXwk/DSC03152.jpg','jpg',800,600,NULL,'DSC03152.jpg','<p></p>','Diego Dorado',NULL,0,'2011-07-20 00:43:38','2011-07-20 00:43:38','dsc03152-jpg-2',0),(318,'image','http://lh5.ggpht.com/-sjMdvf_HH9M/SibsB8UjuUI/AAAAAAAAAYw/sLrzt6D8C6E/DSC03151.jpg','jpg',800,600,NULL,'DSC03151.jpg','<p></p>','Diego Dorado',NULL,0,'2011-07-20 00:43:40','2011-07-20 00:43:40','dsc03151-jpg-2',0),(319,'image','http://lh5.ggpht.com/-UAIl060FjgM/SibsC-xfzoI/AAAAAAAAAY0/EKXH2wlavJE/DSC03149.jpg','jpg',800,600,NULL,'DSC03149.jpg','<p></p>','Diego Dorado',NULL,0,'2011-07-20 00:43:41','2011-07-20 00:43:41','dsc03149-jpg-2',0),(320,'image','http://lh4.ggpht.com/--1cS2-lC7ho/SibsDvonV4I/AAAAAAAAAY4/dXW0il73pI0/DSC03147.jpg','jpg',800,600,NULL,'DSC03147.jpg','<p></p>','Diego Dorado',NULL,0,'2011-07-20 00:43:44','2011-07-20 00:43:44','dsc03147-jpg-2',0),(321,'image','http://lh3.ggpht.com/-TR9ByV571OU/SibsEoxyZ7I/AAAAAAAAAY8/yEbu0rmyPJM/DSC03145.jpg','jpg',800,600,NULL,'DSC03145.jpg','<p></p>','Diego Dorado',NULL,0,'2011-07-20 00:43:46','2011-07-20 00:43:46','dsc03145-jpg-2',0),(322,'image','http://lh6.ggpht.com/-OrfG5JDtgCI/SibsFogBerI/AAAAAAAAAZA/Lo2fXG0cO90/DSC03141.jpg','jpg',800,600,NULL,'DSC03141.jpg','<p></p>','Diego Dorado',NULL,0,'2011-07-20 00:43:47','2011-07-20 00:43:47','dsc03141-jpg-2',0),(324,'image','http://lh5.ggpht.com/-kH9LNeH_Ebs/SibsHeaBBsI/AAAAAAAAAZI/ZLdQy4fU-Yg/DSC03100.jpg','jpg',800,600,NULL,'DSC03100.jpg','<p></p>','Diego Dorado',NULL,0,'2011-07-20 00:43:56','2011-07-20 00:43:56','dsc03100-jpg-2',0),(325,'image','http://lh6.ggpht.com/-lRQT2zqH6yM/SibsIYnSZ0I/AAAAAAAAAZM/9O7Q_wyJCks/DSC03096.jpg','jpg',800,600,NULL,'DSC03096.jpg','<p></p>','Diego Dorado',NULL,0,'2011-07-20 00:43:57','2011-07-20 00:43:57','dsc03096-jpg-2',0),(326,'image','http://lh4.ggpht.com/-ea2rbNfREog/SibsJB75lOI/AAAAAAAAAZQ/etHexIVbRxU/DSC03094.jpg','jpg',800,600,NULL,'DSC03094.jpg','<p></p>','Diego Dorado',NULL,0,'2011-07-20 00:43:58','2011-07-20 00:43:58','dsc03094-jpg-2',0),(327,'image','http://lh4.ggpht.com/-m8B8ez901Ko/SibsJ67i28I/AAAAAAAAAZU/G5wQ6OJILyU/DSC03088.jpg','jpg',800,600,NULL,'DSC03088.jpg','<p></p>','Diego Dorado',NULL,0,'2011-07-20 00:43:59','2011-07-20 00:43:59','dsc03088-jpg-2',0),(328,'image','http://lh5.ggpht.com/-bv8wSxxhR28/SibsLHeSvjI/AAAAAAAAAZY/FVGPrQ9qcDg/DSC03086.jpg','jpg',800,600,NULL,'DSC03086.jpg','<p></p>','Diego Dorado',NULL,0,'2011-07-20 00:44:01','2011-07-20 00:44:01','dsc03086-jpg-2',0),(329,'image','http://lh5.ggpht.com/-J8k_iLBWsEE/SibsL8WDuAI/AAAAAAAAAZg/AYPGbaKqPd8/04-05-1999.jpg','jpg',800,450,NULL,'04-05-1999.jpg','<p></p>','Diego Dorado',NULL,0,'2011-07-20 00:44:02','2011-07-20 00:44:02','04-05-1999-jpg-2',0),(330,'image','http://lh6.ggpht.com/-nm_zU05hd90/SibsMtSRzmI/AAAAAAAAAZk/03k5MGODBKI/DSC03084.jpg','jpg',800,600,NULL,'DSC03084.jpg','<p></p>','Diego Dorado',NULL,0,'2011-07-20 00:44:03','2011-07-20 00:44:03','dsc03084-jpg-2',0),(332,'image','http://lh6.ggpht.com/-f3Oa_ZTTNLc/SibsOPJjtcI/AAAAAAAAAZs/2S09Xjd8tck/DSC03081.jpg','jpg',800,600,NULL,'DSC03081.jpg','<p></p>','Diego Dorado',NULL,0,'2011-07-20 00:44:06','2011-07-20 00:44:06','dsc03081-jpg-2',0),(333,'image','http://lh5.ggpht.com/-fnwO02Y8BCc/SibsO_nDacI/AAAAAAAAAZw/adNxtfoNKWA/DSC03075.jpg','jpg',800,600,NULL,'DSC03075.jpg','<p></p>','Diego Dorado',NULL,0,'2011-07-20 00:44:07','2011-07-20 00:44:07','dsc03075-jpg-2',0),(334,'image','http://lh3.ggpht.com/-EFxsgziN5_w/SibsPzSBnjI/AAAAAAAAAZ0/92bnGp2GiBk/DSC03073.jpg','jpg',800,600,NULL,'DSC03073.jpg','<p></p>','Diego Dorado',NULL,0,'2011-07-20 00:44:08','2011-07-20 00:44:08','dsc03073-jpg-2',0),(337,'image','http://lh6.ggpht.com/-iWFinugBYdc/SibsSZAKyPI/AAAAAAAAAaA/ph7XbafNTuQ/DSC03062.jpg','jpg',800,600,NULL,'DSC03062.jpg','<p></p>','Diego Dorado',NULL,0,'2011-07-20 00:44:12','2011-07-20 00:44:12','dsc03062-jpg-2',0),(338,'image','http://lh4.ggpht.com/-sLlgNw6oZn8/SibsTSNcsCI/AAAAAAAAAaE/fI_IRTTUsPc/DSC03060.jpg','jpg',800,600,NULL,'DSC03060.jpg','<p></p>','Diego Dorado',NULL,0,'2011-07-20 00:44:13','2011-07-20 00:44:13','dsc03060-jpg-2',0),(340,'image','http://lh5.ggpht.com/-PkxSltIX4Ok/SibsVTiBt8I/AAAAAAAAAaM/KRG-kXV9MDg/DSC07445.jpg','jpg',800,1067,NULL,'DSC07445.jpg','<p></p>','Diego Dorado',NULL,0,'2011-07-20 00:44:16','2011-07-20 00:44:16','dsc07445-jpg-2',0),(341,'image','http://lh3.ggpht.com/-2Hl9acHMrUs/SibsVw41crI/AAAAAAAAAaQ/JZKovPhE8tg/DSC07442.jpg','jpg',800,600,NULL,'DSC07442.jpg','<p></p>','Diego Dorado',NULL,0,'2011-07-20 00:44:17','2011-07-20 00:44:17','dsc07442-jpg-2',0),(342,'image','http://lh4.ggpht.com/-_4c1IfAdJmM/SibsWjm7-QI/AAAAAAAAAaU/QtZq7GFnQlA/DSC07438.jpg','jpg',800,600,NULL,'DSC07438.jpg','<p></p>','Diego Dorado',NULL,0,'2011-07-20 00:44:18','2011-07-20 00:44:18','dsc07438-jpg-2',0),(343,'image','http://lh3.ggpht.com/-CpRHq8OG-uk/SibsXdtbHAI/AAAAAAAAAaY/1OoLC2yqZlE/DSC07370.jpg','jpg',800,600,NULL,'DSC07370.jpg','<p></p>','Diego Dorado',NULL,0,'2011-07-20 00:44:19','2011-07-20 00:44:19','dsc07370-jpg-2',0),(344,'image','http://lh4.ggpht.com/-3vrmpMaKQag/SibsYM_V8LI/AAAAAAAAAac/0Pu2Ef45b6s/DSC03192.jpg','jpg',800,600,NULL,'DSC03192.jpg','<p></p>','Diego Dorado',NULL,0,'2011-07-20 00:44:21','2011-07-20 00:44:21','dsc03192-jpg-2',0),(345,'image','http://lh4.ggpht.com/-26VTzLyr4Pc/SibsY9yGNxI/AAAAAAAAAag/AdmK9ZdRvK8/DSC03190.jpg','jpg',800,600,NULL,'DSC03190.jpg','<p></p>','Diego Dorado',NULL,0,'2011-07-20 00:44:22','2011-07-20 00:44:22','dsc03190-jpg-2',0),(346,'image','http://lh5.ggpht.com/-060poY84yg0/SibsaJOC6_I/AAAAAAAAAak/ohEnGsBm-AE/DSC03137.jpg','jpg',800,600,NULL,'DSC03137.jpg','<p></p>','Diego Dorado',NULL,0,'2011-07-20 00:44:23','2011-07-20 00:44:23','dsc03137-jpg-2',0),(347,'image','http://lh6.ggpht.com/-3QgPzcplzmc/SibsbZdWsNI/AAAAAAAAAao/NW7wbAxfyNI/DSC03136.jpg','jpg',800,600,NULL,'DSC03136.jpg','<p></p>','Diego Dorado',NULL,0,'2011-07-20 00:44:25','2011-07-20 00:44:25','dsc03136-jpg-2',0),(349,'image','http://lh6.ggpht.com/-80x8y8Df7V8/SibsdPrvvZI/AAAAAAAAAaw/aM2TcoDZFjs/DSC03113.jpg','jpg',800,600,NULL,'DSC03113.jpg','<p></p>','Diego Dorado',NULL,0,'2011-07-20 00:44:27','2011-07-20 00:44:27','dsc03113-jpg-2',0),(350,'image','http://lh3.ggpht.com/-9l6W4ZXtnAc/Sibsdm6eryI/AAAAAAAAAa0/QBSBaUYCwxI/DSC03110.jpg','jpg',800,600,NULL,'DSC03110.jpg','<p></p>','Diego Dorado',NULL,0,'2011-07-20 00:44:28','2011-07-20 00:44:28','dsc03110-jpg-2',0),(351,'image','http://lh4.ggpht.com/-DXuSgiC5RDQ/SdpOxQDgadI/AAAAAAAAAOk/Bx5tcLQZTcs/IMG_0062.JPG','jpg',517,388,NULL,'IMG_0062.JPG','<p></p>','Diego Dorado',NULL,0,'2011-07-20 00:44:30','2011-07-20 00:44:30','img_0062-jpg-2',0),(352,'image','http://lh3.ggpht.com/-aU3Hysbujvg/SdpOxvTO2yI/AAAAAAAAAOs/z2rj8FzfYSs/IMG_0065.JPG','jpg',517,388,NULL,'IMG_0065.JPG','<p></p>','Diego Dorado',NULL,0,'2011-07-20 00:44:31','2011-07-20 00:44:31','img_0065-jpg-2',0),(353,'image','http://lh3.ggpht.com/-8UE9JaIyvsM/SdpOyVwvgRI/AAAAAAAAAO0/9WJ2xxrUENM/IMG_0068.JPG','jpg',517,388,NULL,'IMG_0068.JPG','<p></p>','Diego Dorado',NULL,0,'2011-07-20 00:44:32','2011-07-20 00:44:32','img_0068-jpg-2',0),(355,'image','http://lh4.ggpht.com/-1SFn6E80jTk/SdpOzJDFIjI/AAAAAAAAAPE/E9Z4bhOcfA8/IMG_0079.JPG','jpg',517,388,NULL,'IMG_0079.JPG','<p></p>','Diego Dorado',NULL,0,'2011-07-20 00:44:34','2011-07-20 00:44:34','img_0079-jpg-2',0),(356,'image','http://lh4.ggpht.com/-1MCOS1F_X1M/SdpOzoJbyOI/AAAAAAAAAPM/x5nH5XHkmlc/IMG_0081.JPG','jpg',517,388,NULL,'IMG_0081.JPG','<p></p>','Diego Dorado',NULL,0,'2011-07-20 00:44:35','2011-07-20 00:44:35','img_0081-jpg-2',0),(357,'image','http://lh5.ggpht.com/-cqK3OgJmWtk/SdpOz3YHiEI/AAAAAAAAAPU/mM02PeBsrM8/IMG_0083.JPG','jpg',517,388,NULL,'IMG_0083.JPG','<p></p>','Diego Dorado',NULL,0,'2011-07-20 00:44:37','2011-07-20 00:44:37','img_0083-jpg-2',0),(358,'image','http://lh6.ggpht.com/-JlVgqYDZjgI/SdpO0A_78YI/AAAAAAAAAPc/BpFlar39K7c/IMG_0085.JPG','jpg',517,388,NULL,'IMG_0085.JPG','<p></p>','Diego Dorado',NULL,0,'2011-07-20 00:44:38','2011-07-20 00:44:38','img_0085-jpg-2',0),(359,'image','http://lh4.ggpht.com/-Vpg5VaKLMNo/SdpO0qGzumI/AAAAAAAAAPk/2BsQlmE1oGQ/IMG_0089.JPG','jpg',517,388,NULL,'IMG_0089.JPG','<p></p>','Diego Dorado',NULL,0,'2011-07-20 00:44:39','2011-07-20 00:44:39','img_0089-jpg-2',0),(360,'image','http://lh3.ggpht.com/-p-3mcu03kCc/SdpO1R8jTyI/AAAAAAAAAPs/Q3xlPXKZcR8/IMG_0094.JPG','jpg',517,388,NULL,'IMG_0094.JPG','<p></p>','Diego Dorado',NULL,0,'2011-07-20 00:44:40','2011-07-20 00:44:40','img_0094-jpg-2',0),(361,'image','http://lh5.ggpht.com/-IkRpJ_YA5JA/SdpO19L_LlI/AAAAAAAAAP0/S60sX0OSIz0/IMG_0096.JPG','jpg',517,388,NULL,'IMG_0096.JPG','<p></p>','Diego Dorado',NULL,0,'2011-07-20 00:44:42','2011-07-20 00:44:42','img_0096-jpg-2',0),(362,'image','http://lh5.ggpht.com/-3GRPEP_mgtI/SdpO2W9BVJI/AAAAAAAAAP8/sw1FpaG0YPM/IMG_0097.JPG','jpg',517,388,NULL,'IMG_0097.JPG','<p></p>','Diego Dorado',NULL,0,'2011-07-20 00:44:43','2011-07-20 00:44:43','img_0097-jpg-2',0),(363,'image','http://lh3.ggpht.com/-k9a9kUKz5i8/SdpO24Qp_EI/AAAAAAAAAQE/5Jy-oiuftvU/IMG_0099.JPG','jpg',517,388,NULL,'IMG_0099.JPG','<p></p>','Diego Dorado',NULL,0,'2011-07-20 00:44:44','2011-07-20 00:44:44','img_0099-jpg-2',0),(364,'image','http://lh6.ggpht.com/-PUV0ssYqZWY/SdpO3HTzh4I/AAAAAAAAAQM/JoIMdcZJVT8/IMG_0101.JPG','jpg',517,388,NULL,'IMG_0101.JPG','<p></p>','Diego Dorado',NULL,0,'2011-07-20 00:44:45','2011-07-20 00:44:45','img_0101-jpg-2',0),(365,'image','http://lh5.ggpht.com/-6hE3w7N4deg/SdpO3gCstkI/AAAAAAAAAQU/IgzVAKcbMus/IMG_0103.JPG','jpg',517,388,NULL,'IMG_0103.JPG','<p></p>','Diego Dorado',NULL,0,'2011-07-20 00:44:46','2011-07-20 00:44:46','img_0103-jpg-2',0),(366,'image','http://lh4.ggpht.com/-bXQmqcPnEZ8/SdpO4COJjUI/AAAAAAAAAQc/Mf4BcadfNGM/IMG_0105.JPG','jpg',517,388,NULL,'IMG_0105.JPG','<p></p>','Diego Dorado',NULL,0,'2011-07-20 00:44:48','2011-07-20 00:44:48','img_0105-jpg-2',0),(367,'image','http://lh4.ggpht.com/-GQbRS_ku1Mg/SdpO4eAcEkI/AAAAAAAAAQk/WbiUIMaXDL0/IMG_0108.JPG','jpg',517,388,NULL,'IMG_0108.JPG','<p></p>','Diego Dorado',NULL,0,'2011-07-20 00:44:49','2011-07-20 00:44:49','img_0108-jpg-2',0),(368,'image','http://lh5.ggpht.com/-leY-OYyppWk/SdpO44oPCXI/AAAAAAAAAQs/nAWeqqjglRw/IMG_0109.JPG','jpg',517,388,NULL,'IMG_0109.JPG','<p></p>','Diego Dorado',NULL,0,'2011-07-20 00:44:50','2011-07-20 00:44:50','img_0109-jpg-2',0),(369,'image','http://lh6.ggpht.com/-bo78cq5O5X0/SdpO5Fib6uI/AAAAAAAAAQ0/2lddNKF-4G0/IMG_0111.JPG','jpg',517,388,NULL,'IMG_0111.JPG','<p></p>','Diego Dorado',NULL,0,'2011-07-20 00:44:51','2011-07-20 00:44:51','img_0111-jpg-2',0),(370,'image','http://lh4.ggpht.com/-ZV7GeB-gVQQ/SdpO5gxrIpI/AAAAAAAAAQ8/OGpCi483RBc/IMG_0114.JPG','jpg',517,388,NULL,'IMG_0114.JPG','<p></p>','Diego Dorado',NULL,0,'2011-07-20 00:44:53','2011-07-20 00:44:53','img_0114-jpg-2',0),(372,'image','http://lh4.ggpht.com/-66J4zadKxS8/SdpO6L3pc0I/AAAAAAAAARM/ZO1daI59EFI/IMG_0124.JPG','jpg',517,388,NULL,'IMG_0124.JPG','<p></p>','Diego Dorado',NULL,0,'2011-07-20 00:44:56','2011-07-20 00:44:56','img_0124-jpg-2',0),(373,'image','http://lh4.ggpht.com/-lWTR3Jan20g/SdpPAc4cmbI/AAAAAAAAARY/GXoNmEn3m-M/IMG_0125.JPG','jpg',517,388,NULL,'IMG_0125.JPG','<p></p>','Diego Dorado',NULL,0,'2011-07-20 00:44:58','2011-07-20 00:44:58','img_0125-jpg-2',0),(374,'image','http://lh3.ggpht.com/-2bt5vZBPLAM/SdpPAhpabBI/AAAAAAAAARg/8m_5vPGhUb4/IMG_0128.JPG','jpg',517,388,NULL,'IMG_0128.JPG','<p></p>','Diego Dorado',NULL,0,'2011-07-20 00:44:59','2011-07-20 00:44:59','img_0128-jpg-2',0),(375,'image','http://lh4.ggpht.com/-m2f88UVq3WM/SdpPA8Z2RgI/AAAAAAAAARo/-lybB-7LEfA/IMG_0133.JPG','jpg',517,388,NULL,'IMG_0133.JPG','<p></p>','Diego Dorado',NULL,0,'2011-07-20 00:45:00','2011-07-20 00:45:00','img_0133-jpg-2',0),(376,'image','http://lh4.ggpht.com/-ULuaCJL_skA/SdpPBFiR9_I/AAAAAAAAARw/00VUAumSutc/IMG_0135.JPG','jpg',517,388,NULL,'IMG_0135.JPG','<p></p>','Diego Dorado',NULL,0,'2011-07-20 00:45:02','2011-07-20 00:45:02','img_0135-jpg-2',0),(377,'image','http://lh5.ggpht.com/-ykfWoBgMNlQ/SdpPBGtWhTI/AAAAAAAAAR4/W6B-vzxU73c/IMG_0137.JPG','jpg',517,388,NULL,'IMG_0137.JPG','<p></p>','Diego Dorado',NULL,0,'2011-07-20 00:45:03','2011-07-20 00:45:03','img_0137-jpg-2',0),(378,'image','http://lh4.ggpht.com/-f5hpT4KPkHY/SdpPBcNAomI/AAAAAAAAASA/rUElDvfTKCk/IMG_0138.JPG','jpg',517,388,NULL,'IMG_0138.JPG','<p></p>','Diego Dorado',NULL,0,'2011-07-20 00:45:04','2011-07-20 00:45:04','img_0138-jpg-2',0),(379,'image','http://lh4.ggpht.com/-gFIJWnq688I/SdpPBtAfeOI/AAAAAAAAASI/UYpyyKz4RUY/IMG_0110.JPG','jpg',388,517,NULL,'IMG_0110.JPG','<p></p>','Diego Dorado',NULL,0,'2011-07-20 00:45:05','2011-07-20 00:45:05','img_0110-jpg-2',0),(381,'image','http://picasaweb.google.com/data/entry/base/user/117691556920140787386/albumid/5449421191793324561/photoid/5449422358942847410?hl=en_US','jpg',1600,1200,NULL,'DSCF3431.JPG','<p></p>','Diego Dorado',NULL,0,'2011-07-20 00:53:20','2011-07-20 00:53:20','dscf3431-jpg-3',0),(382,'image','http://picasaweb.google.com/data/entry/base/user/117691556920140787386/albumid/5449421191793324561/photoid/5449422363533594530?hl=en_US','jpg',1600,1200,NULL,'DSCF3433.JPG','<p></p>','Diego Dorado',NULL,0,'2011-07-20 00:53:21','2011-07-20 00:53:21','dscf3433-jpg-3',0),(383,'image','http://picasaweb.google.com/data/entry/base/user/117691556920140787386/albumid/5449421191793324561/photoid/5449422369201509154?hl=en_US','jpg',1600,1200,NULL,'DSCF3434.JPG','<p></p>','Diego Dorado',1,0,'2011-07-20 00:53:23','2011-07-20 00:56:37','dscf3434-jpg-3',0),(384,'image','http://picasaweb.google.com/data/entry/base/user/117691556920140787386/albumid/5449421191793324561/photoid/5449422371584721650?hl=en_US','jpg',1600,1200,NULL,'DSCF3435.JPG','<p></p>','Diego Dorado',1,0,'2011-07-20 00:53:24','2011-07-20 00:56:37','dscf3435-jpg-3',0),(385,'image','http://picasaweb.google.com/data/entry/base/user/117691556920140787386/albumid/5449421191793324561/photoid/5449423365121285506?hl=en_US','jpg',1600,1200,NULL,'DSCF3436.JPG','<p></p>','Diego Dorado',1,0,'2011-07-20 00:53:26','2011-07-20 00:56:37','dscf3436-jpg-3',0),(386,'image','http://picasaweb.google.com/data/entry/base/user/117691556920140787386/albumid/5449421191793324561/photoid/5449423372909812690?hl=en_US','jpg',1200,1600,NULL,'DSCF3437.JPG','<p></p>','Diego Dorado',1,0,'2011-07-20 00:53:27','2011-07-20 00:56:37','dscf3437-jpg-3',0),(387,'image','http://picasaweb.google.com/data/entry/base/user/117691556920140787386/albumid/5449421191793324561/photoid/5449423376578932034?hl=en_US','jpg',1600,1200,NULL,'DSCF3438.JPG','<p></p>','Diego Dorado',1,0,'2011-07-20 00:53:29','2011-07-20 00:56:37','dscf3438-jpg-3',0),(388,'image','http://picasaweb.google.com/data/entry/base/user/117691556920140787386/albumid/5343217296564961809/photoid/5343217312214640658?hl=en_US','jpg',800,600,NULL,'DSC07393.jpg','<p></p>','Diego Dorado',1,0,'2011-07-20 00:53:30','2011-07-20 00:56:37','dsc07393-jpg-3',0),(389,'image','http://picasaweb.google.com/data/entry/base/user/117691556920140787386/albumid/5343217296564961809/photoid/5343217322656868626?hl=en_US','jpg',800,450,NULL,'IMG_0374.jpg','<p></p>','Diego Dorado',NULL,0,'2011-07-20 00:53:32','2011-07-20 00:53:32','img_0374-jpg-3',0),(390,'image','http://picasaweb.google.com/data/entry/base/user/117691556920140787386/albumid/5343217296564961809/photoid/5343217339193870610?hl=en_US','jpg',800,600,NULL,'DSC03171.jpg','<p></p>','Diego Dorado',NULL,0,'2011-07-20 00:53:33','2011-07-20 00:53:33','dsc03171-jpg-3',0),(391,'image','http://picasaweb.google.com/data/entry/base/user/117691556920140787386/albumid/5343217296564961809/photoid/5343217356006518162?hl=en_US','jpg',800,450,NULL,'IMG_0370.jpg','<p></p>','Diego Dorado',NULL,0,'2011-07-20 00:53:34','2011-07-20 00:53:34','img_0370-jpg-3',0),(392,'image','http://picasaweb.google.com/data/entry/base/user/117691556920140787386/albumid/5343217296564961809/photoid/5343217370752187154?hl=en_US','jpg',800,450,NULL,'IMG_0373.jpg','<p></p>','Diego Dorado',NULL,0,'2011-07-20 00:53:36','2011-07-20 00:53:36','img_0373-jpg-3',0),(393,'image','http://picasaweb.google.com/data/entry/base/user/117691556920140787386/albumid/5343217296564961809/photoid/5343217383620137458?hl=en_US','jpg',800,450,NULL,'IMG_0371.jpg','<p></p>','Diego Dorado',NULL,0,'2011-07-20 00:53:37','2011-07-20 00:53:37','img_0371-jpg-3',0),(394,'image','http://picasaweb.google.com/data/entry/base/user/117691556920140787386/albumid/5343217296564961809/photoid/5343217396231213538?hl=en_US','jpg',800,450,NULL,'IMG_0365.jpg','<p></p>','Diego Dorado',NULL,0,'2011-07-20 00:53:38','2011-07-20 00:53:38','img_0365-jpg-3',0),(395,'image','http://picasaweb.google.com/data/entry/base/user/117691556920140787386/albumid/5343217296564961809/photoid/5343217415421592770?hl=en_US','jpg',800,450,NULL,'IMG_0362.jpg','<p></p>','Diego Dorado',NULL,0,'2011-07-20 00:53:40','2011-07-20 00:53:40','img_0362-jpg-3',0),(396,'image','http://picasaweb.google.com/data/entry/base/user/117691556920140787386/albumid/5343217296564961809/photoid/5343217429673265234?hl=en_US','jpg',800,450,NULL,'IMG_0359.jpg','<p></p>','Diego Dorado',NULL,0,'2011-07-20 00:53:41','2011-07-20 00:53:41','img_0359-jpg-3',0),(397,'image','http://picasaweb.google.com/data/entry/base/user/117691556920140787386/albumid/5343217296564961809/photoid/5343217442559868354?hl=en_US','jpg',800,600,NULL,'DSC03164.jpg','<p></p>','Diego Dorado',NULL,0,'2011-07-20 00:53:43','2011-07-20 00:53:43','dsc03164-jpg',0),(398,'image','http://picasaweb.google.com/data/entry/base/user/117691556920140787386/albumid/5343217296564961809/photoid/5343217454292171042?hl=en_US','jpg',800,600,NULL,'DSC03163.jpg','<p></p>','Diego Dorado',NULL,0,'2011-07-20 00:53:44','2011-07-20 00:53:44','dsc03163-jpg-3',0),(399,'image','http://picasaweb.google.com/data/entry/base/user/117691556920140787386/albumid/5343217296564961809/photoid/5343217475121170930?hl=en_US','jpg',800,600,NULL,'DSC03159.jpg','<p></p>','Diego Dorado',NULL,0,'2011-07-20 00:53:46','2011-07-20 00:53:46','dsc03159-jpg-3',0),(400,'image','http://picasaweb.google.com/data/entry/base/user/117691556920140787386/albumid/5343217296564961809/photoid/5343217482419501602?hl=en_US','jpg',800,600,NULL,'DSC03156.jpg','<p></p>','Diego Dorado',NULL,0,'2011-07-20 00:53:47','2011-07-20 00:53:47','dsc03156-jpg-3',0),(401,'image','http://picasaweb.google.com/data/entry/base/user/117691556920140787386/albumid/5343217296564961809/photoid/5343217495098577618?hl=en_US','jpg',800,600,NULL,'DSC03155.jpg','<p></p>','Diego Dorado',NULL,0,'2011-07-20 00:53:48','2011-07-20 00:53:48','dsc03155-jpg-3',0),(402,'image','http://picasaweb.google.com/data/entry/base/user/117691556920140787386/albumid/5343217296564961809/photoid/5343217506116522978?hl=en_US','jpg',800,600,NULL,'DSC03152.jpg','<p></p>','Diego Dorado',NULL,0,'2011-07-20 00:53:49','2011-07-20 00:53:49','dsc03152-jpg-3',0),(403,'image','http://picasaweb.google.com/data/entry/base/user/117691556920140787386/albumid/5343217296564961809/photoid/5343217526038051138?hl=en_US','jpg',800,600,NULL,'DSC03151.jpg','<p></p>','Diego Dorado',NULL,0,'2011-07-20 00:53:50','2011-07-20 00:53:50','dsc03151-jpg-3',0),(404,'image','http://picasaweb.google.com/data/entry/base/user/117691556920140787386/albumid/5343217296564961809/photoid/5343217543876169346?hl=en_US','jpg',800,600,NULL,'DSC03149.jpg','<p></p>','Diego Dorado',NULL,0,'2011-07-20 00:53:52','2011-07-20 00:53:52','dsc03149-jpg-3',0),(405,'image','http://picasaweb.google.com/data/entry/base/user/117691556920140787386/albumid/5343217296564961809/photoid/5343217556992251778?hl=en_US','jpg',800,600,NULL,'DSC03147.jpg','<p></p>','Diego Dorado',NULL,0,'2011-07-20 00:53:53','2011-07-20 00:53:53','dsc03147-jpg-3',0),(406,'image','http://picasaweb.google.com/data/entry/base/user/117691556920140787386/albumid/5343217296564961809/photoid/5343217572331546546?hl=en_US','jpg',800,600,NULL,'DSC03145.jpg','<p></p>','Diego Dorado',NULL,0,'2011-07-20 00:53:55','2011-07-20 00:53:55','dsc03145-jpg-3',0),(407,'image','http://picasaweb.google.com/data/entry/base/user/117691556920140787386/albumid/5343217296564961809/photoid/5343217589436906162?hl=en_US','jpg',800,600,NULL,'DSC03141.jpg','<p></p>','Diego Dorado',NULL,0,'2011-07-20 00:53:56','2011-07-20 00:53:56','dsc03141-jpg-3',0),(408,'image','http://picasaweb.google.com/data/entry/base/user/117691556920140787386/albumid/5343217296564961809/photoid/5343217608030772706?hl=en_US','jpg',800,600,NULL,'DSC03101.jpg','<p></p>','Diego Dorado',NULL,0,'2011-07-20 00:53:57','2011-07-20 00:53:57','dsc03101-jpg',0),(409,'image','http://picasaweb.google.com/data/entry/base/user/117691556920140787386/albumid/5343217296564961809/photoid/5343217621087094466?hl=en_US','jpg',800,600,NULL,'DSC03100.jpg','<p></p>','Diego Dorado',NULL,0,'2011-07-20 00:53:59','2011-07-20 00:53:59','dsc03100-jpg-3',0),(410,'image','http://picasaweb.google.com/data/entry/base/user/117691556920140787386/albumid/5343217296564961809/photoid/5343217636712015682?hl=en_US','jpg',800,600,NULL,'DSC03096.jpg','<p></p>','Diego Dorado',NULL,0,'2011-07-20 00:54:00','2011-07-20 00:54:00','dsc03096-jpg-3',0),(411,'image','http://picasaweb.google.com/data/entry/base/user/117691556920140787386/albumid/5343217296564961809/photoid/5343217647804323042?hl=en_US','jpg',800,600,NULL,'DSC03094.jpg','<p></p>','Diego Dorado',NULL,0,'2011-07-20 00:54:01','2011-07-20 00:54:01','dsc03094-jpg-3',0),(412,'image','http://picasaweb.google.com/data/entry/base/user/117691556920140787386/albumid/5343217296564961809/photoid/5343217663103654850?hl=en_US','jpg',800,600,NULL,'DSC03088.jpg','<p></p>','Diego Dorado',NULL,0,'2011-07-20 00:54:03','2011-07-20 00:54:03','dsc03088-jpg-3',0),(413,'image','http://picasaweb.google.com/data/entry/base/user/117691556920140787386/albumid/5343217296564961809/photoid/5343217683650494002?hl=en_US','jpg',800,600,NULL,'DSC03086.jpg','<p></p>','Diego Dorado',NULL,0,'2011-07-20 00:54:04','2011-07-20 00:54:04','dsc03086-jpg-3',0),(414,'image','http://picasaweb.google.com/data/entry/base/user/117691556920140787386/albumid/5343217296564961809/photoid/5343217697843034114?hl=en_US','jpg',800,450,NULL,'04-05-1999.jpg','<p></p>','Diego Dorado',NULL,0,'2011-07-20 00:54:05','2011-07-20 00:54:05','04-05-1999-jpg-3',0),(415,'image','http://picasaweb.google.com/data/entry/base/user/117691556920140787386/albumid/5343217296564961809/photoid/5343217710980517474?hl=en_US','jpg',800,600,NULL,'DSC03084.jpg','<p></p>','Diego Dorado',NULL,0,'2011-07-20 00:54:07','2011-07-20 00:54:07','dsc03084-jpg-3',0),(416,'image','http://picasaweb.google.com/data/entry/base/user/117691556920140787386/albumid/5343217296564961809/photoid/5343217722238605474?hl=en_US','jpg',800,600,NULL,'DSC03083.jpg','<p></p>','Diego Dorado',NULL,0,'2011-07-20 00:54:09','2011-07-20 00:54:09','dsc03083-jpg',0),(417,'image','http://picasaweb.google.com/data/entry/base/user/117691556920140787386/albumid/5343217296564961809/photoid/5343217737250616770?hl=en_US','jpg',800,600,NULL,'DSC03081.jpg','<p></p>','Diego Dorado',NULL,0,'2011-07-20 00:54:11','2011-07-20 00:54:11','dsc03081-jpg-3',0),(418,'image','http://picasaweb.google.com/data/entry/base/user/117691556920140787386/albumid/5343217296564961809/photoid/5343217750259231170?hl=en_US','jpg',800,600,NULL,'DSC03075.jpg','<p></p>','Diego Dorado',NULL,0,'2011-07-20 00:54:13','2011-07-20 00:54:13','dsc03075-jpg-3',0),(419,'image','http://picasaweb.google.com/data/entry/base/user/117691556920140787386/albumid/5343217296564961809/photoid/5343217764129676850?hl=en_US','jpg',800,600,NULL,'DSC03073.jpg','<p></p>','Diego Dorado',NULL,0,'2011-07-20 00:54:16','2011-07-20 00:54:16','dsc03073-jpg-3',0),(420,'image','http://picasaweb.google.com/data/entry/base/user/117691556920140787386/albumid/5343217296564961809/photoid/5343217779784672578?hl=en_US','jpg',800,600,NULL,'DSC03072.jpg','<p></p>','Diego Dorado',NULL,0,'2011-07-20 00:54:18','2011-07-20 00:54:18','dsc03072-jpg',0),(421,'image','http://picasaweb.google.com/data/entry/base/user/117691556920140787386/albumid/5343217296564961809/photoid/5343217797267784466?hl=en_US','jpg',800,600,NULL,'DSC03070.jpg','<p></p>','Diego Dorado',NULL,0,'2011-07-20 00:54:19','2011-07-20 00:54:19','dsc03070-jpg',0),(422,'image','http://picasaweb.google.com/data/entry/base/user/117691556920140787386/albumid/5343217296564961809/photoid/5343217808615065842?hl=en_US','jpg',800,600,NULL,'DSC03062.jpg','<p></p>','Diego Dorado',NULL,0,'2011-07-20 00:54:21','2011-07-20 00:54:21','dsc03062-jpg-3',0),(423,'image','http://picasaweb.google.com/data/entry/base/user/117691556920140787386/albumid/5343217296564961809/photoid/5343217823971586082?hl=en_US','jpg',800,600,NULL,'DSC03060.jpg','<p></p>','Diego Dorado',NULL,0,'2011-07-20 00:54:23','2011-07-20 00:54:23','dsc03060-jpg-3',0),(424,'image','http://picasaweb.google.com/data/entry/base/user/117691556920140787386/albumid/5343217296564961809/photoid/5343217840447260370?hl=en_US','jpg',800,450,NULL,'IMG_0343.jpg','<p></p>','Diego Dorado',NULL,0,'2011-07-20 00:54:25','2011-07-20 00:54:25','img_0343-jpg',0),(425,'image','http://picasaweb.google.com/data/entry/base/user/117691556920140787386/albumid/5343217296564961809/photoid/5343217858686072770?hl=en_US','jpg',800,1067,NULL,'DSC07445.jpg','<p></p>','Diego Dorado',NULL,0,'2011-07-20 00:54:26','2011-07-20 00:54:26','dsc07445-jpg-3',0),(426,'image','http://picasaweb.google.com/data/entry/base/user/117691556920140787386/albumid/5343217296564961809/photoid/5343217866566365874?hl=en_US','jpg',800,600,NULL,'DSC07442.jpg','<p></p>','Diego Dorado',NULL,0,'2011-07-20 00:54:28','2011-07-20 00:54:28','dsc07442-jpg-3',0),(427,'image','http://picasaweb.google.com/data/entry/base/user/117691556920140787386/albumid/5343217296564961809/photoid/5343217880181504258?hl=en_US','jpg',800,600,NULL,'DSC07438.jpg','<p></p>','Diego Dorado',NULL,0,'2011-07-20 00:54:31','2011-07-20 00:54:31','dsc07438-jpg-3',0),(428,'image','http://picasaweb.google.com/data/entry/base/user/117691556920140787386/albumid/5343217296564961809/photoid/5343217895777967106?hl=en_US','jpg',800,600,NULL,'DSC07370.jpg','<p></p>','Diego Dorado',NULL,0,'2011-07-20 00:54:35','2011-07-20 00:54:35','dsc07370-jpg-3',0),(429,'image','http://picasaweb.google.com/data/entry/base/user/117691556920140787386/albumid/5343217296564961809/photoid/5343217908469592242?hl=en_US','jpg',800,600,NULL,'DSC03192.jpg','<p></p>','Diego Dorado',NULL,0,'2011-07-20 00:54:44','2011-07-20 00:54:44','dsc03192-jpg-3',0),(430,'image','http://picasaweb.google.com/data/entry/base/user/117691556920140787386/albumid/5343217296564961809/photoid/5343217921567373074?hl=en_US','jpg',800,600,NULL,'DSC03190.jpg','<p></p>','Diego Dorado',NULL,0,'2011-07-20 00:54:47','2011-07-20 00:54:47','dsc03190-jpg-3',0),(431,'image','http://picasaweb.google.com/data/entry/base/user/117691556920140787386/albumid/5343217296564961809/photoid/5343217941817256946?hl=en_US','jpg',800,600,NULL,'DSC03137.jpg','<p></p>','Diego Dorado',NULL,0,'2011-07-20 00:54:49','2011-07-20 00:54:49','dsc03137-jpg-3',0),(432,'image','http://picasaweb.google.com/data/entry/base/user/117691556920140787386/albumid/5343217296564961809/photoid/5343217963356303570?hl=en_US','jpg',800,600,NULL,'DSC03136.jpg','<p></p>','Diego Dorado',NULL,0,'2011-07-20 00:54:51','2011-07-20 00:54:51','dsc03136-jpg-3',0),(433,'image','http://picasaweb.google.com/data/entry/base/user/117691556920140787386/albumid/5343217296564961809/photoid/5343217976335903842?hl=en_US','jpg',800,600,NULL,'DSC03126.jpg','<p></p>','Diego Dorado',NULL,0,'2011-07-20 00:54:52','2011-07-20 00:54:52','dsc03126-jpg',0),(434,'image','http://picasaweb.google.com/data/entry/base/user/117691556920140787386/albumid/5343217296564961809/photoid/5343217995092049298?hl=en_US','jpg',800,600,NULL,'DSC03113.jpg','<p></p>','Diego Dorado',1,0,'2011-07-20 00:54:54','2011-08-09 00:39:42','dsc03113-jpg-3',0),(435,'image','http://picasaweb.google.com/data/entry/base/user/117691556920140787386/albumid/5343217296564961809/photoid/5343218001327861538?hl=en_US','jpg',800,600,NULL,'DSC03110.jpg','<p></p>','Diego Dorado',1,0,'2011-07-20 00:54:58','2011-08-09 00:39:42','dsc03110-jpg-3',0),(436,'image','http://picasaweb.google.com/data/entry/base/user/117691556920140787386/albumid/5321652517566203489/photoid/5321652517721893330?hl=en_US','jpg',517,388,NULL,'IMG_0062.JPG','<p></p>','Diego Dorado',NULL,0,'2011-07-20 00:54:59','2011-07-20 00:54:59','img_0062-jpg-3',0),(437,'image','http://picasaweb.google.com/data/entry/base/user/117691556920140787386/albumid/5321652517566203489/photoid/5321652526109350690?hl=en_US','jpg',517,388,NULL,'IMG_0065.JPG','<p></p>','Diego Dorado',NULL,0,'2011-07-20 00:55:00','2011-07-20 00:55:00','img_0065-jpg-3',0),(438,'image','http://picasaweb.google.com/data/entry/base/user/117691556920140787386/albumid/5321652517566203489/photoid/5321652536433672466?hl=en_US','jpg',517,388,NULL,'IMG_0068.JPG','<p></p>','Diego Dorado',NULL,0,'2011-07-20 00:55:02','2011-07-20 00:55:02','img_0068-jpg-3',0),(439,'image','http://picasaweb.google.com/data/entry/base/user/117691556920140787386/albumid/5321652517566203489/photoid/5321652542374524738?hl=en_US','jpg',517,388,NULL,'IMG_0078.JPG','<p></p>','Diego Dorado',NULL,0,'2011-07-20 00:55:03','2011-07-20 00:55:03','img_0078-jpg',0),(440,'image','http://picasaweb.google.com/data/entry/base/user/117691556920140787386/albumid/5321652517566203489/photoid/5321652550200795698?hl=en_US','jpg',517,388,NULL,'IMG_0079.JPG','<p></p>','Diego Dorado',NULL,0,'2011-07-20 00:55:04','2011-07-20 00:55:04','img_0079-jpg-3',0),(441,'image','http://picasaweb.google.com/data/entry/base/user/117691556920140787386/albumid/5321652517566203489/photoid/5321652558548945122?hl=en_US','jpg',517,388,NULL,'IMG_0081.JPG','<p></p>','Diego Dorado',NULL,0,'2011-07-20 00:55:06','2011-07-20 00:55:06','img_0081-jpg-3',0),(442,'image','http://picasaweb.google.com/data/entry/base/user/117691556920140787386/albumid/5321652517566203489/photoid/5321652562637064258?hl=en_US','jpg',517,388,NULL,'IMG_0083.JPG','<p></p>','Diego Dorado',NULL,0,'2011-07-20 00:55:07','2011-07-20 00:55:07','img_0083-jpg-3',0),(443,'image','http://picasaweb.google.com/data/entry/base/user/117691556920140787386/albumid/5321652517566203489/photoid/5321652565219996034?hl=en_US','jpg',517,388,NULL,'IMG_0085.JPG','<p></p>','Diego Dorado',NULL,0,'2011-07-20 00:55:08','2011-07-20 00:55:08','img_0085-jpg-3',0),(444,'image','http://picasaweb.google.com/data/entry/base/user/117691556920140787386/albumid/5321652517566203489/photoid/5321652576254671458?hl=en_US','jpg',517,388,NULL,'IMG_0089.JPG','<p></p>','Diego Dorado',NULL,0,'2011-07-20 00:55:10','2011-07-20 00:55:10','img_0089-jpg-3',0),(445,'image','http://picasaweb.google.com/data/entry/base/user/117691556920140787386/albumid/5321652517566203489/photoid/5321652586949070626?hl=en_US','jpg',517,388,NULL,'IMG_0094.JPG','<p></p>','Diego Dorado',NULL,0,'2011-07-20 00:55:11','2011-07-20 00:55:11','img_0094-jpg-3',0),(446,'image','http://picasaweb.google.com/data/entry/base/user/117691556920140787386/albumid/5321652517566203489/photoid/5321652598556536402?hl=en_US','jpg',517,388,NULL,'IMG_0096.JPG','<p></p>','Diego Dorado',NULL,0,'2011-07-20 00:55:12','2011-07-20 00:55:12','img_0096-jpg-3',0),(447,'image','http://picasaweb.google.com/data/entry/base/user/117691556920140787386/albumid/5321652517566203489/photoid/5321652605473084562?hl=en_US','jpg',517,388,NULL,'IMG_0097.JPG','<p></p>','Diego Dorado',NULL,0,'2011-07-20 00:55:14','2011-07-20 00:55:14','img_0097-jpg-3',0),(448,'image','http://picasaweb.google.com/data/entry/base/user/117691556920140787386/albumid/5321652517566203489/photoid/5321652614413810754?hl=en_US','jpg',517,388,NULL,'IMG_0099.JPG','<p></p>','Diego Dorado',NULL,0,'2011-07-20 00:55:15','2011-07-20 00:55:15','img_0099-jpg-3',0),(449,'image','http://picasaweb.google.com/data/entry/base/user/117691556920140787386/albumid/5321652517566203489/photoid/5321652618453550978?hl=en_US','jpg',517,388,NULL,'IMG_0101.JPG','<p></p>','Diego Dorado',NULL,0,'2011-07-20 00:55:16','2011-07-20 00:55:16','img_0101-jpg-1',0),(450,'image','http://picasaweb.google.com/data/entry/base/user/117691556920140787386/albumid/5321652517566203489/photoid/5321652625092687426?hl=en_US','jpg',517,388,NULL,'IMG_0103.JPG','<p></p>','Diego Dorado',NULL,0,'2011-07-20 00:55:18','2011-07-20 00:55:18','img_0103-jpg-3',0),(451,'image','http://picasaweb.google.com/data/entry/base/user/117691556920140787386/albumid/5321652517566203489/photoid/5321652634267520322?hl=en_US','jpg',517,388,NULL,'IMG_0105.JPG','<p></p>','Diego Dorado',NULL,0,'2011-07-20 00:55:19','2011-07-20 00:55:19','img_0105-jpg-3',0),(452,'image','http://picasaweb.google.com/data/entry/base/user/117691556920140787386/albumid/5321652517566203489/photoid/5321652641726206530?hl=en_US','jpg',517,388,NULL,'IMG_0108.JPG','<p></p>','Diego Dorado',NULL,0,'2011-07-20 00:55:20','2011-07-20 00:55:20','img_0108-jpg-3',0),(453,'image','http://picasaweb.google.com/data/entry/base/user/117691556920140787386/albumid/5321652517566203489/photoid/5321652648872446322?hl=en_US','jpg',517,388,NULL,'IMG_0109.JPG','<p></p>','Diego Dorado',NULL,0,'2011-07-20 00:55:21','2011-07-20 00:55:21','img_0109-jpg-3',0),(454,'image','http://picasaweb.google.com/data/entry/base/user/117691556920140787386/albumid/5321652517566203489/photoid/5321652652337785570?hl=en_US','jpg',517,388,NULL,'IMG_0111.JPG','<p></p>','Diego Dorado',NULL,0,'2011-07-20 00:55:23','2011-07-20 00:55:23','img_0111-jpg-3',0),(455,'image','http://picasaweb.google.com/data/entry/base/user/117691556920140787386/albumid/5321652517566203489/photoid/5321652659649454738?hl=en_US','jpg',517,388,NULL,'IMG_0114.JPG','<p></p>','Diego Dorado',NULL,0,'2011-07-20 00:55:24','2011-07-20 00:55:24','img_0114-jpg-3',0),(456,'image','http://picasaweb.google.com/data/entry/base/user/117691556920140787386/albumid/5321652517566203489/photoid/5321652666605796946?hl=en_US','jpg',517,388,NULL,'IMG_0122.JPG','<p></p>','Diego Dorado',NULL,0,'2011-07-20 00:55:25','2011-07-20 00:55:25','img_0122-jpg',0),(457,'image','http://picasaweb.google.com/data/entry/base/user/117691556920140787386/albumid/5321652517566203489/photoid/5321652671217234754?hl=en_US','jpg',517,388,NULL,'IMG_0124.JPG','<p></p>','Diego Dorado',NULL,0,'2011-07-20 00:55:27','2011-07-20 00:55:27','img_0124-jpg-3',0),(458,'image','http://picasaweb.google.com/data/entry/base/user/117691556920140787386/albumid/5321652517566203489/photoid/5321652778863204786?hl=en_US','jpg',517,388,NULL,'IMG_0125.JPG','<p></p>','Diego Dorado',NULL,0,'2011-07-20 00:55:28','2011-07-20 00:55:28','img_0125-jpg-3',0),(459,'image','http://picasaweb.google.com/data/entry/base/user/117691556920140787386/albumid/5321652517566203489/photoid/5321652780142324754?hl=en_US','jpg',517,388,NULL,'IMG_0128.JPG','<p></p>','Diego Dorado',NULL,0,'2011-07-20 00:55:30','2011-07-20 00:55:30','img_0128-jpg-3',0),(460,'image','http://picasaweb.google.com/data/entry/base/user/117691556920140787386/albumid/5321652517566203489/photoid/5321652787324798466?hl=en_US','jpg',517,388,NULL,'IMG_0133.JPG','<p></p>','Diego Dorado',NULL,0,'2011-07-20 00:55:31','2011-07-20 00:55:31','img_0133-jpg-3',0),(461,'image','http://picasaweb.google.com/data/entry/base/user/117691556920140787386/albumid/5321652517566203489/photoid/5321652789776087026?hl=en_US','jpg',517,388,NULL,'IMG_0135.JPG','<p></p>','Diego Dorado',NULL,0,'2011-07-20 00:55:32','2011-07-20 00:55:32','img_0135-jpg-3',0),(462,'image','http://picasaweb.google.com/data/entry/base/user/117691556920140787386/albumid/5321652517566203489/photoid/5321652790090958130?hl=en_US','jpg',517,388,NULL,'IMG_0137.JPG','<p></p>','Diego Dorado',NULL,0,'2011-07-20 00:55:33','2011-07-20 00:55:33','img_0137-jpg-3',0),(463,'image','http://picasaweb.google.com/data/entry/base/user/117691556920140787386/albumid/5321652517566203489/photoid/5321652795860886114?hl=en_US','jpg',517,388,NULL,'IMG_0138.JPG','<p></p>','Diego Dorado',NULL,0,'2011-07-20 00:55:35','2011-07-20 00:55:35','img_0138-jpg-3',0),(464,'image','http://picasaweb.google.com/data/entry/base/user/117691556920140787386/albumid/5321652517566203489/photoid/5321652800371783906?hl=en_US','jpg',388,517,NULL,'IMG_0110.JPG','<p></p>','Diego Dorado',NULL,0,'2011-07-20 00:55:36','2011-07-20 00:55:36','img_0110-jpg-3',0),(465,'image','http://picasaweb.google.com/data/entry/base/user/117691556920140787386/albumid/5449421191793324561/photoid/5449422352861763682?hl=en_US','jpg',1600,1200,NULL,'DSCF3430.JPG','<p>esto es una foto del cajon</p>','Diego Dorado',NULL,0,'2011-07-20 00:57:43','2011-07-20 00:57:43','dscf3430-jpg',0),(466,'image','http://picasaweb.google.com/data/entry/base/user/117691556920140787386/albumid/5631286661335377169/photoid/5631286886230814898?hl=en_US','jpg',1600,1197,NULL,'DSCN7276.JPG','<p>horno de frente</p>','Diego Dorado',NULL,0,'2011-07-20 01:35:11','2011-07-20 01:35:11','dscn7276-jpg',0),(467,'image','http://picasaweb.google.com/data/entry/base/user/117691556920140787386/albumid/5631286661335377169/photoid/5631286889455341938?hl=en_US','jpg',1600,1197,NULL,'DSCN7277.JPG','<p>resistencias</p>','Diego Dorado',NULL,0,'2011-07-20 01:35:13','2011-07-20 01:35:13','dscn7277-jpg',0),(468,'image','http://picasaweb.google.com/data/entry/base/user/117691556920140787386/albumid/5631286661335377169/photoid/5631286890700800802?hl=en_US','jpg',1600,1197,NULL,'DSCN7275.JPG','<p>agujeros</p>','Diego Dorado',1,0,'2011-07-20 01:35:14','2011-11-18 01:33:40','dscn7275-jpg',0),(469,'image','http://picasaweb.google.com/data/entry/base/user/117691556920140787386/albumid/5631286661335377169/photoid/5631289038759334834?hl=en_US','jpg',1197,1600,NULL,'DSCN7297.JPG','<p>todo desarmado</p>','Diego Dorado',1,0,'2011-07-20 01:38:30','2011-09-01 15:16:47','dscn7297-jpg',0),(470,'image','http://picasaweb.google.com/data/entry/base/user/117691556920140787386/albumid/5631286661335377169/photoid/5631289038759334834?hl=en_US','jpg',1176,992,NULL,'DSCN7297.JPG','<p>todo desarmado</p>','Diego Dorado',1,0,'2011-07-20 01:38:30','2011-07-20 01:38:30','dscn7297-jpg.20.112.1176.992',0);
/*!40000 ALTER TABLE `a_media_item` ENABLE KEYS */;
UNLOCK TABLES;

--
-- Table structure for table `a_media_item_category`
--

DROP TABLE IF EXISTS `a_media_item_category`;
/*!40101 SET @saved_cs_client     = @@character_set_client */;
/*!40101 SET character_set_client = utf8 */;
CREATE TABLE `a_media_item_category` (
  `media_item_id` bigint(20) NOT NULL DEFAULT '0',
  `media_category_id` bigint(20) NOT NULL DEFAULT '0',
  PRIMARY KEY (`media_item_id`,`media_category_id`),
  KEY `a_media_item_category_media_category_id_a_media_category_id` (`media_category_id`),
  CONSTRAINT `a_media_item_category_media_category_id_a_media_category_id` FOREIGN KEY (`media_category_id`) REFERENCES `a_media_category` (`id`) ON DELETE CASCADE,
  CONSTRAINT `a_media_item_category_media_item_id_a_media_item_id` FOREIGN KEY (`media_item_id`) REFERENCES `a_media_item` (`id`) ON DELETE CASCADE
) ENGINE=InnoDB DEFAULT CHARSET=utf8;
/*!40101 SET character_set_client = @saved_cs_client */;

--
-- Dumping data for table `a_media_item_category`
--

LOCK TABLES `a_media_item_category` WRITE;
/*!40000 ALTER TABLE `a_media_item_category` DISABLE KEYS */;
INSERT INTO `a_media_item_category` VALUES (38,1),(39,1),(45,1),(46,1),(111,1),(112,1),(40,3),(41,3),(42,4),(56,5),(57,5),(58,5),(59,5),(60,5),(78,5),(79,5),(80,5),(81,5),(82,5),(83,5),(84,5),(85,5),(86,5),(87,5),(88,5),(89,5),(90,5),(97,5),(98,5),(106,5),(61,6),(62,6),(63,6),(64,6),(65,6),(66,6),(91,6),(92,6),(93,6),(94,6),(95,6),(96,6),(99,6),(100,6),(101,6),(103,6),(104,6),(107,6),(109,6);
/*!40000 ALTER TABLE `a_media_item_category` ENABLE KEYS */;
UNLOCK TABLES;

--
-- Table structure for table `a_media_item_to_category`
--

DROP TABLE IF EXISTS `a_media_item_to_category`;
/*!40101 SET @saved_cs_client     = @@character_set_client */;
/*!40101 SET character_set_client = utf8 */;
CREATE TABLE `a_media_item_to_category` (
  `media_item_id` bigint(20) NOT NULL DEFAULT '0',
  `category_id` bigint(20) NOT NULL DEFAULT '0',
  PRIMARY KEY (`media_item_id`,`category_id`),
  KEY `a_media_item_to_category_category_id_a_category_id` (`category_id`),
  CONSTRAINT `a_media_item_to_category_category_id_a_category_id` FOREIGN KEY (`category_id`) REFERENCES `a_category` (`id`) ON DELETE CASCADE,
  CONSTRAINT `a_media_item_to_category_media_item_id_a_media_item_id` FOREIGN KEY (`media_item_id`) REFERENCES `a_media_item` (`id`) ON DELETE CASCADE
) ENGINE=InnoDB DEFAULT CHARSET=utf8;
/*!40101 SET character_set_client = @saved_cs_client */;

--
-- Dumping data for table `a_media_item_to_category`
--

LOCK TABLES `a_media_item_to_category` WRITE;
/*!40000 ALTER TABLE `a_media_item_to_category` DISABLE KEYS */;
INSERT INTO `a_media_item_to_category` VALUES (38,1),(39,1),(45,1),(46,1),(111,1),(112,1),(40,2),(41,2),(42,3),(56,4),(57,4),(58,4),(59,4),(60,4),(78,4),(79,4),(80,4),(81,4),(82,4),(83,4),(84,4),(85,4),(86,4),(87,4),(88,4),(89,4),(90,4),(97,4),(98,4),(106,4),(61,5),(62,5),(63,5),(64,5),(65,5),(66,5),(91,5),(92,5),(93,5),(94,5),(95,5),(96,5),(99,5),(100,5),(101,5),(103,5),(104,5),(107,5),(109,5);
/*!40000 ALTER TABLE `a_media_item_to_category` ENABLE KEYS */;
UNLOCK TABLES;

--
-- Table structure for table `a_media_page_category`
--

DROP TABLE IF EXISTS `a_media_page_category`;
/*!40101 SET @saved_cs_client     = @@character_set_client */;
/*!40101 SET character_set_client = utf8 */;
CREATE TABLE `a_media_page_category` (
  `page_id` bigint(20) NOT NULL DEFAULT '0',
  `media_category_id` bigint(20) NOT NULL DEFAULT '0',
  PRIMARY KEY (`page_id`,`media_category_id`),
  KEY `a_media_page_category_media_category_id_a_media_category_id` (`media_category_id`),
  CONSTRAINT `a_media_page_category_media_category_id_a_media_category_id` FOREIGN KEY (`media_category_id`) REFERENCES `a_media_category` (`id`) ON DELETE CASCADE,
  CONSTRAINT `a_media_page_category_page_id_a_page_id` FOREIGN KEY (`page_id`) REFERENCES `a_page` (`id`) ON DELETE CASCADE
) ENGINE=InnoDB DEFAULT CHARSET=utf8;
/*!40101 SET character_set_client = @saved_cs_client */;

--
-- Dumping data for table `a_media_page_category`
--

LOCK TABLES `a_media_page_category` WRITE;
/*!40000 ALTER TABLE `a_media_page_category` DISABLE KEYS */;
/*!40000 ALTER TABLE `a_media_page_category` ENABLE KEYS */;
UNLOCK TABLES;

--
-- Table structure for table `a_page`
--

DROP TABLE IF EXISTS `a_page`;
/*!40101 SET @saved_cs_client     = @@character_set_client */;
/*!40101 SET character_set_client = utf8 */;
CREATE TABLE `a_page` (
  `id` bigint(20) NOT NULL AUTO_INCREMENT,
  `slug` text,
  `template` varchar(100) DEFAULT NULL,
  `view_is_secure` tinyint(1) DEFAULT NULL,
  `archived` tinyint(1) DEFAULT NULL,
  `admin` tinyint(1) DEFAULT '0',
  `author_id` bigint(20) DEFAULT NULL,
  `deleter_id` int(11) DEFAULT NULL,
  `engine` varchar(255) DEFAULT NULL,
  `created_at` datetime NOT NULL,
  `updated_at` datetime NOT NULL,
  `lft` int(11) DEFAULT NULL,
  `rgt` int(11) DEFAULT NULL,
  `level` smallint(6) DEFAULT NULL,
  `edit_admin_lock` tinyint(1) DEFAULT '0',
  `view_admin_lock` tinyint(1) DEFAULT '0',
  `view_guest` tinyint(1) DEFAULT '1',
  `published_at` datetime DEFAULT NULL,
  PRIMARY KEY (`id`),
  KEY `slugindex_idx` (`slug`(255)),
  KEY `engineindex_idx` (`engine`),
  KEY `author_id_idx` (`author_id`),
  CONSTRAINT `a_page_author_id_sf_guard_user_id` FOREIGN KEY (`author_id`) REFERENCES `sf_guard_user` (`id`)
) ENGINE=InnoDB AUTO_INCREMENT=93 DEFAULT CHARSET=utf8;
/*!40101 SET character_set_client = @saved_cs_client */;

--
-- Dumping data for table `a_page`
--

LOCK TABLES `a_page` WRITE;
/*!40000 ALTER TABLE `a_page` DISABLE KEYS */;
INSERT INTO `a_page` VALUES (1,'/','home',0,0,0,NULL,NULL,NULL,'2010-06-29 02:51:31','2011-03-19 18:03:54',1,60,0,0,0,1,'2010-06-29 02:51:31'),(3,'/admin','default',NULL,NULL,1,NULL,NULL,'aAdmin','2010-06-29 02:51:31','2010-06-29 02:51:31',2,5,1,0,0,1,'2010-06-29 02:51:31'),(4,'/admin/media','default',NULL,NULL,1,NULL,NULL,'aMedia','2010-06-29 02:51:31','2011-07-13 00:15:44',3,4,2,0,0,1,'2011-07-13 00:15:44'),(6,'global',NULL,NULL,NULL,0,NULL,NULL,NULL,'2010-06-29 02:51:37','2010-06-29 02:51:37',NULL,NULL,NULL,0,0,1,'2010-06-29 02:51:37'),(7,'/contacto','default',0,0,0,NULL,NULL,'contacto','2010-06-29 02:53:21','2010-07-27 15:58:33',58,59,1,0,0,1,'2010-06-29 02:53:21'),(9,'/el-parque','default',0,0,0,NULL,NULL,NULL,'2010-06-29 04:12:20','2011-04-22 16:03:33',6,13,1,0,0,1,'2010-06-29 04:12:20'),(11,'/calendario-de-uso','simple',0,0,0,NULL,NULL,'calendario','2010-06-29 04:48:48','2010-07-30 19:39:47',14,17,1,0,0,1,'2010-06-29 04:48:48'),(12,'@a_blog_search_redirect?id=2',NULL,0,0,0,NULL,NULL,'aBlog','2010-07-26 21:53:18','2010-07-26 21:54:54',NULL,NULL,NULL,0,0,1,'2010-07-26 21:53:00'),(13,'@a_blog_search_redirect?id=3',NULL,0,0,0,NULL,NULL,'aBlog','2010-07-26 21:55:04','2010-07-26 22:08:59',NULL,NULL,NULL,0,0,1,'2010-07-26 21:55:00'),(14,'/otros-parques','simple',0,0,0,NULL,NULL,NULL,'2010-07-26 22:23:02','2010-07-27 14:49:34',44,45,1,0,0,1,'2010-07-26 22:23:02'),(16,'@a_event_search_redirect?id=4',NULL,0,0,0,NULL,NULL,'aEvent','2010-07-26 22:24:57','2010-07-26 22:26:04',NULL,NULL,NULL,0,0,1,'2010-07-26 22:24:00'),(19,'/calendario-de-uso/reserva','default',0,0,0,NULL,NULL,'reserva','2010-07-28 17:56:38','2010-07-29 00:59:37',15,16,2,0,0,1,'2010-07-28 17:56:38'),(20,'/materiales-cde','default',NULL,0,0,NULL,NULL,NULL,'2010-07-28 17:58:42','2010-07-28 17:58:42',20,43,1,0,0,1,'2010-07-28 17:58:42'),(21,'/materiales-cde/nivelacion','default',0,1,0,NULL,NULL,NULL,'2010-07-28 17:59:19','2011-03-19 17:51:46',27,28,2,0,0,1,'2010-07-28 17:59:19'),(22,'/materiales-cde/disciplinas','default',0,1,0,NULL,NULL,NULL,'2010-07-28 17:59:39','2011-03-19 17:52:17',29,38,2,0,0,1,'2010-07-28 17:59:39'),(23,'/materiales-cde/producciones-cde','default',NULL,0,0,NULL,NULL,NULL,'2010-07-28 18:00:11','2010-08-30 21:04:41',39,40,2,0,0,1,'2010-07-28 18:00:11'),(26,'/materiales-cde/oficios','default',NULL,0,0,NULL,NULL,NULL,'2010-07-28 18:01:09','2010-08-30 21:17:23',41,42,2,0,0,1,'2010-07-28 18:01:09'),(27,'@a_blog_search_redirect?id=6',NULL,0,0,0,NULL,NULL,'aBlog','2010-07-29 00:54:57','2010-07-29 00:56:32',NULL,NULL,NULL,0,0,1,'2010-07-29 00:54:00'),(28,'/materiales-cde/disciplinas/disciplina-material','default',NULL,0,0,NULL,NULL,NULL,'2010-08-30 21:26:14','2010-08-30 21:26:15',32,33,3,0,0,1,'2010-08-30 21:26:14'),(29,'/materiales-cde/disciplinas/disciplina-energética','default',NULL,0,0,NULL,NULL,NULL,'2010-08-30 21:26:43','2010-08-30 21:26:43',34,35,3,0,0,1,'2010-08-30 21:26:43'),(31,'/materiales-cde/disciplinas/disciplina-morfológica','default',NULL,0,0,NULL,NULL,NULL,'2010-08-30 21:27:38','2010-08-30 21:27:38',36,37,3,0,0,1,'2010-08-30 21:27:38'),(35,'@a_blog_search_redirect?id=7',NULL,0,0,0,NULL,NULL,'aBlog','2010-08-30 21:59:59','2010-08-30 22:01:29',NULL,NULL,NULL,0,0,1,'2010-08-30 22:00:00'),(37,'@a_blog_search_redirect?id=9',NULL,0,1,0,NULL,NULL,'aBlog','2010-12-19 15:28:09','2010-12-19 15:28:10',NULL,NULL,NULL,0,0,1,NULL),(38,'@a_blog_search_redirect?id=10',NULL,0,0,0,NULL,NULL,'aBlog','2010-12-19 15:30:00','2010-12-19 15:32:15',NULL,NULL,NULL,0,0,1,'2010-04-21 15:30:00'),(39,'@a_blog_search_redirect?id=11',NULL,0,0,0,NULL,NULL,'aBlog','2010-12-19 15:32:33','2010-12-19 15:34:27',NULL,NULL,NULL,0,0,1,'2010-04-16 15:32:00'),(40,'@a_blog_search_redirect?id=12',NULL,0,0,0,NULL,NULL,'aBlog','2010-12-19 15:35:13','2010-12-19 15:40:20',NULL,NULL,NULL,0,0,1,'2010-07-31 15:35:00'),(41,'@a_blog_search_redirect?id=13',NULL,0,0,0,NULL,NULL,'aBlog','2010-12-19 15:40:49','2010-12-19 15:41:58',NULL,NULL,NULL,0,0,1,'2010-09-21 15:40:00'),(42,'@a_blog_search_redirect?id=14',NULL,0,0,0,NULL,NULL,'aBlog','2010-12-19 15:42:12','2010-12-19 15:43:51',NULL,NULL,NULL,0,0,1,'2010-08-27 15:42:00'),(43,'@a_blog_search_redirect?id=15',NULL,0,0,0,NULL,NULL,'aBlog','2010-12-19 15:44:14','2010-12-19 15:44:54',NULL,NULL,NULL,0,0,1,'2010-12-19 15:44:00'),(44,'@a_blog_search_redirect?id=16',NULL,0,0,0,NULL,NULL,'aBlog','2010-12-19 15:45:09','2010-12-19 15:45:54',NULL,NULL,NULL,0,0,1,'2010-09-21 15:45:00'),(45,'@a_blog_search_redirect?id=17',NULL,0,0,0,NULL,NULL,'aBlog','2010-12-19 15:46:06','2010-12-19 15:57:11',NULL,NULL,NULL,0,0,1,'2010-12-19 15:46:00'),(46,'@a_blog_search_redirect?id=18',NULL,0,0,0,NULL,NULL,'aBlog','2010-12-19 15:58:00','2010-12-19 15:58:49',NULL,NULL,NULL,0,0,1,'2010-12-13 15:58:00'),(47,'/materiales-cde/1era-camada','default',0,1,0,NULL,NULL,NULL,'2010-12-19 16:03:22','2011-03-19 17:49:57',21,22,2,0,0,1,'2010-12-19 16:03:22'),(49,'/materiales-cde/2da-camada','default',0,1,0,NULL,NULL,NULL,'2010-12-19 16:07:01','2011-03-19 17:51:08',23,24,2,0,0,1,'2010-12-19 16:07:01'),(50,'/materiales-cde/4ta-camada','default',0,1,0,NULL,NULL,NULL,'2010-12-19 16:09:10','2011-03-19 17:51:28',25,26,2,0,0,1,'2010-12-19 16:09:10'),(53,'@a_blog_search_redirect?id=21',NULL,0,0,0,NULL,NULL,'aBlog','2010-12-23 11:33:38','2010-12-23 11:34:51',NULL,NULL,NULL,0,0,1,'2010-12-23 11:33:00'),(54,'/reserva','default',0,0,0,NULL,NULL,'reserva','2011-01-08 04:31:39','2011-01-08 04:32:03',18,19,1,0,0,1,'2011-01-08 04:31:39'),(55,'@a_blog_search_redirect?id=22',NULL,0,0,0,NULL,NULL,'aBlog','2011-01-10 21:40:20','2011-01-10 21:45:33',NULL,NULL,NULL,0,0,1,'2011-01-10 21:40:00'),(57,'@a_event_search_redirect?id=23',NULL,0,0,0,NULL,NULL,'aEvent','2011-03-01 19:03:49','2011-03-01 19:05:48',NULL,NULL,NULL,0,0,1,'2011-03-01 19:03:00'),(58,'/materiales-cde/disciplinas/disciplina-mental','default',NULL,0,0,NULL,NULL,NULL,'2011-03-06 17:05:03','2011-03-06 17:05:03',30,31,3,0,0,1,'2011-03-06 17:05:03'),(59,'/actividades','actividades',0,0,0,NULL,NULL,NULL,'2011-03-15 13:33:38','2011-04-22 17:01:50',46,53,1,0,0,1,'2011-03-15 13:33:38'),(60,'@a_event_search_redirect?id=24',NULL,0,0,0,NULL,NULL,'aEvent','2011-03-19 17:56:41','2011-03-19 17:59:20',NULL,NULL,NULL,0,0,1,'2011-03-19 17:56:00'),(62,'/el-parque/cómo-llegar','default',NULL,0,0,NULL,NULL,NULL,'2011-04-22 01:32:48','2011-04-22 01:32:48',7,8,2,0,0,1,'2011-04-22 01:32:48'),(63,'/el-parque/lugares-del-parque','default',NULL,0,0,NULL,NULL,NULL,'2011-04-22 01:36:09','2011-04-22 01:36:09',9,10,2,0,0,1,'2011-04-22 01:36:09'),(64,'/silo','default',NULL,0,0,NULL,NULL,NULL,'2011-04-22 02:08:03','2011-04-22 02:08:03',54,57,1,0,0,1,'2011-04-22 02:08:03'),(65,'/silo/silo-en-la-reja','default',NULL,0,0,NULL,NULL,NULL,'2011-04-22 02:09:10','2011-04-22 02:09:10',55,56,2,0,0,1,'2011-04-22 02:09:10'),(68,'/actividades/proximas-actividades','default',0,0,0,NULL,NULL,'aBlog','2011-04-22 16:54:06','2011-04-22 17:01:24',51,52,2,0,0,1,'2011-04-22 16:54:06'),(69,'/actividades/actividades-anteriores','default',0,0,0,NULL,NULL,'aBlog','2011-04-22 17:02:47','2011-04-22 17:03:16',49,50,2,0,0,1,'2011-04-22 17:02:47'),(70,'/actividades/archivo','default',0,0,0,NULL,NULL,'aBlog','2011-04-22 17:04:17','2011-04-22 17:04:52',47,48,2,0,0,1,'2011-04-22 17:04:17'),(71,'@a_blog_search_redirect?id=25',NULL,0,0,0,NULL,NULL,'aBlog','2011-04-22 17:15:51','2011-04-22 17:19:37',NULL,NULL,NULL,0,0,1,'2011-05-07 17:15:00'),(72,'@a_blog_search_redirect?id=26',NULL,0,0,0,NULL,NULL,'aBlog','2011-04-27 11:21:33','2011-04-27 11:24:05',NULL,NULL,NULL,0,0,1,'2011-04-30 11:21:00'),(73,'@a_blog_search_redirect?id=27',NULL,0,1,0,NULL,NULL,'aBlog','2011-05-17 13:07:44','2011-05-17 13:07:47',NULL,NULL,NULL,0,0,1,NULL),(74,'@a_blog_search_redirect?id=28',NULL,0,0,0,NULL,NULL,'aBlog','2011-05-17 13:07:47','2011-05-17 13:15:14',NULL,NULL,NULL,0,0,1,'2011-05-21 13:07:00'),(75,'@a_blog_search_redirect?id=29',NULL,0,0,0,NULL,NULL,'aBlog','2011-05-17 13:20:17','2011-05-17 13:21:44',NULL,NULL,NULL,0,0,1,'2011-05-22 13:20:00'),(76,'@a_blog_search_redirect?id=30',NULL,0,0,0,NULL,NULL,'aBlog','2011-05-17 13:22:05','2011-05-17 13:22:38',NULL,NULL,NULL,0,0,1,'2011-05-25 13:22:00'),(77,'@a_blog_search_redirect?id=31',NULL,0,0,0,NULL,NULL,'aBlog','2011-05-19 10:12:28','2011-05-19 10:15:10',NULL,NULL,NULL,0,0,1,'2011-05-28 10:12:00'),(78,'@a_blog_search_redirect?id=32',NULL,0,0,0,NULL,NULL,'aBlog','2011-05-22 23:22:33','2011-05-22 23:23:30',NULL,NULL,NULL,0,0,1,'2011-05-24 15:00:00'),(80,'@a_blog_search_redirect?id=34',NULL,0,0,0,NULL,NULL,'aBlog','2011-05-22 23:29:51','2011-05-22 23:30:49',NULL,NULL,NULL,0,0,1,'2011-05-28 17:00:00'),(81,'@a_blog_search_redirect?id=35',NULL,0,0,0,NULL,NULL,'aBlog','2011-06-01 22:54:19','2011-06-01 23:04:03',NULL,NULL,NULL,0,0,1,'2011-06-12 10:30:00'),(82,'@a_blog_search_redirect?id=36',NULL,0,0,0,NULL,NULL,'aBlog','2011-06-03 12:23:36','2011-06-03 12:25:02',NULL,NULL,NULL,0,0,1,'2011-06-25 12:23:00'),(83,'@a_blog_search_redirect?id=37',NULL,0,0,0,NULL,NULL,'aBlog','2011-06-06 01:09:54','2011-06-06 01:10:50',NULL,NULL,NULL,0,0,1,'2011-06-11 01:09:00'),(84,'@a_blog_search_redirect?id=38',NULL,0,1,0,NULL,NULL,'aBlog','2011-06-06 01:25:13','2011-06-06 01:26:22',NULL,NULL,NULL,0,0,1,'2011-06-25 01:25:00'),(85,'@a_blog_search_redirect?id=39',NULL,0,0,0,NULL,NULL,'aBlog','2011-06-06 01:30:51','2011-06-06 01:32:19',NULL,NULL,NULL,0,0,1,'2011-06-25 01:30:00'),(86,'@a_blog_search_redirect?id=40',NULL,0,0,0,NULL,NULL,'aBlog','2011-06-06 01:36:57','2011-06-06 01:39:12',NULL,NULL,NULL,0,0,1,'2011-06-12 01:37:00'),(87,'/admin/error404',NULL,0,NULL,0,NULL,NULL,NULL,'2011-07-20 00:21:04','2011-07-20 00:21:04',NULL,NULL,NULL,0,0,1,NULL),(88,'/admin/error-a-media',NULL,0,NULL,0,NULL,NULL,NULL,'2011-07-20 00:31:02','2011-07-20 00:31:02',NULL,NULL,NULL,0,0,1,NULL),(89,'@a_blog_search_redirect?id=41',NULL,0,1,0,NULL,NULL,'aBlogPost','2011-07-20 02:06:51','2011-07-20 02:06:52',NULL,NULL,NULL,0,0,1,'2011-07-20 02:06:51'),(90,'@a_blog_search_redirect?id=42',NULL,0,1,0,NULL,NULL,'aBlogPost','2011-07-20 02:08:26','2011-07-20 02:21:14',NULL,NULL,NULL,0,0,1,'2011-07-20 02:08:00'),(91,'@a_blog_search_redirect?id=43',NULL,0,0,0,NULL,NULL,'aBlogPost','2011-08-08 23:01:53','2011-08-09 02:39:38',NULL,NULL,NULL,0,0,1,'2011-08-24 23:01:00'),(92,'/el-parque/uso-del-parque','default',0,0,0,NULL,NULL,NULL,'2011-08-09 01:16:23','2011-08-09 01:16:23',11,12,2,0,0,1,'2011-08-09 01:16:23');
/*!40000 ALTER TABLE `a_page` ENABLE KEYS */;
UNLOCK TABLES;

--
-- Table structure for table `a_page_to_category`
--

DROP TABLE IF EXISTS `a_page_to_category`;
/*!40101 SET @saved_cs_client     = @@character_set_client */;
/*!40101 SET character_set_client = utf8 */;
CREATE TABLE `a_page_to_category` (
  `page_id` bigint(20) NOT NULL DEFAULT '0',
  `category_id` bigint(20) NOT NULL DEFAULT '0',
  PRIMARY KEY (`page_id`,`category_id`)
) ENGINE=InnoDB DEFAULT CHARSET=latin1;
/*!40101 SET character_set_client = @saved_cs_client */;

--
-- Dumping data for table `a_page_to_category`
--

LOCK TABLES `a_page_to_category` WRITE;
/*!40000 ALTER TABLE `a_page_to_category` DISABLE KEYS */;
INSERT INTO `a_page_to_category` VALUES (12,8),(13,9),(16,7),(27,9),(35,9),(38,9),(42,9),(53,9),(55,9),(55,11),(71,12),(72,12),(74,12),(75,12),(76,12),(77,12),(78,12),(80,12),(81,12),(82,12),(83,12),(84,12),(85,12),(86,12),(91,12);
/*!40000 ALTER TABLE `a_page_to_category` ENABLE KEYS */;
UNLOCK TABLES;

--
-- Table structure for table `a_redirect`
--

DROP TABLE IF EXISTS `a_redirect`;
/*!40101 SET @saved_cs_client     = @@character_set_client */;
/*!40101 SET character_set_client = utf8 */;
CREATE TABLE `a_redirect` (
  `id` int(11) NOT NULL AUTO_INCREMENT,
  `page_id` bigint(20) DEFAULT NULL,
  `slug` varchar(255) DEFAULT NULL,
  `created_at` datetime NOT NULL,
  `updated_at` datetime NOT NULL,
  PRIMARY KEY (`id`),
  UNIQUE KEY `slug` (`slug`),
  KEY `slugindex_idx` (`slug`),
  KEY `page_id_idx` (`page_id`),
  CONSTRAINT `a_redirect_page_id_a_page_id` FOREIGN KEY (`page_id`) REFERENCES `a_page` (`id`) ON DELETE CASCADE
) ENGINE=InnoDB AUTO_INCREMENT=12 DEFAULT CHARSET=utf8;
/*!40101 SET character_set_client = @saved_cs_client */;

--
-- Dumping data for table `a_redirect`
--

LOCK TABLES `a_redirect` WRITE;
/*!40000 ALTER TABLE `a_redirect` DISABLE KEYS */;
INSERT INTO `a_redirect` VALUES (1,7,'/bolggie','2010-07-27 15:58:33','2010-07-27 15:58:33'),(4,19,'/reserva','2010-07-29 00:59:37','2010-07-29 00:59:37'),(6,21,'/materiales-cde/primera-camada','2010-08-30 21:01:39','2010-08-30 21:01:39'),(7,22,'/materiales-cde/segunda-camada','2010-08-30 21:03:56','2010-08-30 21:03:56'),(8,23,'/materiales-cde/nivelacion-materiales','2010-08-30 21:04:43','2010-08-30 21:04:43'),(9,26,'/materiales-cde/monografías','2010-08-30 21:17:23','2010-08-30 21:17:23'),(10,49,'/materiales-cde/2era-camada','2010-12-19 16:08:25','2010-12-19 16:08:25'),(11,NULL,NULL,'2011-08-09 01:16:23','2011-08-09 01:16:23');
/*!40000 ALTER TABLE `a_redirect` ENABLE KEYS */;
UNLOCK TABLES;

--
-- Table structure for table `a_slot`
--

DROP TABLE IF EXISTS `a_slot`;
/*!40101 SET @saved_cs_client     = @@character_set_client */;
/*!40101 SET character_set_client = utf8 */;
CREATE TABLE `a_slot` (
  `id` bigint(20) NOT NULL AUTO_INCREMENT,
  `type` varchar(100) DEFAULT NULL,
  `variant` varchar(100) DEFAULT NULL,
  `value` longtext,
  PRIMARY KEY (`id`),
  KEY `a_slot_type_idx` (`type`)
) ENGINE=InnoDB AUTO_INCREMENT=1022 DEFAULT CHARSET=utf8;
/*!40101 SET character_set_client = @saved_cs_client */;

--
-- Dumping data for table `a_slot`
--

LOCK TABLES `a_slot` WRITE;
/*!40000 ALTER TABLE `a_slot` DISABLE KEYS */;
INSERT INTO `a_slot` VALUES (1,'aText',NULL,'Home'),(2,'aText',NULL,'Accueil'),(3,'aRichText',NULL,'<h3>Welcome to aSandbox, a sample site built using <a href=\"http://www.apostrophenow.com\" target=\"_new\">Apostrophe</a>.</h3> <p>\nYou can edit this text by clicking the Edit button. You can also add additional slots to this area, such as video and slideshow slots, via the Add Slot button.</p>'),(4,'aRichText',NULL,'<h3>Bienvenue dans le aSandbox, un exemple de site réalisé en utilisant  <a href=\"http://www.apostrophenow.com\" target=\"_new\">Apostrophe</a>.</h3>  <p>Vous pouvez éditer ce texte en cliquant sur le bouton &laquo;&nbsp;Editer&nbsp;&raquo;. Vous pouvez  également ajouter des emplacements supplémentaires à cette zone, tel qu\'un  emplacement vidéo ou un emplacement diaporama, en utilisant le bouton &laquo;&nbsp;Ajouter  un emplacement&nbsp;&raquo;.</p>\n'),(5,'aText',NULL,'Contact'),(6,'aText',NULL,'Contact'),(7,'aRichText',NULL,'<h3>For more information or help with <a href=\"http://www.apostrophenow.com\" target=\"_new\">Apostrophe</a>, contact <a href=\"mailto:apostrophe@punkave.com\">apostrophe@punkave.com</a></h3>'),(8,'aRichText',NULL,'<h3>Pour plus d\'informations ou obtenir de l\'aide au sujet  d\'<a href=\"http://www.apostrophenow.com\" target=\"_new\">Apostrophe</a>,  contactez <a href=\"mailto:apostrophe@punkave.com\">apostrophe@punkave.com</a></h3>\n'),(9,'aText',NULL,'Admin'),(10,'aText',NULL,'Admin'),(11,'aText',NULL,'Media'),(12,'aText',NULL,'Média'),(13,'aText',NULL,'About'),(14,'aText',NULL,'A propos'),(15,'aRichText',NULL,'<h3>Learn more about <a href=\"http://www.apostrophenow.com\" target=\"_new\">Apostrophe</a>.</h3> It is open source, robust, &amp; super easy to use!'),(16,'aRichText',NULL,'<h3>Découvrez <a href=\"http://www.apostrophenow.com\" target=\"_new\">Apostrophe</a>.</h3>  Une solution open source, robuste et extrêmement simple à utiliser!\n'),(17,'aText',NULL,'bolggie'),(18,'aRichText',NULL,'\n\n\n\n      <p>\n&nbsp;este es mi primer post!</p>\n      \n\n'),(19,'aText',NULL,'Untitled'),(20,'aText',NULL,''),(21,'aText',NULL,'untitled'),(22,'aText',NULL,''),(23,'aText',NULL,'untitled'),(24,'aText',NULL,''),(25,'aText',NULL,'pucha! otra vez cagadas'),(26,'aText',NULL,''),(27,'aRichText',NULL,'\n\n\n\n      <p>\n\n\n\n\n\n\n\n\n\n\n\n&nbsp;formato enriqucido..</p>\n      \n\n'),(28,'aText',NULL,'pucha! otra vez cagadas'),(29,'aText',NULL,''),(30,'aText',NULL,'pucha! otra vez cagadas'),(31,'aText',NULL,''),(32,'aText',NULL,'pucha! otra vez cagadas'),(33,'aText',NULL,''),(34,'aRichText',NULL,'\n\n\n\n      <p>&nbsp;aja</p>\n      \n\n'),(35,'aVideo',NULL,NULL),(36,'aRichText',NULL,'\n\n\n\n      <p>\n&nbsp;asdasd</p>\n      \n\n'),(37,'aText',NULL,'El Parque'),(38,'aText',NULL,'Como llegar'),(39,'aText',NULL,'Calendario de Uso'),(40,'aVideo',NULL,NULL),(41,'aVideo',NULL,NULL),(42,'aSlideshow',NULL,'a:1:{s:5:\"order\";a:3:{i:0;s:1:\"4\";i:1;s:1:\"3\";i:2;s:1:\"2\";}}'),(43,'aRichText',NULL,'\n\n\n\n      <p>&nbsp;fin de la pagina</p>\n      \n\n'),(44,'aEvent',NULL,'a:3:{s:5:\"count\";d:3;s:9:\"tags_list\";s:0:\"\";s:15:\"categories_list\";N;}'),(45,'aText',NULL,'Untitled'),(46,'aText',NULL,''),(47,'aText',NULL,'untitled'),(48,'aText',NULL,''),(49,'aRichText',NULL,'\n\n\n\n      <p>\n\n\n\n\n\n\n\n\n\n\n\n\n\n\n\n\n\n\n\n<b>Club C.N.A.</b><br>\n\n\n\n\n\n\n\n\n\n\n\n\n\n\n\n\n\n\n\n       Pintos 2302, Parada Malaver, Moreno<br>\n\n\n\n\n\n\n\n\n\n\n\n\n\n\n\n\n\n\n\n       (altura ruta 23 al 5600)<br>\n\n\n\n\n\n\n\n\n\n\n\n\n\n\n\n\n\n\n\n       10 minutos del Parque en auto<br>\n\n\n\n\n\n\n\n\n\n\n\n\n\n\n\n\n\n\n\n       Caba&ntilde;as para 6/8 personas (llevar sabanas y toallas, hay manta y calefaccion a le&ntilde;a provista por el club)<br>\n\n\n\n\n\n\n\n\n\n\n\n\n\n\n\n\n\n\n\n       Costo por caba&ntilde;a por dia $ 110.- (aprox $ 20.- por persona por dia)<br>\n\n\n\n\n\n\n\n\n\n\n\n\n\n\n\n\n\n\n\n       Telefono del Encargado VICTOR: (0237-481 3081) y cel: 114449 0700 <br>\n\n\n\n\n\n\n\n\n\n\n\n\n\n\n\n\n\n\n\n<br>\n\n\n\n\n\n\n\n\n\n\n\n\n\n\n\n\n\n\n\n<b>CABA&Ntilde;AS SINDICATO DE TV - CAMPING 12 DE AGOSTO</b><br>\n\n\n\n\n\n\n\n\n\n\n\n\n\n\n\n\n\n\n\n       4 PERSONAS POR CABA&Ntilde;A - $ 50.- POR PERSONA CON DESAYUNO INCLUIDO<br>\n\n\n\n\n\n\n\n\n\n\n\n\n\n\n\n\n\n\n\n       CALLE LA PIEDAD AL 1600<br>\n\n\n\n\n\n\n\n\n\n\n\n\n\n\n\n\n\n\n\n       CELULAR DEL ADMINISTRADOR (CARLOS) 011 15 5625 1122<br>\n\n\n\n\n\n\n\n\n\n\n\n\n\n\n\n\n\n\n\n<br>\n\n\n\n\n\n\n\n\n\n\n\n\n\n\n\n\n\n\n\n<b>Florencia</b>: encargada de unas caba&ntilde;as cerca del Parque<br>\n\n\n\n\n\n\n\n\n\n\n\n\n\n\n\n\n\n\n\n       Cerca de la calle Rub&eacute;n Dar&iacute;o.<br>\n\n\n\n\n\n\n\n\n\n\n\n\n\n\n\n\n\n\n\n       CELULAR: 11 664 88455</p>\n      \n\n'),(50,'aText',NULL,'Alojamientos cerca del parque'),(51,'aText',NULL,''),(52,'aText',NULL,'Alojamientos cerca del parque'),(53,'aText',NULL,'informacion '),(54,'aText',NULL,'Alojamientos cerca del parque'),(55,'aText',NULL,'informacion alojamiento '),(56,'aText',NULL,'Alojamientos cerca del parque'),(57,'aText',NULL,'informacion alojamiento '),(58,'aText',NULL,'Untitled'),(59,'aText',NULL,''),(60,'aText',NULL,'untitled'),(61,'aText',NULL,''),(62,'aText',NULL,'Alojamientos cerca del parque'),(63,'aText',NULL,'informacion alojamiento '),(64,'aText',NULL,'untitled'),(65,'aText',NULL,'cartas '),(66,'aText',NULL,'Carta para el tercer Retiro de Postulantes del 3 y 4 julio 2010'),(67,'aText',NULL,'cartas '),(68,'aText',NULL,'Carta para el tercer Retiro de Postulantes del 3 y 4 julio 2010'),(69,'aText',NULL,'cartas '),(70,'aBlogSingle',NULL,'a:2:{s:9:\"blog_item\";s:1:\"2\";s:6:\"search\";s:29:\"Alojamientos cerca del parque\";}'),(71,'aText',NULL,'Carta para el tercer Retiro de Postulantes del 3 y 4 julio 2010'),(72,'aText',NULL,'cartas '),(73,'aRichText',NULL,'\n\n\n\n      <p>\n&nbsp;Queridos amigos&lt;br&gt;&lt;br&gt;       El Tercer Retiro de Postulantes se desarrollar en dos das, el 3 y 4 de julio,       comenzando cada da a las 8 de la maana y finalizando a las 20.00 Hs. en todos       los Parques de Estudio y Reflexin Reconocidos por la Escuela.&lt;br&gt;&lt;br&gt;       Recordamos a todos los postulantes que tienen que llevar sus trabajos (sntesis       de Psicologa III y IV, y opcionalmente, si lo desearan su sntesis de los trabajos       sobre Eplogo y Operativa) en formato digital. Los mismos debern mostrarse       al inicio de la Reunin en las mesas dispuestas para acreditacin y entrega de       Materiales.&lt;br&gt;&lt;br&gt;       Tambin ser adecuado prever alojamiento, para el da 3 en la noche, en las       cercanas del Parque al que se concurra (en algunos casos, viajando de lejos ser       conveniente tambin el da 2).&lt;br&gt;&lt;br&gt;       El Costo del Retiro es de $150&lt;br&gt;&lt;br&gt;       Les deseamos a todos un buen trabajo&lt;br&gt;&lt;br&gt;       Comisin Parque La Reja</p>\n      \n\n'),(74,'aRichText',NULL,'\n\n\n\n      <p>Queridos amigos<br><br>El Tercer Retiro de Postulantes se desarrollar&aacute; en dos d&iacute;as, el 3 y 4 de julio, comenzando cada d&iacute;a a las 8 de la ma&ntilde;ana y finalizando a las 20.00 Hs. en todos los Parques de Estudio y Reflexi&oacute;n Reconocidos por la Escuela.<br><br>Recordamos a todos los postulantes que tienen que llevar sus trabajos (s&iacute;ntesis de Psicolog&iacute;a III y IV, y opcionalmente, si lo desearan su s&iacute;ntesis de los trabajos sobre Ep&iacute;logo y Operativa) en formato digital. Los mismos deber&aacute;n mostrarse al inicio de la Reuni&oacute;n en las mesas dispuestas para acreditaci&oacute;n y entrega de Materiales.<br><br>Tambi&eacute;n ser&aacute; adecuado prever alojamiento, para el d&iacute;a 3 en la noche, en las cercan&iacute;as del Parque al que se concurra (en algunos casos, viajando de lejos ser&aacute; conveniente tambi&eacute;n el d&iacute;a 2).<br><br>El Costo del Retiro es de $150<br><br>Les deseamos a todos un buen trabajo<br><br>Comisi&oacute;n Parque La Reja</p>\n      \n\n'),(75,'aBlogSingle',NULL,'a:2:{s:9:\"blog_item\";s:1:\"3\";s:6:\"search\";s:63:\"Carta para el tercer Retiro de Postulantes del 3 y 4 julio 2010\";}'),(76,'aButton',NULL,NULL),(77,'aButton',NULL,'a:2:{s:3:\"url\";s:1:\"/\";s:5:\"title\";s:14:\"parque la reja\";}'),(78,'aButton',NULL,'a:2:{s:3:\"url\";s:1:\"/\";s:5:\"title\";s:0:\"\";}'),(79,'aText',NULL,'otros-parques'),(80,'aText',NULL,'eventos'),(81,'aText',NULL,'Untitled'),(82,'aText',NULL,''),(83,'aText',NULL,'untitled'),(84,'aText',NULL,''),(85,'aText',NULL,'taller del fuego'),(86,'aText',NULL,''),(87,'aText',NULL,'taller del fuego'),(88,'aText',NULL,'talleres '),(89,'aText',NULL,'taller del fuego'),(90,'aText',NULL,'talleres '),(91,'aText',NULL,'taller del fuego'),(92,'aText',NULL,'talleres '),(93,'aText',NULL,'Untitled'),(94,'aText',NULL,''),(95,'aText',NULL,'untitled'),(96,'aText',NULL,''),(97,'aText',NULL,'Parque Hist&oacute;rico de Punta de Vacas, Argentina '),(98,'aText',NULL,''),(99,'aRichText',NULL,'\n\n\n\n      <p>\n\n\n\n\n\n\n\n&nbsp;Est&aacute; ubicado en la provincia de Mendoza, Argentina, en la peque&ntilde;a localidad de Punta de Vacas en medio de la cordillera a 176 kil&oacute;metros de Mendoza, a los pies del monte Aconcagua.</p>\n      \n\n'),(100,'aText',NULL,'Parque Hist&oacute;rico de Punta de Vacas, Argentina '),(101,'aText',NULL,''),(102,'aText',NULL,'Parque Hist&oacute;rico de Punta de Vacas, Argentina '),(103,'aText',NULL,'parques '),(104,'aText',NULL,'Otros Parques'),(105,'aSlideshow',NULL,'a:1:{s:5:\"order\";a:1:{i:0;s:1:\"4\";}}'),(106,'aImage',NULL,NULL),(107,'aRichText',NULL,'\n\n\n\n      <p>&nbsp;<a href=\"http://www.parquepuntadevacas.org/\" target=\"_blank\">Parque Hist&oacute;rico de Punta de Vacas, Argentina</a>&nbsp;<br>Est&aacute; ubicado en la provincia de Mendoza, Argentina, en la peque&ntilde;a localidad de Punta de Vacas en medio de la cordillera a 176 kil&oacute;metros de Mendoza, a los pies del monte Aconcagua.</p>\n      \n\n'),(108,'aImage',NULL,NULL),(109,'fPark',NULL,'a:1:{s:4:\"text\";s:10:\"parquecito\";}'),(110,'fPark',NULL,'a:2:{s:5:\"title\";s:5:\"title\";s:4:\"text\";s:4:\"test\";}'),(111,'aButton',NULL,NULL),(112,'aButton',NULL,NULL),(113,'aButton',NULL,NULL),(114,'aButton',NULL,'a:2:{s:3:\"url\";N;s:5:\"title\";s:6:\"titulo\";}'),(115,'aButton',NULL,'a:2:{s:3:\"url\";N;s:5:\"title\";s:6:\"titulo\";}'),(116,'aButton',NULL,NULL),(117,'aButton',NULL,NULL),(118,'fPark',NULL,NULL),(119,'fPark',NULL,'a:3:{s:3:\"url\";s:34:\"http://www.parquepuntadevacas.org/\";s:5:\"title\";s:48:\"Parque Histórico de Punta de Vacas, Argentina  \";s:4:\"text\";s:0:\"\";}'),(120,'fPark',NULL,'a:3:{s:3:\"url\";s:33:\"http://www.parquemanantiales.org/\";s:5:\"title\";s:27:\"Parque Manantiales, Chile  \";s:4:\"text\";s:39:\"su construcción y una fuente de agua. \";}'),(121,'fPark',NULL,'a:3:{s:3:\"url\";s:33:\"http://www.parquemanantiales.org/\";s:5:\"title\";s:27:\"Parque Manantiales, Chile  \";s:4:\"text\";s:312:\"Los Manantiales está ubicado a 70 Km al norte de Santiago, Chile, en un terreno de 1,3 hectáreas. El Complejo de Los Manantiales consiste en una Sala, un Monolito, una sala multiuso, una estela de acero inoxidable con los nombres de todos aquellos que contribuyeron para su construcción y una fuente de agua. \";}'),(122,'fPark',NULL,'a:3:{s:3:\"url\";s:33:\"http://www.parquemanantiales.org/\";s:5:\"title\";s:27:\"Parque Manantiales, Chile  \";s:4:\"text\";s:312:\"Los Manantiales está ubicado a 70 Km al norte de Santiago, Chile, en un terreno de 1,3 hectáreas. El Complejo de Los Manantiales consiste en una Sala, un Monolito, una sala multiuso, una estela de acero inoxidable con los nombres de todos aquellos que contribuyeron para su construcción y una fuente de agua. \";}'),(123,'fPark',NULL,'a:3:{s:3:\"url\";s:34:\"http://www.parquepuntadevacas.org/\";s:5:\"title\";s:48:\"Parque Histórico de Punta de Vacas, Argentina  \";s:4:\"text\";s:183:\"Está ubicado en la provincia de Mendoza, Argentina, en la pequeña localidad de Punta de Vacas en medio de la cordillera a 176 kilómetros de Mendoza, a los pies del monte Aconcagua.\";}'),(124,'fPark',NULL,'a:3:{s:3:\"url\";s:34:\"http://www.parquepuntadevacas.org/\";s:5:\"title\";s:48:\"Parque Histórico de Punta de Vacas, Argentina  \";s:4:\"text\";s:183:\"Está ubicado en la provincia de Mendoza, Argentina, en la pequeña localidad de Punta de Vacas en medio de la cordillera a 176 kilómetros de Mendoza, a los pies del monte Aconcagua.\";}'),(125,'fPark',NULL,'a:3:{s:3:\"url\";s:33:\"http://www.parquemanantiales.org/\";s:5:\"title\";s:27:\"Parque Manantiales, Chile  \";s:4:\"text\";s:312:\"Los Manantiales está ubicado a 70 Km al norte de Santiago, Chile, en un terreno de 1,3 hectáreas. El Complejo de Los Manantiales consiste en una Sala, un Monolito, una sala multiuso, una estela de acero inoxidable con los nombres de todos aquellos que contribuyeron para su construcción y una fuente de agua. \";}'),(126,'fPark',NULL,'a:3:{s:3:\"url\";s:33:\"http://www.parquemanantiales.org/\";s:5:\"title\";s:27:\"Parque Manantiales, Chile  \";s:4:\"text\";s:312:\"Los Manantiales está ubicado a 70 Km al norte de Santiago, Chile, en un terreno de 1,3 hectáreas. El Complejo de Los Manantiales consiste en una Sala, un Monolito, una sala multiuso, una estela de acero inoxidable con los nombres de todos aquellos que contribuyeron para su construcción y una fuente de agua. \";}'),(127,'fPark',NULL,'a:3:{s:3:\"url\";s:28:\"http://www.parquetoledo.org/\";s:5:\"title\";s:23:\"Parque Toledo, España \";s:4:\"text\";s:341:\"El Parque Toledo está ubicado en la provincia de Toledo a 55 Km. de Madrid.\nDesde Madrid se toma la M30 ó M40 para coger la Autovía Nacional A-4 en dirección a Córdoba. Pasada la salida a Aranjuez, siguiendo por la Autovía y subiendo por una pequeña cuesta, se comienza a ver a la distancia, hacia la derecha, los terrenos del Parque.\";}'),(128,'fPark',NULL,'a:3:{s:3:\"url\";s:28:\"http://www.parquetoledo.org/\";s:5:\"title\";s:23:\"Parque Toledo, España \";s:4:\"text\";s:341:\"El Parque Toledo está ubicado en la provincia de Toledo a 55 Km. de Madrid.\nDesde Madrid se toma la M30 ó M40 para coger la Autovía Nacional A-4 en dirección a Córdoba. Pasada la salida a Aranjuez, siguiendo por la Autovía y subiendo por una pequeña cuesta, se comienza a ver a la distancia, hacia la derecha, los terrenos del Parque.\";}'),(129,'fPark',NULL,'a:3:{s:3:\"url\";s:33:\"http://www.parquemanantiales.org/\";s:5:\"title\";s:27:\"Parque Manantiales, Chile  \";s:4:\"text\";s:312:\"Los Manantiales está ubicado a 70 Km al norte de Santiago, Chile, en un terreno de 1,3 hectáreas. El Complejo de Los Manantiales consiste en una Sala, un Monolito, una sala multiuso, una estela de acero inoxidable con los nombres de todos aquellos que contribuyeron para su construcción y una fuente de agua. \";}'),(130,'aVideo',NULL,NULL),(131,'fPark',NULL,'a:4:{s:3:\"url\";s:34:\"http://www.parquepuntadevacas.org/\";s:5:\"title\";s:48:\"Parque Histórico de Punta de Vacas, Argentina  \";s:4:\"text\";s:183:\"Está ubicado en la provincia de Mendoza, Argentina, en la pequeña localidad de Punta de Vacas en medio de la cordillera a 176 kilómetros de Mendoza, a los pies del monte Aconcagua.\";s:5:\"align\";s:5:\"right\";}'),(132,'fPark',NULL,'a:4:{s:3:\"url\";s:28:\"http://www.parquetoledo.org/\";s:5:\"title\";s:23:\"Parque Toledo, España \";s:4:\"text\";s:341:\"El Parque Toledo está ubicado en la provincia de Toledo a 55 Km. de Madrid.\nDesde Madrid se toma la M30 ó M40 para coger la Autovía Nacional A-4 en dirección a Córdoba. Pasada la salida a Aranjuez, siguiendo por la Autovía y subiendo por una pequeña cuesta, se comienza a ver a la distancia, hacia la derecha, los terrenos del Parque.\";s:5:\"align\";s:5:\"right\";}'),(133,'fPark',NULL,'a:4:{s:3:\"url\";s:33:\"http://www.parquemanantiales.org/\";s:5:\"title\";s:27:\"Parque Manantiales, Chile  \";s:4:\"text\";s:312:\"Los Manantiales está ubicado a 70 Km al norte de Santiago, Chile, en un terreno de 1,3 hectáreas. El Complejo de Los Manantiales consiste en una Sala, un Monolito, una sala multiuso, una estela de acero inoxidable con los nombres de todos aquellos que contribuyeron para su construcción y una fuente de agua. \";s:5:\"align\";s:4:\"left\";}'),(134,'aButton',NULL,'a:2:{s:3:\"url\";s:1:\"/\";s:5:\"title\";s:0:\"\";}'),(135,'aText',NULL,'<p>\nOtros Parques en el Mundo</p>'),(136,'aRichText',NULL,'\n\n\n\n      <h3>&nbsp;Otros Parques en el Mundo</h3>\n      \n\n'),(137,'aRichText',NULL,'\n\n\n\n      <h3>&nbsp;Otros Parques en el Mundo</h3>\n<p>\nSon espacios abiertos al Estudio y Reflexi&oacute;n, para profundizar en nosotros mismos y favorecer la no-discriminaci&oacute;n, el afecto y la reciprocidad en el trato a los dem&aacute;s.<br>\n<br>\n\nAspiramos a que desde ellos surja una verdadera oleada de buenos sentimientos que ayuden a develar lo Sagrado en uno y fuera de uno, permiti&eacute;ndonos comprender que no estamos solos en este mundo ni en los infinitos mundos.&nbsp;<br>\n<br>\n\nConozca el Parque de Estudio y Reflexi&oacute;n La Reja a trav&eacute;s de&nbsp;<a href=\"#\">este video</a></p>\n<h3>El Parque tiene los siguientes elementos</h3>\n      \n\n'),(138,'aRichText',NULL,'\n\n\n\n      <h3>Otros Parques en el Mundo</h3> <p>\n&nbsp;</p>\n<p>\nSon espacios abiertos al Estudio y Reflexi&oacute;n, para profundizar en nosotros mismos y favorecer la no-discriminaci&oacute;n, el afecto y la reciprocidad en el trato a los dem&aacute;s.<br>\n<br>\n   Aspiramos a que desde ellos surja una verdadera oleada de buenos sentimientos que ayuden a develar lo Sagrado en uno y fuera de uno, permiti&eacute;ndonos comprender que no estamos solos en este mundo ni en los infinitos mundos.&nbsp;<br>\n<br>\n   Conozca el Parque de Estudio y Reflexi&oacute;n La Reja a trav&eacute;s de&nbsp;<a href=\"#\">este video</a></p> <h3>&nbsp;</h3>\n<h3>El Parque tiene los siguientes elementos</h3>\n      \n\n'),(139,'aVideo',NULL,NULL),(140,'aRichText',NULL,'\n\n\n\n      <h3>El Parque tiene los siguientes elementos</h3>\n      \n\n'),(141,'aRichText',NULL,'\n\n\n\n      <h3>Otros Parques en el Mundo</h3> <p>\n&nbsp;</p> <p>\nSon espacios abiertos al Estudio y Reflexi&oacute;n, para profundizar en nosotros mismos y favorecer la no-discriminaci&oacute;n, el afecto y la reciprocidad en el trato a los dem&aacute;s.<br>\n<br>\n     Aspiramos a que desde ellos surja una verdadera oleada de buenos sentimientos que ayuden a develar lo Sagrado en uno y fuera de uno, permiti&eacute;ndonos comprender que no estamos solos en este mundo ni en los infinitos mundos.&nbsp;<br>\n<br>\n     Conozca el Parque de Estudio y Reflexi&oacute;n La Reja a trav&eacute;s del siguiente video</p>\n      \n\n'),(142,'fSnapShot',NULL,NULL),(143,'fSnapShot',NULL,'a:4:{s:3:\"url\";s:28:\"http://www.parquetoledo.org/\";s:5:\"title\";s:23:\"Parque Toledo, España \";s:4:\"text\";s:341:\"El Parque Toledo está ubicado en la provincia de Toledo a 55 Km. de Madrid.\nDesde Madrid se toma la M30 ó M40 para coger la Autovía Nacional A-4 en dirección a Córdoba. Pasada la salida a Aranjuez, siguiendo por la Autovía y subiendo por una pequeña cuesta, se comienza a ver a la distancia, hacia la derecha, los terrenos del Parque.\";s:5:\"align\";s:5:\"right\";}'),(144,'fSnapShot',NULL,'a:4:{s:3:\"url\";N;s:5:\"title\";s:7:\"La Sala\";s:4:\"text\";s:257:\"Su interior simboliza el acceso a la experiencia interna profunda a través de un espacio semiesférico vacío de íconos, símbolos o imágenes. Exteriormente, los muros hacen de enmarque de una esfera, que en su cúspide indica la dirección hacia lo alto\";s:5:\"align\";s:5:\"right\";}'),(145,'fSnapShot',NULL,'a:4:{s:3:\"url\";N;s:5:\"title\";s:7:\"La Sala\";s:4:\"text\";s:257:\"Su interior simboliza el acceso a la experiencia interna profunda a través de un espacio semiesférico vacío de íconos, símbolos o imágenes. Exteriormente, los muros hacen de enmarque de una esfera, que en su cúspide indica la dirección hacia lo alto\";s:5:\"align\";s:5:\"right\";}'),(146,'fSnapShot',NULL,'a:4:{s:3:\"url\";N;s:5:\"title\";s:7:\"La Sala\";s:4:\"text\";s:257:\"Su interior simboliza el acceso a la experiencia interna profunda a través de un espacio semiesférico vacío de íconos, símbolos o imágenes. Exteriormente, los muros hacen de enmarque de una esfera, que en su cúspide indica la dirección hacia lo alto\";s:5:\"align\";s:4:\"left\";}'),(147,'fSnapShot',NULL,'a:4:{s:3:\"url\";N;s:5:\"title\";s:7:\"La Sala\";s:4:\"text\";s:257:\"Su interior simboliza el acceso a la experiencia interna profunda a través de un espacio semiesférico vacío de íconos, símbolos o imágenes. Exteriormente, los muros hacen de enmarque de una esfera, que en su cúspide indica la dirección hacia lo alto\";s:5:\"align\";s:5:\"right\";}'),(148,'aRichText',NULL,'\n\n\n\n      <h3>&nbsp;Qu&eacute; son estos Parques?</h3>\n<p>\n</p>\n<p>\nSon espacios abiertos al Estudio y Reflexi&oacute;n, para profundizar en nosotros mismos y favorecer la no-discriminaci&oacute;n, el afecto y la reciprocidad en el trato a los dem&aacute;s.</p>\n<p>\nAspiramos a que desde ellos surja una verdadera oleada de buenos sentimientos que ayuden a develar lo Sagrado en uno y fuera de uno, permiti&eacute;ndonos comprender que no estamos solos en este mundo ni en los infinitos mundos.</p>\n<p>\nConozca el Parque de Estudio y Reflexi&oacute;n La Reja a trav&eacute;s de este video.&nbsp;</p>\n      \n\n'),(149,'aRichText',NULL,'\n\n\n\n      <h3>Qu&eacute; son estos Parques?</h3> <p>\n&nbsp;</p> <p>\nSon espacios abiertos al Estudio y Reflexi&oacute;n, para profundizar en nosotros mismos y favorecer la no-discriminaci&oacute;n, el afecto y la reciprocidad en el trato a los dem&aacute;s.</p> <p>\nAspiramos a que desde ellos surja una verdadera oleada de buenos sentimientos que ayuden a develar lo Sagrado en uno y fuera de uno, permiti&eacute;ndonos comprender que no estamos solos en este mundo ni en los infinitos mundos.</p> <p>\nConozca el Parque de Estudio y Reflexi&oacute;n La Reja a trav&eacute;s de este video.&nbsp;</p>\n      \n\n'),(150,'aRichText',NULL,'\n\n\n\n      <h3>Qu&eacute; son estos Parques?</h3>  <p>\nSon espacios abiertos al Estudio y Reflexi&oacute;n, para profundizar en nosotros mismos y favorecer la no-discriminaci&oacute;n, el afecto y la reciprocidad en el trato a los dem&aacute;s.</p> <p>\nAspiramos a que desde ellos surja una verdadera oleada de buenos sentimientos que ayuden a develar lo Sagrado en uno y fuera de uno, permiti&eacute;ndonos comprender que no estamos solos en este mundo ni en los infinitos mundos.</p> <p>\nConozca el Parque de Estudio y Reflexi&oacute;n La Reja a trav&eacute;s de este video.&nbsp;</p>\n      \n\n'),(151,'aVideo',NULL,NULL),(152,'aRichText',NULL,'\n\n\n\n      <h3>El Parque tiene los siguientes elementos</h3>\n      \n\n'),(153,'fSnapShot',NULL,NULL),(154,'fSnapShot',NULL,'a:4:{s:3:\"url\";N;s:5:\"title\";s:9:\"El Portal\";s:4:\"text\";s:169:\"Marca el límite entre la externalidad del mundo y la interioridad del ser humano, buscando producir un cambio en el estado interno de todo aquel que entra a este lugar.\";s:5:\"align\";s:4:\"left\";}'),(155,'fSnapShot',NULL,'a:4:{s:3:\"url\";N;s:5:\"title\";s:9:\"El Portal\";s:4:\"text\";s:169:\"Marca el límite entre la externalidad del mundo y la interioridad del ser humano, buscando producir un cambio en el estado interno de todo aquel que entra a este lugar.\";s:5:\"align\";s:5:\"right\";}'),(156,'aRichText',NULL,'\n\n\n\n      <h3>Otros Parques en el Mundo</h3>\n      \n\n'),(157,'aText',NULL,'Contacto'),(158,'aText',NULL,'novedades'),(159,'aText',NULL,'Reserva'),(160,'aText',NULL,'Materiales CdE'),(161,'aText',NULL,'Primera Camada'),(162,'aText',NULL,'Segunda Camada'),(163,'aText',NULL,'Nivelacion - Materiales'),(164,'aText',NULL,'Disciplinas - Materiales'),(165,'aText',NULL,'Comunicaciones'),(166,'aText',NULL,'Monografías'),(167,'aBlog',NULL,'a:3:{s:5:\"count\";d:5;s:15:\"categories_list\";a:1:{i:0;s:1:\"1\";}s:9:\"tags_list\";s:0:\"\";}'),(168,'aRichText',NULL,'\n\n\n\n      <p>\n<a href=\"/reserva\">&nbsp;Reservar el Parque</a></p>\n      \n\n'),(169,'aRichText',NULL,'\n\n\n\n      <p>\n&nbsp;</p>\n<table><tbody><tr><td><a href=\"/reserva\">&nbsp;Reservar el Parque</a></td></tr></tbody></table>\n<p>\n&nbsp;</p>\n      \n\n'),(170,'aRichText',NULL,'\n\n\n\n      <p>\n&nbsp;</p> <table><tbody><tr><td><a href=\"/reserva\">&nbsp;Reservar el Parque</a></td></tr></tbody></table>\n<table><tbody>\n<tr>\n<td>&nbsp;</td>\n<td>&nbsp;</td>\n</tr>\n<tr>\n<td>&nbsp;</td>\n<td>&nbsp;</td>\n</tr>\n<tr>\n<td>&nbsp;</td>\n<td>&nbsp;</td>\n</tr>\n</tbody></table>\n<p>\n&nbsp;</p>\n      \n\n'),(171,'aRichText',NULL,'\n\n\n\n      <p>\n&nbsp;</p> <table><tbody><tr><td><a href=\"/reserva\">&nbsp;Reservar el Parque</a></td></tr></tbody></table>\n<table><tbody>\n<tr>\n<td>&nbsp;</td> <td>&nbsp;</td> </tr>\n<tr>\n<td>&nbsp;</td> <td>&nbsp;</td> </tr>\n<tr>\n<td>&nbsp;</td> <td>&nbsp;</td> </tr>\n</tbody></table>\n<p>\n&nbsp;</p>\n      \n\n'),(172,'aRichText',NULL,'\n\n\n\n      <p>\n&nbsp;</p>\n<table><tbody>\n<tr>\n<td>8.00hs</td>\n<td>Encuentro</td>\n</tr>\n<tr>\n<td>9.00hs</td>\n<td>Desayuno</td>\n</tr>\n<tr>\n<td>&nbsp;</td>\n<td>&nbsp;</td>\n</tr>\n<tr>\n<td>&nbsp;</td>\n<td>&nbsp;</td>\n</tr>\n<tr>\n<td>&nbsp;</td>\n<td>&nbsp;</td>\n</tr>\n<tr>\n<td>&nbsp;</td>\n<td>&nbsp;</td>\n</tr>\n<tr>\n<td>&nbsp;</td>\n<td>&nbsp;</td>\n</tr>\n<tr>\n<td>&nbsp;</td>\n<td>&nbsp;</td>\n</tr>\n</tbody></table>\n<p>\n&nbsp;</p>\n      \n\n'),(173,'aRichText',NULL,'\n\n\n\n      <h3>Programa del Retiro</h3> <table><tbody>\n<tr>\n<td>8.00hs</td> <td>Encuentro</td> </tr>\n<tr>\n<td>9.00hs</td> <td>Desayuno</td> </tr>\n<tr>\n<td>&nbsp;</td> <td>&nbsp;</td> </tr>\n<tr>\n<td>&nbsp;</td> <td>&nbsp;</td> </tr>\n<tr>\n<td>&nbsp;</td> <td>&nbsp;</td> </tr>\n<tr>\n<td>&nbsp;</td> <td>&nbsp;</td> </tr>\n<tr>\n<td>&nbsp;</td> <td>&nbsp;</td> </tr>\n<tr>\n<td>&nbsp;</td> <td>&nbsp;</td> </tr>\n</tbody></table>\n<p>\n&nbsp;</p>\n      \n\n'),(174,'aPDF',NULL,NULL),(175,'aVideo',NULL,NULL),(176,'aVideo',NULL,NULL),(177,'aRichText',NULL,'\n\n\n\n      <p>\n&nbsp;vas por la autopista y haces <strong>dedo</strong></p>\n      \n\n'),(178,'fSnapShot',NULL,NULL),(179,'fSnapShot',NULL,'a:4:{s:3:\"url\";N;s:5:\"title\";s:11:\"El Manolito\";s:4:\"text\";s:172:\"Construido completamente en acero inoxidable para reflejar la época actual, fija la coordenada del tiempo en que se fundó este lugar y permite la alineación del espacio.\";s:5:\"align\";s:4:\"left\";}'),(180,'fSnapShot',NULL,'a:4:{s:3:\"url\";N;s:5:\"title\";s:11:\"El Monolito\";s:4:\"text\";s:172:\"Construido completamente en acero inoxidable para reflejar la época actual, fija la coordenada del tiempo en que se fundó este lugar y permite la alineación del espacio.\";s:5:\"align\";s:4:\"left\";}'),(181,'aText',NULL,'Untitled'),(182,'aText',NULL,''),(183,'aText',NULL,'untitled'),(184,'aText',NULL,''),(185,'aText',NULL,'Nota del 21/06/2010 sobre las Ceremonias de ingreso a Escuela del 17 de Julio'),(186,'aText',NULL,''),(187,'aRichText',NULL,'\n\n\n\n      <p>\n\n\n\n&nbsp;Queridos amigos<br>\n\n\n\n<br>\n\n\n\n Esta es la lista definitiva de los 13 Parques de Estudio y Reflexi&oacute;n donde se realizar&aacute;n las ceremonias de ingreso a Escuela el d&iacute;a 17 de julio.<br>\n\n\n\n<br>\n\n\n\n Los que postulan a Escuela deber&iacute;an concurrir a los parques donde han llevado adelante su proceso.<br>\n\n\n\n<br>\n\n\n\n Los disc&iacute;pulos deben ir a los parques m&aacute;s cercanos donde han llevado su proceso de nivelaci&oacute;n.<br>\n\n\n\n<br>\n\n\n\n<b>&nbsp;&nbsp;&middot;&nbsp;</b>Attigliano<br>\n\n\n\n<b>&nbsp;&nbsp;&middot;&nbsp;</b>Belle Idee<br>\n\n\n\n<b>&nbsp;&nbsp;&middot;&nbsp;</b>Carcara&ntilde;&aacute;<br>\n\n\n\n<b>&nbsp;&nbsp;&middot;&nbsp;</b>Casa Giorgi<br>\n\n\n\n<b>&nbsp;&nbsp;&middot;&nbsp;</b>Caucaia<br>\n\n\n\n<b>&nbsp;&nbsp;&middot;&nbsp;</b>Kandhroli<br>\n\n\n\n<b>&nbsp;&nbsp;&middot;&nbsp;</b>La Reja<br>\n\n\n\n<b>&nbsp;&nbsp;&middot;&nbsp;</b>La Uni&oacute;n<br>\n\n\n\n<b>&nbsp;&nbsp;&middot;&nbsp;</b>Manantiales<br>\n\n\n\n<b>&nbsp;&nbsp;&middot;&nbsp;</b>Mikebuda<br>\n\n\n\n<b>&nbsp;&nbsp;&middot;&nbsp;</b>Punta de Vacas<br>\n\n\n\n<b>&nbsp;&nbsp;&middot;&nbsp;</b>Red Bluff<br>\n\n\n\n<b>&nbsp;&nbsp;&middot;&nbsp;</b>Toledo<br>\n\n\n\n<br>\n\n\n\n<br>\n\n\n\n Por favor destaca esta informaci&oacute;n en los paginas web&acute;s de cada parque para que los disc&iacute;pulos puedan hacer sus planes y calendarios.<br>\n\n\n\n<br>\n\n\n\n Un gran abrazo,<br>\n\n\n\n<br>\n\n\n\n Karen Silvia y Andr&eacute;s</p>\n      \n\n'),(188,'aText',NULL,'Nota del 21/06/2010 sobre las Ceremonias de ingreso a Escuela del 17 de Julio'),(189,'aText',NULL,''),(190,'aButton',NULL,'a:2:{s:3:\"url\";s:1:\"/\";s:5:\"title\";s:0:\"\";}'),(191,'aButton',NULL,'a:2:{s:3:\"url\";s:1:\"/\";s:5:\"title\";s:0:\"\";}'),(192,'aButton',NULL,'a:2:{s:3:\"url\";s:1:\"/\";s:5:\"title\";s:0:\"\";}'),(193,'fSnapShot',NULL,NULL),(194,'fSnapShot',NULL,NULL),(195,'aText',NULL,'Untitled'),(196,'aText',NULL,''),(197,'aText',NULL,'untitled'),(198,'aText',NULL,''),(199,'aText',NULL,'untitled'),(200,'aText',NULL,''),(201,'fSnapShot',NULL,'a:4:{s:3:\"url\";s:28:\"http://www.parquetoledo.org/\";s:5:\"title\";s:23:\"Parque Toledo, España \";s:4:\"text\";s:341:\"El Parque Toledo está ubicado en la provincia de Toledo a 55 Km. de Madrid.\nDesde Madrid se toma la M30 ó M40 para coger la Autovía Nacional A-4 en dirección a Córdoba. Pasada la salida a Aranjuez, siguiendo por la Autovía y subiendo por una pequeña cuesta, se comienza a ver a la distancia, hacia la derecha, los terrenos del Parque.\";s:5:\"align\";s:5:\"right\";}'),(202,'aButton',NULL,'a:2:{s:3:\"url\";s:1:\"/\";s:5:\"title\";s:0:\"\";}'),(203,'aButton',NULL,'a:2:{s:3:\"url\";s:1:\"/\";s:5:\"title\";s:0:\"\";}'),(204,'aSlideshow',NULL,'a:1:{s:5:\"order\";a:3:{i:0;s:2:\"19\";i:1;s:2:\"18\";i:2;s:2:\"17\";}}'),(205,'fSnapShot',NULL,'a:4:{s:3:\"url\";N;s:5:\"title\";s:11:\"El Monolito\";s:4:\"text\";s:172:\"Construido completamente en acero inoxidable para reflejar la época actual, fija la coordenada del tiempo en que se fundó este lugar y permite la alineación del espacio.\";s:5:\"align\";s:5:\"right\";}'),(206,'fSnapShot',NULL,'a:4:{s:3:\"url\";N;s:5:\"title\";s:11:\"El Monolito\";s:4:\"text\";s:172:\"Construido completamente en acero inoxidable para reflejar la época actual, fija la coordenada del tiempo en que se fundó este lugar y permite la alineación del espacio.\";s:5:\"align\";s:5:\"right\";}'),(207,'fSnapShot',NULL,NULL),(208,'fSnapShot',NULL,'a:4:{s:3:\"url\";N;s:5:\"title\";s:7:\"La Sala\";s:4:\"text\";s:259:\"Su interior simboliza el acceso a la experiencia interna profunda a través de un espacio semiesférico vacío de íconos, símbolos o imágenes. Exteriormente, los muros hacen de enmarque de una esfera, que en su cúspide indica la dirección hacia lo alto. \";s:5:\"align\";s:5:\"right\";}'),(209,'fSnapShot',NULL,NULL),(210,'fSnapShot',NULL,'a:4:{s:3:\"url\";N;s:5:\"title\";s:20:\"El Centro de Estudio\";s:4:\"text\";s:119:\"Ámbito donde se desarrollan los trabajos de Escuela, donde maestros y discípulos realizan sus prácticas y estudios. \";s:5:\"align\";s:5:\"right\";}'),(211,'fSnapShot',NULL,NULL),(212,'fSnapShot',NULL,'a:4:{s:3:\"url\";N;s:5:\"title\";s:34:\"La Estela o Muro de Reconocimiento\";s:4:\"text\";s:319:\"Están en ella grabados los nombres de todos quienes contribuyeron a la construcción del Parque, del mismo modo en que las antiguas estelas mesopotámicas, egipcias, sumerias o mayas, esculpidas en piedra, dejaban testimonios de los acontecimientos o hechos significativos que sucedieron al momento de ser construidas.\";s:5:\"align\";s:5:\"right\";}'),(213,'fSnapShot',NULL,NULL),(214,'fSnapShot',NULL,'a:4:{s:3:\"url\";N;s:5:\"title\";s:17:\"La Fuente de Agua\";s:4:\"text\";s:94:\"Representa alegóricamente la energía por la fusión de los principios femenino y masculino. \";s:5:\"align\";s:5:\"right\";}'),(215,'fSnapShot',NULL,NULL),(216,'fSnapShot',NULL,'a:4:{s:3:\"url\";N;s:5:\"title\";s:20:\"El Centro de Trabajo\";s:4:\"text\";s:70:\"Es el lugar donde se realizan retiros y jornadas de trabajo personal. \";s:5:\"align\";s:5:\"right\";}'),(217,'fSnapShot',NULL,NULL),(218,'fSnapShot',NULL,'a:4:{s:3:\"url\";s:34:\"http://www.parquepuntadevacas.org/\";s:5:\"title\";s:35:\"Parque Histórico de Punta de Vacas\";s:4:\"text\";s:9:\"Argentina\";s:5:\"align\";s:4:\"left\";}'),(219,'fSnapShot',NULL,NULL),(220,'fSnapShot',NULL,'a:4:{s:3:\"url\";s:30:\"http://www.parkwiesenburg.org/\";s:5:\"title\";s:17:\"Parque Wiesenburg\";s:4:\"text\";s:8:\"Alemania\";s:5:\"align\";s:4:\"left\";}'),(221,'fSnapShot',NULL,NULL),(222,'fSnapShot',NULL,'a:4:{s:3:\"url\";s:32:\"http://www.hudsonvalleypark.org/\";s:5:\"title\";s:18:\"Hudson Valley Park\";s:4:\"text\";s:14:\"Estados Unidos\";s:5:\"align\";s:4:\"left\";}'),(223,'fSnapShot',NULL,NULL),(224,'fSnapShot',NULL,'a:4:{s:3:\"url\";s:39:\"http://www.parkebanahawphilippines.org/\";s:5:\"title\";s:14:\"Parque Banahaw\";s:4:\"text\";s:9:\"Filipinas\";s:5:\"align\";s:4:\"left\";}'),(225,'fSnapShot',NULL,NULL),(226,'fSnapShot',NULL,'a:4:{s:3:\"url\";s:31:\"http://www.parquepiribebuy.org/\";s:5:\"title\";s:16:\"Parque Piribebuy\";s:4:\"text\";s:8:\"Paraguay\";s:5:\"align\";s:4:\"left\";}'),(227,'fSnapShot',NULL,NULL),(228,'fSnapShot',NULL,'a:4:{s:3:\"url\";s:32:\"http://www.parchicasagiorgi.org/\";s:5:\"title\";s:18:\"Parque Casa Giorgi\";s:4:\"text\";s:6:\"Italia\";s:5:\"align\";s:4:\"left\";}'),(229,'fSnapShot',NULL,NULL),(230,'fSnapShot',NULL,'a:4:{s:3:\"url\";s:36:\"http://www.parquepatagonianorte.org/\";s:5:\"title\";s:22:\"Parque Patagonia Norte\";s:4:\"text\";s:9:\"Argentina\";s:5:\"align\";s:4:\"left\";}'),(231,'fSnapShot',NULL,NULL),(232,'fSnapShot',NULL,'a:4:{s:3:\"url\";s:32:\"http://www.parquemontecillo.org/\";s:5:\"title\";s:17:\"Parque Montecillo\";s:4:\"text\";s:7:\"Bolivia\";s:5:\"align\";s:4:\"left\";}'),(233,'fSnapShot',NULL,NULL),(234,'fSnapShot',NULL,'a:4:{s:3:\"url\";s:28:\"http://www.mikebudapark.org/\";s:5:\"title\";s:15:\"Parque Mikebuda\";s:4:\"text\";s:8:\"Hungría\";s:5:\"align\";s:4:\"left\";}'),(235,'fSnapShot',NULL,NULL),(236,'fSnapShot',NULL,'a:4:{s:3:\"url\";s:30:\"http://www.parclabelleidee.fr/\";s:5:\"title\";s:20:\"Parque La Belle Idee\";s:4:\"text\";s:7:\"Francia\";s:5:\"align\";s:4:\"left\";}'),(237,'fSnapShot',NULL,NULL),(238,'fSnapShot',NULL,'a:4:{s:3:\"url\";s:29:\"http://www.parquelaunion.org/\";s:5:\"title\";s:16:\"Parque La Unión\";s:4:\"text\";s:8:\"Colombia\";s:5:\"align\";s:4:\"left\";}'),(239,'fSnapShot',NULL,NULL),(240,'fSnapShot',NULL,'a:4:{s:3:\"url\";s:31:\"http://www.parquecarcarana.org/\";s:5:\"title\";s:18:\"Parque Carcarañá\";s:4:\"text\";s:9:\"Argentina\";s:5:\"align\";s:4:\"left\";}'),(241,'fSnapShot',NULL,NULL),(242,'fSnapShot',NULL,'a:4:{s:3:\"url\";s:29:\"http://www.parquecaucaia.net/\";s:5:\"title\";s:14:\"Parque Caucaia\";s:4:\"text\";s:6:\"Brasil\";s:5:\"align\";s:4:\"left\";}'),(243,'fSnapShot',NULL,NULL),(244,'fSnapShot',NULL,'a:4:{s:3:\"url\";s:30:\"http://www.parquekohanoff.org/\";s:5:\"title\";s:12:\"Parque Chaco\";s:4:\"text\";s:9:\"Argentina\";s:5:\"align\";s:4:\"left\";}'),(245,'fSnapShot',NULL,NULL),(246,'fSnapShot',NULL,'a:4:{s:3:\"url\";s:27:\"http://www.asianashram.net/\";s:5:\"title\";s:12:\"Asian Ashram\";s:4:\"text\";s:5:\"India\";s:5:\"align\";s:4:\"left\";}'),(247,'fSnapShot',NULL,NULL),(248,'fSnapShot',NULL,'a:4:{s:3:\"url\";s:30:\"http://www.parcoattigliano.it/\";s:5:\"title\";s:17:\"Parque Attigliano\";s:4:\"text\";s:6:\"Italia\";s:5:\"align\";s:4:\"left\";}'),(249,'fSnapShot',NULL,NULL),(250,'fSnapShot',NULL,'a:4:{s:3:\"url\";s:28:\"http://www.redbluffpark.org/\";s:5:\"title\";s:16:\"Parque Red Bluff\";s:4:\"text\";s:14:\"Estados Unidos\";s:5:\"align\";s:4:\"left\";}'),(251,'fSnapShot',NULL,'a:4:{s:3:\"url\";s:28:\"http://www.parquetoledo.org/\";s:5:\"title\";s:13:\"Parque Toledo\";s:4:\"text\";s:8:\"España \";s:5:\"align\";s:4:\"left\";}'),(252,'fSnapShot',NULL,NULL),(253,'fSnapShot',NULL,'a:4:{s:3:\"url\";s:33:\"http://www.parquemanantiales.org/\";s:5:\"title\";s:22:\"Parque Los Manantiales\";s:4:\"text\";s:5:\"Chile\";s:5:\"align\";s:4:\"left\";}'),(254,'fSnapShot',NULL,'a:4:{s:3:\"url\";s:27:\"http://www.parquechaco.org/\";s:5:\"title\";s:12:\"Parque Chaco\";s:4:\"text\";s:9:\"Argentina\";s:5:\"align\";s:4:\"left\";}'),(255,'aText',NULL,'Nivelacion'),(256,'aText',NULL,'Disciplinas'),(257,'aText',NULL,'Producciones CdE'),(258,'aPDF',NULL,NULL),(259,'aPDF',NULL,NULL),(260,'aRichText',NULL,'\n\n\n\n      <p>\n&nbsp;</p>\n<h3>Otros Materiales</h3>\n<ul><li>\n<a href=\"http://silo.net/\">Visite silo.net para ver otros materiales</a></li></ul>\n\n\n'),(261,'aText',NULL,'Oficios'),(262,'aPDF',NULL,NULL),(263,'aPDF',NULL,NULL),(264,'aPDF',NULL,NULL),(265,'aPDF',NULL,NULL),(266,'aText',NULL,'Disciplina Material'),(267,'aText',NULL,'Disciplina Energética'),(268,'aText',NULL,'Disciplina Mental'),(269,'aText',NULL,'Disciplina Morfológica'),(270,'aPDF',NULL,NULL),(271,'aText',NULL,'Novedades'),(272,'aText',NULL,'Actividades'),(273,'aText',NULL,'Comunicados de Escuela'),(274,'aText',NULL,'Información'),(275,'aText',NULL,'Untitled'),(276,'aText',NULL,''),(277,'aText',NULL,'untitled'),(278,'aText',NULL,''),(279,'aText',NULL,'Nota acerca del proceso Disciplinario en los Parques - 17/05/2010'),(280,'aText',NULL,''),(281,'aRichText',NULL,'\n\n\n\n      <p>\n\n\n\n\n\n\n\n\n\n\n\n\n\n\n\n\n\n\n\n\n&nbsp;Queridos Amigos,<br>\n\n\n\n\n\n\n\n\n\n\n\n\n\n\n\n\n\n\n\n\n<br>\n\n\n\n\n\n\n\n\n\n\n\n\n\n\n\n\n\n\n\n\nHemos recibido varias preguntas relativas al per&iacute;odo final del proceso disciplinario.<br>\n\n\n\n\n\n\n\n\n\n\n\n\n\n\n\n\n\n\n\n\n<br>\n\n\n\n\n\n\n\n\n\n\n\n\n\n\n\n\n\n\n\n\nA los Disc&iacute;pulos s&oacute;lo se les pide asistir a las 3 reuniones de los Trabajos de Escuela que son la primera, segunda y tercera reuni&oacute;n que se realizan en los Parques de Estudio y Reflexi&oacute;n.<br>\n\n\n\n\n\n\n\n\n\n\n\n\n\n\n\n\n\n\n\n\n<br>\n\n\n\n\n\n\n\n\n\n\n\n\n\n\n\n\n\n\n\n\nLa tercera y &uacute;ltima reuni&oacute;n de los Disc&iacute;pulos se celebrar&aacute; este s&aacute;bado, el 22 de mayo. No hay otras reuniones obligatorias.<br>\n\n\n\n\n\n\n\n\n\n\n\n\n\n\n\n\n\n\n\n\n<br>\n\n\n\n\n\n\n\n\n\n\n\n\n\n\n\n\n\n\n\n\nLos Disc&iacute;pulos que asistan a la tercera reuni&oacute;n, se les informar&aacute; m&aacute;s adelante de los procedimientos involucrados con la terminaci&oacute;n de su trabajo disciplinario antes del 17 de julio.<br>\n\n\n\n\n\n\n\n\n\n\n\n\n\n\n\n\n\n\n\n\n<br>\n\n\n\n\n\n\n\n\n\n\n\n\n\n\n\n\n\n\n\n\nun c&aacute;lido saludo<br>\n\n\n\n\n\n\n\n\n\n\n\n\n\n\n\n\n\n\n\n\n<br>\n\n\n\n\n\n\n\n\n\n\n\n\n\n\n\n\n\n\n\n\nKaren, Silvia y Andr&eacute;s</p>\n      \n\n'),(282,'aText',NULL,'Nota acerca del proceso Disciplinario en los Parques - 17/05/2010'),(283,'aText',NULL,'comunicados de escuela '),(284,'aText',NULL,'Nota acerca del proceso Disciplinario en los Parques - 17/05/2010'),(285,'aText',NULL,'comunicados de escuela '),(286,'aText',NULL,'Nota acerca del proceso Disciplinario en los Parques - 17/05/2010'),(287,'aText',NULL,'comunicados de escuela '),(288,'aText',NULL,'Nota acerca del proceso Disciplinario en los Parques - 17/05/2010'),(289,'aText',NULL,'comunicados de escuela '),(290,'aText',NULL,'Nota acerca del proceso Disciplinario en los Parques - 17/05/2010'),(291,'aText',NULL,'comunicados de escuela '),(292,'aText',NULL,'Untitled'),(293,'aText',NULL,''),(294,'aText',NULL,'untitled'),(295,'aText',NULL,''),(296,'aText',NULL,'untitled'),(297,'aText',NULL,''),(298,'aRichText',NULL,'\n\n\n\n      <p>\n\n\n\n\n\n\n\n\n\n\n\n\n\n\n\n&nbsp;Queridos Amigos,<br>\n\n\n\n\n\n\n\n\n\n\n\n\n\n\n\n<br>\n\n\n\n\n\n\n\n\n\n\n\n\n\n\n\nEn relaci&oacute;n a las consultas que se han suscitado este &uacute;ltimo tiempo respecto de aquellas personas que han tenido dificultades de concurrir a su reuni&oacute;n de nivelaci&oacute;n o de cambio de cuaterna en el caso de los procesos disciplinarios te comento que se ha visto conveniente lo siguiente:<br>\n\n\n\n\n\n\n\n\n\n\n\n\n\n\n\n<br>\n\n\n\n\n\n\n\n\n\n\n\n\n\n\n\nLos procesos de nivelaci&oacute;n son una unidad en si misma, se entrega en tres reuniones, dos de 1 d&iacute;a y una tercera de dos d&iacute;as y ninguna de estas reuniones contemplan d&iacute;as de recuperaci&oacute;n. Es decir, aquel que no puede concurrir a las tres reuniones previstas para esto, no concluye su proceso y debe retomarlo desde el principio si hubiere una nueva oportunidad de nivelaci&oacute;n.<br>\n\n\n\n\n\n\n\n\n\n\n\n\n\n\n\n<br>\n\n\n\n\n\n\n\n\n\n\n\n\n\n\n\nLos procesos disciplinarios tambi&eacute;n son una unidad en si misma, diferenciados en tres cuaternas, que se entregan en tres reuniones, de 1 d&iacute;a cada una y ninguna de estas reuniones contemplan d&iacute;as de recuperaci&oacute;n. Es decir, aquel que no puede concurrir a las tres reuniones previstas para esto, no concluye su proceso disciplinario y debe retomarlo desde el principio si hubiere una nueva oportunidad de recibir nuevamente las tres cuaternas de una determinada Disciplina. En este caso, bastar&aacute; que se inserte en el nuevo proceso disciplinario, desde la primera cuaterna, sin pasar nuevamente por el proceso de nivelaci&oacute;n (a menos que le parezca adecuado al participante efectuarlo nuevamente).<br>\n\n\n\n\n\n\n\n\n\n\n\n\n\n\n\n<br>\n\n\n\n\n\n\n\n\n\n\n\n\n\n\n\nCon esto dejamos claro que no habr&aacute; casos de excepci&oacute;n en la nivelaci&oacute;n y en las disciplinas. Tampoco habr&aacute; cambios de una disciplina a otra durante el proceso disciplinario.<br>\n\n\n\n\n\n\n\n\n\n\n\n\n\n\n\n<br>\n\n\n\n\n\n\n\n\n\n\n\n\n\n\n\nRecibe un afectuoso abrazo.<br>\n\n\n\n\n\n\n\n\n\n\n\n\n\n\n\n<br>\n\n\n\n\n\n\n\n\n\n\n\n\n\n\n\nPancho y Robby</p>\n      \n\n'),(299,'aText',NULL,'Acerca de las reuniones de Nivelaci&oacute;n y de Disc&iacute;pulos - 21/04/2010'),(300,'aText',NULL,''),(301,'aText',NULL,'Acerca de las reuniones de Nivelaci&oacute;n y de Disc&iacute;pulos - 21/04/2010'),(302,'aText',NULL,''),(303,'aText',NULL,'Acerca de las reuniones de Nivelaci&oacute;n y de Disc&iacute;pulos - 21/04/2010'),(304,'aText',NULL,'comunicados de escuela '),(305,'aText',NULL,'Acerca de las reuniones de Nivelaci&oacute;n y de Disc&iacute;pulos - 21/04/2010'),(306,'aText',NULL,'comunicados de escuela '),(307,'aBlog',NULL,'a:3:{s:5:\"count\";d:5;s:15:\"categories_list\";a:1:{i:0;s:1:\"5\";}s:9:\"tags_list\";s:0:\"\";}'),(308,'fSnapShot',NULL,'a:4:{s:3:\"url\";s:34:\"http://www.parquepuntadevacas.org/\";s:5:\"title\";s:35:\"Parque Histórico de Punta de Vacas\";s:4:\"text\";s:194:\"Argentina\nEstá ubicado en la provincia de Mendoza, Argentina, en la pequeña localidad de Punta de Vacas en medio de la cordillera a 176 kilómetros de Mendoza, a los pies del monte Aconcagua. \";s:5:\"align\";s:4:\"left\";}'),(309,'fSnapShot',NULL,'a:4:{s:3:\"url\";s:34:\"http://www.parquepuntadevacas.org/\";s:5:\"title\";s:35:\"Parque Histórico de Punta de Vacas\";s:4:\"text\";s:194:\"Argentina\nEstá ubicado en la provincia de Mendoza, Argentina, en la pequeña localidad de Punta de Vacas en medio de la cordillera a 176 kilómetros de Mendoza, a los pies del monte Aconcagua. \";s:5:\"align\";s:4:\"left\";}'),(310,'fSnapShot',NULL,'a:4:{s:3:\"url\";s:34:\"http://www.parquepuntadevacas.org/\";s:5:\"title\";s:46:\"Parque Histórico de Punta de Vacas, Argentina\";s:4:\"text\";s:184:\"Está ubicado en la provincia de Mendoza, Argentina, en la pequeña localidad de Punta de Vacas en medio de la cordillera a 176 kilómetros de Mendoza, a los pies del monte Aconcagua. \";s:5:\"align\";s:4:\"left\";}'),(311,'fSnapShot',NULL,'a:4:{s:3:\"url\";s:33:\"http://www.parquemanantiales.org/\";s:5:\"title\";s:29:\"Parque Los Manantiales, Chile\";s:4:\"text\";s:312:\"Los Manantiales está ubicado a 70 Km al norte de Santiago, Chile, en un terreno de 1,3 hectáreas. El Complejo de Los Manantiales consiste en una Sala, un Monolito, una sala multiuso, una estela de acero inoxidable con los nombres de todos aquellos que contribuyeron para su construcción y una fuente de agua. \";s:5:\"align\";s:4:\"left\";}'),(312,'fSnapShot',NULL,'a:4:{s:3:\"url\";s:28:\"http://www.parquetoledo.org/\";s:5:\"title\";s:23:\"Parque Toledo, España \";s:4:\"text\";s:342:\"El Parque Toledo está ubicado en la provincia de Toledo a 55 Km. de Madrid.\nDesde Madrid se toma la M30 ó M40 para coger la Autovía Nacional A-4 en dirección a Córdoba. Pasada la salida a Aranjuez, siguiendo por la Autovía y subiendo por una pequeña cuesta, se comienza a ver a la distancia, hacia la derecha, los terrenos del Parque. \";s:5:\"align\";s:4:\"left\";}'),(313,'fSnapShot',NULL,'a:4:{s:3:\"url\";s:28:\"http://www.redbluffpark.org/\";s:5:\"title\";s:32:\"Parque Red Bluff, Estados Unidos\";s:4:\"text\";s:263:\"El terreno para la Sala Norte fue adquirido el 31 de marzo del 2006 en Red Bluff, California. Se trata de una parcela de 4 acres y medio localizada en una zona agrícola a 2 millas de los límites de la ciudad de Red Bluff, bordeando la autopista histórica 99E. \";s:5:\"align\";s:4:\"left\";}'),(314,'fSnapShot',NULL,'a:4:{s:3:\"url\";s:30:\"http://www.parcoattigliano.it/\";s:5:\"title\";s:25:\"Parque Attigliano, Italia\";s:4:\"text\";s:204:\"El sábado 13 de enero de 2007 a los12:00  horas se inauguró el Parque de Attigliano.\nEstá ubicado en la región de Umbria, Italia, y se llega por la autopista Roma-Firenze A1 (E35) - Salida ATTIGLIANO.\";s:5:\"align\";s:4:\"left\";}'),(315,'fSnapShot',NULL,'a:4:{s:3:\"url\";s:27:\"http://www.asianashram.net/\";s:5:\"title\";s:19:\"Asian Ashram, India\";s:4:\"text\";s:301:\"El terreno está situado en dirección sureste desde Mumbai a una distancia de 81 kilómetros, en el pueblo Kandharolia, Block Khalapur, Distrito Raigad. La superficie del terreno es de 13.410 metros cuadrados. El poblado más cercano es Khopoli. El tiempo de viaje desde Mumbai es de 2 a tres horas. \";s:5:\"align\";s:4:\"left\";}'),(316,'fSnapShot',NULL,'a:4:{s:3:\"url\";s:27:\"http://www.parquechaco.org/\";s:5:\"title\";s:23:\"Parque Chaco, Argentina\";s:4:\"text\";s:183:\"Su construcción se inició en 1975. Sirvió de maqueta y experimentación para otras Salas.\nPor otra parte, es la primera Sala construida por un grupo familiar, la familia Kohanoff. \";s:5:\"align\";s:4:\"left\";}'),(317,'fSnapShot',NULL,'a:4:{s:3:\"url\";s:29:\"http://www.parquecaucaia.net/\";s:5:\"title\";s:22:\"Parque Caucaia, Brasil\";s:4:\"text\";s:115:\"Parque Caucaia. R. Katoji Sogabe, 195. Bairro Caucaia do Alto - Cotia/SP\nFue inagurado el 6 de septiembre del 2008 \";s:5:\"align\";s:4:\"left\";}'),(318,'fSnapShot',NULL,'a:4:{s:3:\"url\";s:31:\"http://www.parquecarcarana.org/\";s:5:\"title\";s:29:\"Parque Carcarañá, Argentina\";s:4:\"text\";s:172:\"El Parque se encuentra ubicado en la Provincina de Santa Fe, Argentina a solo 35 km de la ciudad de Rosario, en la Comuna de Lucio V. López bordeando el río Carcarañá. \";s:5:\"align\";s:4:\"left\";}'),(319,'fSnapShot',NULL,'a:4:{s:3:\"url\";s:29:\"http://www.parquelaunion.org/\";s:5:\"title\";s:26:\"Parque La Unión, Colombia\";s:4:\"text\";s:237:\"Está ubicado a unos 45 km de Bogotá, por la carretera que conduce al municipio de Choachi y a 5 minutos del municipio La Unión. Clima templado. Cuenta con el Centro de Trabajo, con capacidad de alojamiento para unas 12 a 14 personas. \";s:5:\"align\";s:4:\"left\";}'),(320,'fSnapShot',NULL,'a:4:{s:3:\"url\";s:30:\"http://www.parclabelleidee.fr/\";s:5:\"title\";s:29:\"Parque La Belle Idee, Francia\";s:4:\"text\";s:97:\"Está ubicado en las cercanías de la ciudad de Paris, en route de Montmirail 847, en Bassevelle.\";s:5:\"align\";s:4:\"left\";}'),(321,'fSnapShot',NULL,'a:4:{s:3:\"url\";s:30:\"http://www.parclabelleidee.fr/\";s:5:\"title\";s:20:\"Parque La Belle Idee\";s:4:\"text\";s:7:\"Francia\";s:5:\"align\";s:4:\"left\";}'),(322,'aImage',NULL,NULL),(323,'fSnapShot',NULL,'a:4:{s:3:\"url\";s:33:\"http://www.parquemanantiales.org/\";s:5:\"title\";s:29:\"Parque Los Manantiales, Chile\";s:4:\"text\";s:312:\"Los Manantiales está ubicado a 70 Km al norte de Santiago, Chile, en un terreno de 1,3 hectáreas. El Complejo de Los Manantiales consiste en una Sala, un Monolito, una sala multiuso, una estela de acero inoxidable con los nombres de todos aquellos que contribuyeron para su construcción y una fuente de agua. \";s:5:\"align\";s:5:\"right\";}'),(324,'fSnapShot',NULL,'a:4:{s:3:\"url\";s:33:\"http://www.parquemanantiales.org/\";s:5:\"title\";s:29:\"Parque Los Manantiales, Chile\";s:4:\"text\";s:312:\"Los Manantiales está ubicado a 70 Km al norte de Santiago, Chile, en un terreno de 1,3 hectáreas. El Complejo de Los Manantiales consiste en una Sala, un Monolito, una sala multiuso, una estela de acero inoxidable con los nombres de todos aquellos que contribuyeron para su construcción y una fuente de agua. \";s:5:\"align\";s:5:\"right\";}'),(325,'fSnapShot',NULL,'a:4:{s:3:\"url\";s:28:\"http://www.redbluffpark.org/\";s:5:\"title\";s:32:\"Parque Red Bluff, Estados Unidos\";s:4:\"text\";s:263:\"El terreno para la Sala Norte fue adquirido el 31 de marzo del 2006 en Red Bluff, California. Se trata de una parcela de 4 acres y medio localizada en una zona agrícola a 2 millas de los límites de la ciudad de Red Bluff, bordeando la autopista histórica 99E. \";s:5:\"align\";s:5:\"right\";}'),(326,'fSnapShot',NULL,'a:4:{s:3:\"url\";s:27:\"http://www.asianashram.net/\";s:5:\"title\";s:19:\"Asian Ashram, India\";s:4:\"text\";s:301:\"El terreno está situado en dirección sureste desde Mumbai a una distancia de 81 kilómetros, en el pueblo Kandharolia, Block Khalapur, Distrito Raigad. La superficie del terreno es de 13.410 metros cuadrados. El poblado más cercano es Khopoli. El tiempo de viaje desde Mumbai es de 2 a tres horas. \";s:5:\"align\";s:5:\"right\";}'),(327,'fSnapShot',NULL,'a:4:{s:3:\"url\";s:29:\"http://www.parquecaucaia.net/\";s:5:\"title\";s:22:\"Parque Caucaia, Brasil\";s:4:\"text\";s:115:\"Parque Caucaia. R. Katoji Sogabe, 195. Bairro Caucaia do Alto - Cotia/SP\nFue inagurado el 6 de septiembre del 2008 \";s:5:\"align\";s:5:\"right\";}'),(328,'fSnapShot',NULL,'a:4:{s:3:\"url\";s:29:\"http://www.parquelaunion.org/\";s:5:\"title\";s:26:\"Parque La Unión, Colombia\";s:4:\"text\";s:237:\"Está ubicado a unos 45 km de Bogotá, por la carretera que conduce al municipio de Choachi y a 5 minutos del municipio La Unión. Clima templado. Cuenta con el Centro de Trabajo, con capacidad de alojamiento para unas 12 a 14 personas. \";s:5:\"align\";s:5:\"right\";}'),(329,'fSnapShot',NULL,'a:4:{s:3:\"url\";s:28:\"http://www.mikebudapark.org/\";s:5:\"title\";s:15:\"Parque Mikebuda\";s:4:\"text\";s:8:\"Hungría\";s:5:\"align\";s:5:\"right\";}'),(330,'fSnapShot',NULL,'a:4:{s:3:\"url\";s:36:\"http://www.parquepatagonianorte.org/\";s:5:\"title\";s:22:\"Parque Patagonia Norte\";s:4:\"text\";s:9:\"Argentina\";s:5:\"align\";s:5:\"right\";}'),(331,'fSnapShot',NULL,'a:4:{s:3:\"url\";s:31:\"http://www.parquepiribebuy.org/\";s:5:\"title\";s:16:\"Parque Piribebuy\";s:4:\"text\";s:8:\"Paraguay\";s:5:\"align\";s:5:\"right\";}'),(332,'fSnapShot',NULL,'a:4:{s:3:\"url\";s:32:\"http://www.hudsonvalleypark.org/\";s:5:\"title\";s:18:\"Hudson Valley Park\";s:4:\"text\";s:14:\"Estados Unidos\";s:5:\"align\";s:5:\"right\";}'),(333,'fSnapShot',NULL,'a:4:{s:3:\"url\";s:30:\"http://www.parclabelleidee.fr/\";s:5:\"title\";s:20:\"Parque La Belle Idee\";s:4:\"text\";s:23:\"info@parclabelleidee.fr\";s:5:\"align\";s:4:\"left\";}'),(334,'fSnapShot',NULL,'a:4:{s:3:\"url\";s:28:\"http://www.mikebudapark.org/\";s:5:\"title\";s:15:\"Parque Mikebuda\";s:4:\"text\";s:27:\"commission@mikebudapark.org\";s:5:\"align\";s:5:\"right\";}'),(335,'fSnapShot',NULL,'a:4:{s:3:\"url\";s:32:\"http://www.parquemontecillo.org/\";s:5:\"title\";s:17:\"Parque Montecillo\";s:4:\"text\";s:26:\"parquemontecillo@gmail.com\";s:5:\"align\";s:4:\"left\";}'),(336,'fSnapShot',NULL,'a:4:{s:3:\"url\";s:36:\"http://www.parquepatagonianorte.org/\";s:5:\"title\";s:22:\"Parque Patagonia Norte\";s:4:\"text\";s:25:\"ppatagonianorte@gmail.com\";s:5:\"align\";s:5:\"right\";}'),(337,'fSnapShot',NULL,'a:4:{s:3:\"url\";s:32:\"http://www.parchicasagiorgi.org/\";s:5:\"title\";s:18:\"Parque Casa Giorgi\";s:4:\"text\";s:26:\"parchicasagiorgi@gmail.com\";s:5:\"align\";s:4:\"left\";}'),(338,'fSnapShot',NULL,'a:4:{s:3:\"url\";s:39:\"http://www.parkebanahawphilippines.org/\";s:5:\"title\";s:14:\"Parque Banahaw\";s:4:\"text\";s:22:\"parkebanahaw@gmail.com\";s:5:\"align\";s:4:\"left\";}'),(339,'fSnapShot',NULL,'a:4:{s:3:\"url\";s:30:\"http://www.parkwiesenburg.org/\";s:5:\"title\";s:17:\"Parque Wiesenburg\";s:4:\"text\";s:25:\"mariana_garcia99@yahoo.de\";s:5:\"align\";s:4:\"left\";}'),(340,'aBlogSingle',NULL,'a:2:{s:9:\"blog_item\";s:1:\"7\";s:6:\"search\";s:65:\"Nota acerca del proceso Disciplinario en los Parques - 17/05/2010\";}'),(341,'aRichText',NULL,'\n\n\n\n      <p>La tercera y &uacute;ltima reuni&oacute;n de los Disc&iacute;pulos se celebrar&aacute; este s&aacute;bado, el 22 de mayo. No hay otras reuniones obligatorias.<br><br>                    Los Disc&iacute;pulos que asistan a la tercera reuni&oacute;n, se les informar&aacute; m&aacute;s  adelante de los procedimientos involucrados con la terminaci&oacute;n de su  trabajo disciplinario antes del 17 de julio.<br><br>                    un c&aacute;lido saludo<br><br>                    Karen, Silvia y Andr&eacute;s</p>\n      \n\n'),(342,'aRichText',NULL,'\n\n\n\n      <p>&nbsp;Queridos Amigos,<br><br>                      Hemos recibido varias preguntas relativas al per&iacute;odo final del proceso disciplinario.<br><br>                      A los Disc&iacute;pulos s&oacute;lo se les pide asistir a las 3 reuniones de los Trabajos de Escuela que son la primera, segunda y tercera reuni&oacute;n que se realizan en los Parques de Estudio y Reflexi&oacute;n.<br></p>\n      \n\n'),(343,'aSlideshow',NULL,'a:1:{s:5:\"order\";a:1:{i:0;s:1:\"4\";}}'),(344,'aText',NULL,'Untitled'),(345,'aText',NULL,''),(346,'aText',NULL,'untitled'),(347,'aText',NULL,''),(348,'aText',NULL,'Untitled'),(349,'aText',NULL,''),(350,'aText',NULL,'untitled'),(351,'aText',NULL,''),(352,'aText',NULL,'Acerca de las reuniones de Nivelaci&oacute;n y de Disc&iacute;pulos - 21/04/2010'),(353,'aText',NULL,''),(354,'aRichText',NULL,'\n\n\n\n      <p>\n\n\n\n\n\n\n\n\n\n\n\nQueridos Amigos,<br>\n\n\n\n\n\n\n\n\n\n\n\n<br>\n\n\n\n\n\n\n\n\n\n\n\nEn relaci&oacute;n a las consultas que se han suscitado este &uacute;ltimo tiempo respecto de aquellas personas que han tenido dificultades de concurrir a su reuni&oacute;n de nivelaci&oacute;n o de cambio de cuaterna en el caso de los procesos disciplinarios te comento que se ha visto conveniente lo siguiente:<br>\n\n\n\n\n\n\n\n\n\n\n\n<br>\n\n\n\n\n\n\n\n\n\n\n\nLos procesos de nivelaci&oacute;n son una unidad en si misma, se entrega en tres reuniones, dos de 1 d&iacute;a y una tercera de dos d&iacute;as y ninguna de estas reuniones contemplan d&iacute;as de recuperaci&oacute;n. Es decir, aquel que no puede concurrir a las tres reuniones previstas para esto, no concluye su proceso y debe retomarlo desde el principio si hubiere una nueva oportunidad de nivelaci&oacute;n.<br>\n\n\n\n\n\n\n\n\n\n\n\n<br>\n\n\n\n\n\n\n\n\n\n\n\nLos procesos disciplinarios tambi&eacute;n son una unidad en si misma, diferenciados en tres cuaternas, que se entregan en tres reuniones, de 1 d&iacute;a cada una y ninguna de estas reuniones contemplan d&iacute;as de recuperaci&oacute;n. Es decir, aquel que no puede concurrir a las tres reuniones previstas para esto, no concluye su proceso disciplinario y debe retomarlo desde el principio si hubiere una nueva oportunidad de recibir nuevamente las tres cuaternas de una determinada Disciplina. En este caso, bastar&aacute; que se inserte en el nuevo proceso disciplinario, desde la primera cuaterna, sin pasar nuevamente por el proceso de nivelaci&oacute;n (a menos que le parezca adecuado al participante efectuarlo nuevamente).<br>\n\n\n\n\n\n\n\n\n\n\n\n<br>\n\n\n\n\n\n\n\n\n\n\n\nCon esto dejamos claro que no habr&aacute; casos de excepci&oacute;n en la nivelaci&oacute;n y en las disciplinas. Tampoco habr&aacute; cambios de una disciplina a otra durante el proceso disciplinario.<br>\n\n\n\n\n\n\n\n\n\n\n\n<br>\n\n\n\n\n\n\n\n\n\n\n\nRecibe un afectuoso abrazo.<br>\n\n\n\n\n\n\n\n\n\n\n\n<br>\n\n\n\n\n\n\n\n\n\n\n\nPancho y Robby</p>\n      \n\n'),(355,'aText',NULL,'Acerca de las reuniones de Nivelaci&oacute;n y de Disc&iacute;pulos - 21/04/2010'),(356,'aText',NULL,'comunicados de escuela '),(357,'aText',NULL,'Acerca de las reuniones de Nivelaci&oacute;n y de Disc&iacute;pulos - 21/04/2010'),(358,'aText',NULL,'comunicados de escuela '),(359,'aText',NULL,'Acerca de las reuniones de Nivelaci&oacute;n y de Disc&iacute;pulos - 21/04/2010'),(360,'aText',NULL,'comunicados de escuela '),(361,'aText',NULL,'Untitled'),(362,'aText',NULL,''),(363,'aText',NULL,'untitled'),(364,'aText',NULL,''),(365,'aText',NULL,'Carta del 16 de abril de 2010'),(366,'aText',NULL,''),(367,'aText',NULL,'Carta del 16 de abril de 2010'),(368,'aText',NULL,''),(369,'aRichText',NULL,'\n\n\n\n      <p>Queridas amigas y amigos,<br><br>1) Pr&oacute;ximamente tendremos una reuni&oacute;n con todos los maestros y los postulantes a maestros. Eso se producir&aacute; el d&iacute;a s&aacute;bado 29 de mayo y agregaremos un d&iacute;a para mejorar los detalles que se produzcan en esta situaci&oacute;n. Empezaremos el d&iacute;a s&aacute;bado 29 a las 12 y concluiremos el domingo 30, en horas de la tarde. Eso ser&aacute; en el Centro de Estudios de Punta de Vacas y en la Sala; y se producir&aacute; la revisi&oacute;n y promoci&oacute;n a Escuela.<br><br>Al momento hay 53 miembros de Escuela y 68 posibles postulantes.&nbsp;<br><br>Terminadas todas las operaciones mencionadas estaremos en condiciones de acometer los trabajos de Escuela en su totalidad.&nbsp;<br><br><br>2) El d&iacute;a s&aacute;bado 17 de julio, a las 12, haremos las reuniones de incorporaci&oacute;n a Escuela, con todos aquellos que se sientan y est&eacute;n en condiciones de pasar a esta etapa, simult&aacute;nea y &uacute;nicamente en los Parques de Estudio y Reflexi&oacute;n (reconocidos por la Escuela).<br><br>Cumplida esta etapa contaremos con un n&uacute;mero de maestros superior al millar.&nbsp;<br><br>Los Parques en esos momentos quedaran organizativamente descentralizados.<br><br><br>3) Hasta el momento est&aacute; previsto que solamente 126 inscriptos participen de las actividades de lo que fue llamada la tercera camada de nivelaci&oacute;n prevista para el 29 de mayo &hellip;&hellip;.. eso no podr&aacute; ser y es preferible que los 126 inscriptos se reserven para los &uacute;ltimos d&iacute;as de diciembre, en que se dar&aacute; inicio a una definitiva nivelaci&oacute;n y al trabajo correspondiente de Escuela.<br><br><br>Los saludamos afectuosamente,<br>Silvia, Karen, Pancho, Robby, Eduardo, Hugo, Mariana y Antonio<br>por la Escuela<br>16 de abril de 2010.</p>\n      \n\n'),(370,'aText',NULL,'Untitled'),(371,'aText',NULL,''),(372,'aText',NULL,'untitled'),(373,'aText',NULL,''),(374,'aText',NULL,'Comunicado'),(375,'aText',NULL,''),(376,'aRichText',NULL,'\n\n\n\n      <p>\n\n\n\nQueridos amigos,<br>\n\n\n\n<br>\n\n\n\nLos Parques que, &nbsp;al d&iacute;a 31 de julio del 2010,&nbsp; est&aacute;n en condiciones de llevar adelante los trabajos de Escuela de la segunda y cuarta camada son los siguientes:<br>\n\n\n\n<strong>1 Red Bluff, Estados Unidos</strong>, falta taller, falta terminar C de T, falta&nbsp; C de E<br>\n\n\n\n<strong>2 Hudson Valley, Estados Unidos</strong>, no hay pagina web. Falta terminaciones en&nbsp; C de T, falta taller y falta C de E<br>\n\n\n\n<br>\n\n\n\n<strong>3 La Uni&oacute;n, Colombia</strong>,&nbsp; falta un buen sistema de banda ancha. Falta C de E&nbsp;<br>\n\n\n\n<strong>4 Montecillo, Bolivia</strong>,&nbsp; Falta taller y C de E<br>\n\n\n\n<strong>5 Caucaia, Brasil</strong>. Falta C de E.<br>\n\n\n\n<strong>6 Piribebuy, Paraguay</strong>. Falta taller.<br>\n\n\n\n<strong>7 Los Manantiales, Chile.</strong><br>\n\n\n\n<strong>8 Punta de Vacas, Argentina</strong><br>\n\n\n\n<strong>9 La Reja, Argentina</strong><br>\n\n\n\n<strong>10 Carcara&ntilde;a, Argentina</strong>. Falta C de E<br>\n\n\n\n<strong>11 Chaco, Argentina</strong>. Falta C de E<br>\n\n\n\n<strong>12 Patagonia Norte, Argentina</strong>. Falta remodelaci&oacute;n del C de E y taller.<br>\n\n\n\n<br>\n\n\n\n<strong>13 Toledo, Espa&ntilde;a</strong>, C de T en construcci&oacute;n.<br>\n\n\n\n<strong>14 Attigliano, Italia</strong>, falta C de E.,&nbsp;<br>\n\n\n\n<strong>15 Casa Giorgi, Italia</strong>. Falta C de E<br>\n\n\n\n<strong>16&nbsp; La Belle Id&eacute;e, Francia.</strong><br>\n\n\n\n<strong>17 Mikebuda, Hungria</strong>, falta C de E.&nbsp;<br>\n\n\n\n<strong>18 Berlin, Alemania</strong>, falta definir destino de las edificaciones.&nbsp;<br>\n\n\n\n<br>\n\n\n\n<strong>19 Kandharoli, India</strong>, falta completar C de T, falta C de E y banda ancha<br>\n\n\n\n<strong>20 Banahaw, Filipinas</strong>, falta taller y C de E.<br>\n\n\n\n<br>\n\n\n\n<br>\n\n\n\n<br>\n\n\n\nLas condiciones adecuadas para que un Parque pueda operar son: Comisi&oacute;n, legalidad, personal de Escuela, Edificaciones (C de T y/o C de E, taller) y&nbsp; capacidad de conexi&oacute;n con el conjunto por banda ancha.<br>\n\n\n\n<br>\n\n\n\nExisten otros Parques y proyectos que est&aacute;n en proceso en este ultimo tiempo&nbsp; y no est&aacute;n en condiciones adecuadas para llevar adelante los trabajos de Escuela. Despu&eacute;s de Enero del 2011 retomaremos este tema de los nuevos Parques.&nbsp;&nbsp;<br>\n\n\n\n<br>\n\n\n\nAl 31 de julio del 2010 consideramos solo estos 20 Parques funcionando. Y a los que les falta para estar en condiciones, no los consideramos en esta etapa.<br>\n\n\n\n<br>\n\n\n\nSon requisitos indispensables para ser Parque los ya vistos.&nbsp; Esos son los Parques en funcionamiento, y respecto de los dem&aacute;s veremos para cuando cumplan las condiciones, despu&eacute;s de enero del 2011.<br>\n\n\n\n<br>\n\n\n\nRespecto de la autonom&iacute;a de los Parques, no podemos hablar de ella mientras no hayan Parques. Si son aut&oacute;nomos, significa que no tienen que pedir opini&oacute;n a ninguna otra gente que no este en esos Parques. Son justamente esos Parques quienes deciden sobre ellos y no otros. Esta autonom&iacute;a parte en enero del 2011.<br>\n\n\n\n<br>\n\n\n\nEn cuanto a Maestros. &iquest;Quienes son los Maestros al d&iacute;a de hoy? Los que han hecho los trabajos de Escuela. Entonces, para que un Parque tenga autonom&iacute;a , debe reunir los requisitos ya dichos y personal de Escuela.<br>\n\n\n\n<br>\n\n\n\nDe la primera camada no hay nada que revisar. No as&iacute; con la segunda camada, quienes est&aacute;n haciendo sus cosas y cierran su proceso a fines de noviembre.&nbsp; La tercera camada nunca existi&oacute; ni aporto nada. As&iacute; las cosas, nada impide que la cuarta camada comience. Tenemos los nombres de los Maestros de la primera camada. Y los que inician su segunda camada, &nbsp;sabremos el 7 de agosto quienes son al ir estos a los 20 Parques. No hay otros mas. Son reales y no son listas que circulan.&nbsp;<br>\n\n\n\n<br>\n\n\n\nTambi&eacute;n sabemos cuales son estos 20 Parques que van a trabajar para sacar&nbsp; nuevos Maestros. La primera camada ya concluyo y&nbsp; la tercera camada jam&aacute;s existi&oacute;.&nbsp; De la 2&ordf; camada,&nbsp; se le empieza a seguir la pista el 7 de agosto y despu&eacute;s habr&aacute; elecciones con los que concluyan.&nbsp;<br>\n\n\n\n<br>\n\n\n\nEl tema es cuando podr&aacute; abrirse el trabajo de nivelaci&oacute;n para la cuarta camada.&nbsp; La iniciaremos el 14 de agosto pr&oacute;ximo (recordemos que hoy estamos a 1 de agosto). Los que asistan son quienes ir&aacute;n en la v&iacute;a&nbsp; de&nbsp; la cuarta camada. La nivelaci&oacute;n puede ser mas corta, dos meses. Cada paso disciplinario se trabaja una semana,. En la primera reuni&oacute;n del proceso disciplinario se hace entrega de la primera cuaterna. Recomendamos, una vez mas, hacer estos trabajos en los Parques. Para mediados de Enero de 2011 tenemos armado todo. Maestros con los trabajos hechos y elegidos. Maestros son Maestros, vengan de la primera, segunda o cuarta camada. Y podemos hacer en simultaneo, con todos ellos, los ex&aacute;menes de obra y la entrega de la Ascesis. Ah&iacute; cerramos toda esa etapa.&nbsp;<br>\n\n\n\n<br>\n\n\n\n&iquest;Y que es la Escuela?. Ese conjunto de Maestros con y en sus lugares respectivos.&nbsp;<br>\n\n\n\n<br>\n\n\n\nY ah&iacute;,&nbsp; al dar ese examen de obra con los elementos finales, diremos como van a funcionar los Parques aut&oacute;nomos. Se cierra esta etapa&nbsp; a mediados de enero.&nbsp;<br>\n\n\n\n<br>\n\n\n\nY podr&iacute;a ser que en esos dos d&iacute;as de enero juntemos a toda la gente de Escuela, podemos hacerlo a mediados de enero,&nbsp; en P de V. Nos distribuiremos con la gente en los lugares cercanos al Parque. P de V es un punto de convergencia en este caso,&nbsp; pero lo que cuenta es cada Parque. Podemos preparar con tiempo una reuni&oacute;n masiva para mediados de enero.&nbsp;<br>\n\n\n\n<br>\n\n\n\nEstamos avisando de todo esto&nbsp; y tambi&eacute;n de los hitos previstos para la segunda y cuarta camada.&nbsp;<br>\n\n\n\n<br>\n\n\n\n&nbsp;<br>\n\n\n\n<br>\n\n\n\n<strong>Autonom&iacute;a de los Parques.</strong><br>\n\n\n\n<br>\n\n\n\nSon los que ponen en marcha los Parques, se equivoquen o no,&nbsp; los que tomaran las decisiones. Esa es la gente que se encargara y dar&aacute; las direcciones. Y si se equivocan&nbsp; chocaran con la gente de todo ese Parque. No es que una persona se encarga singularmente, son los que han hecho la cosa, que es lo que corresponde.&nbsp;<br>\n\n\n\n<br>\n\n\n\nCuando comienza a desarrollarse la autonom&iacute;a de implementaci&oacute;n los Parques ir&aacute;n decidiendo&nbsp;&nbsp; realmente. Pero no vamos&nbsp; a tener una organizaci&oacute;n centralizada, no existe tal cosa.&nbsp;<br>\n\n\n\n<br>\n\n\n\nEn lo que se ve, de los Parques que est&aacute;n funcionando, todo muy bien con la gente. Algunos Parques ser&aacute;n mas aceptables que otros, algunas situaciones ser&aacute;n mas favorables, y todo eso esta bien. El problema va a ser&nbsp; cuando se pisen (cuando se saturen) en la superpoblacion. Entonces se pensar&aacute; en abrir otro Parque. Y es como si lo hicieran de cero. Ac&aacute; tenemos poco espacio dir&aacute;n y vamos a abrir otro Parque. Y en el futuro, los Parques podr&aacute;n hacer sus propios procesos de nivelaci&oacute;n y disciplinas, sin pedirle consejo a nadie.&nbsp;<br>\n\n\n\n<br>\n\n\n\nEs muy posible que los Parques vayan creciendo as&iacute;. Y nadie mas autorizado que ellos (los que los montaron)&nbsp; para poner en marcha un nuevo Parque. Si hay suficiente fuerza, puede tomar un impulso importante este asunto de la apertura de los nuevos Parques. Es interesante y lo justo es que se encarguen de la apertura de nuevos Parques esos que pusieron en marcha un Parque. Tiene sabor de justicia, los que han montado cosas y ahora deciden montar nuevas cosas, &iquest;porque no? No hay que pedirle permiso a nadie. &iquest;Y a partir de cuando? De cuando ellos quieran.&nbsp;<br>\n\n\n\n<br>\n\n\n\nEsto es lo que hace al funcionamiento de esta etapa. Y no lo dejamos en manos de listados, la gente lo toma y lo hace o no lo hace.&nbsp;&nbsp;&nbsp;<br>\n\n\n\n<br>\n\n\n\n&nbsp;<br>\n\n\n\n<br>\n\n\n\n<strong>Calendario.</strong><br>\n\n\n\n<br>\n\n\n\n&nbsp;<br>\n\n\n\n<br>\n\n\n\n<strong>Segunda camada:&nbsp;</strong><br>\n\n\n\n<br>\n\n\n\nProceso Disciplinario<br>\n\n\n\n<br>\n\n\n\n7 de agosto:&nbsp; primera cuaterna<br>\n\n\n\n<br>\n\n\n\n18 de septiembre:&nbsp; segunda cuaterna<br>\n\n\n\n<br>\n\n\n\n23 de octubre: tercera cuaterna<br>\n\n\n\n<br>\n\n\n\n4 de diciembre: postulaci&oacute;n e ingresos a Escuela<br>\n\n\n\n<br>\n\n\n\n<strong>Cuarta camada</strong>:&nbsp;<br>\n\n\n\n<br>\n\n\n\nProceso de Nivelaci&oacute;n<br>\n\n\n\n<br>\n\n\n\n14 de agosto: primera reunion<br>\n\n\n\n<br>\n\n\n\n11 de septiembre: segunda reunion&nbsp;<br>\n\n\n\n<br>\n\n\n\n9 de octubre: tercera reunion y presentaci&oacute;n de Las Cuatro Disciplinas<br>\n\n\n\n<br>\n\n\n\nProceso Disciplinario<br>\n\n\n\n<br>\n\n\n\n16 de octubre: primera cuaterna<br>\n\n\n\n<br>\n\n\n\n13 de noviembre: segunda cuaterna<br>\n\n\n\n<br>\n\n\n\n11 de diciembre: tercera cuaterna<br>\n\n\n\n<br>\n\n\n\n8 de enero de 2011: postulaciones e ingresos a Escuela<br>\n\n\n\n<br>\n\n\n\n15 y 16 de enero:&nbsp; reuni&oacute;n conjunta de Escuela y exclusiva de todos los Maestros en P de V.&nbsp;<br>\n\n\n\n<br>\n\n\n\n<br>\n\n\n\nPancho Granella; Karen Rohn; Esteban Boasso; Mario Rodr&iacute;guez y Silvia Amodeo.<br>\n\n\n\n</p>\n      \n\n'),(377,'aText',NULL,'Comunicado'),(378,'aText',NULL,''),(379,'aText',NULL,'Untitled'),(380,'aText',NULL,''),(381,'aText',NULL,'untitled'),(382,'aText',NULL,''),(383,'aText',NULL,'Sobre ceremonias y procedimientos'),(384,'aText',NULL,''),(385,'aText',NULL,'Sobre ceremonias y procedimientos'),(386,'aText',NULL,''),(387,'aText',NULL,'Untitled'),(388,'aText',NULL,''),(389,'aText',NULL,'untitled'),(390,'aText',NULL,''),(391,'aRichText',NULL,'\n\n\n\n      <p>Estas notas intentan reconstruir una charla con Silo, en octubre del 2006. No son palabras textuales.<br>Nos juntamos varios amigos en Mendoza, el d&iacute;a anterior a la ceremonia que se realiz&oacute; en Punta de Vacas, por la muerte de Kuasar Benenati.<br>Se estuvo revisando las ceremonias y procedimientos que se realizar&iacute;an el dia siguiente en el Parque., y se hicieron unos breves comentarios sobre los significados de los distintos procedimientos con las cenizas.<br>Quiz&aacute;s consideren oportunas estas reflexiones.<br>--<br>Sobre las ceremonias, se sugiri&oacute; hacerlo en un clima de mucha calma, en un tono alto y sin apuros. Tambien la importancia de un &aacute;gape al final.<br>Sobre los procedimientos se coment&oacute; sobre las diferencias entre enterrar los restos, arrojar las cenizas o dejarlas en una bandeja de acero (como se hizo en esa ocasi&oacute;n), para que el viento las fuese llevando .Dejando que las fuerzas de la naturaleza integren o diluyan los restos a su paisaje .Hay fuerzas de la naturaleza que fluyen como las aguas en los r&iacute;os, los vientos.<br>Tambi&eacute;n se sugiri&oacute; un recipiente fr&aacute;gil de cer&aacute;mica que luego de usarlo para trasladar las cenizas se rompe en la tierra para que se integre al lugar.<br>Detr&aacute;s de estas formas se va plasmando un modo de integrar o interpretar la muerte, se va expresando tambi&eacute;n una cultura.<br><br>Vemos detr&aacute;s de estas formas de proceder con los restos distintas tendencias. Una va en direcci&oacute;n de conservar y la otra busca la fluidez, la liberaci&oacute;n.<br><br>Vemos que algunos procedimientos quiz&aacute;s acompa&ntilde;en mas el significado de la ceremonia de muertes.\"Una vez mas la mente se libera triunfal y se abre paso hacia la luz.\"<br>--<br><br>Aclaraci&oacute;n: obviamente estas notas no pretenden establecer procedimientos fijos a realizar, sino mas bien reflexionar sobre esto.<br>19 de septiembre 2010, esteban boasso.<br><br>*****<br><br>Muchas gracias Esteban por las notas.<br>Quisiera agregar que en conversaciones con el Negro se trat&oacute; el tema de sus cenizas y &eacute;l, frente a la idea de repartirlas entre los distintos Parques, respondi&oacute;: \"est&aacute; bueno\".<br>En aquel momento imagin&eacute; las cenizas volando y una pizca de ellas, desde la Sala, debajo de la baldosa central, irradiando cual \"polvo de proyecci&oacute;n\", como una luz que desde el Centro Luminoso de la esfera, inspirara a quienes all&iacute; medit&aacute;ramos.<br><br>Ana Luisa.<br>Mendoza, 21 de Septiembre de 2010.</p>\n      \n\n'),(392,'aText',NULL,'La Escuela: Carta del 27 de agosto de 2010'),(393,'aText',NULL,''),(394,'aRichText',NULL,'\n\n\n\n      <p>\n\n\n\n\n\n\n\n\n\n\n\n<strong>Queridos amigos,<br>\n\n\n\n\n\n\n\n\n\n\n\n</strong>Queremos comunicarles los hitos que vienen por delante.<br>\n\n\n\n\n\n\n\n\n\n\n\n<br>\n\n\n\n\n\n\n\n\n\n\n\nCalendario.<br>\n\n\n\n\n\n\n\n\n\n\n\n<strong>Segunda Camada.-<br>\n\n\n\n\n\n\n\n\n\n\n\n</strong>18 de septiembre:&nbsp; entrega de la segunda cuaterna<br>\n\n\n\n\n\n\n\n\n\n\n\n23 de octubre:&nbsp; entrega de la tercera cuaterna<br>\n\n\n\n\n\n\n\n\n\n\n\n4 de diciembre: postulaciones e ingresos a Escuela<br>\n\n\n\n\n\n\n\n\n\n\n\n<br>\n\n\n\n\n\n\n\n\n\n\n\n<strong>Cuarta Camada.-<br>\n\n\n\n\n\n\n\n\n\n\n\n</strong>11 de septiembre: segunda reuni&oacute;n de nivelaci&oacute;n<br>\n\n\n\n\n\n\n\n\n\n\n\n9 de octubre: tercera reuni&oacute;n de nivelaci&oacute;n<br>\n\n\n\n\n\n\n\n\n\n\n\n16 de octubre: &nbsp;entrega de la primera cuaterna<br>\n\n\n\n\n\n\n\n\n\n\n\n13 de noviembre: &nbsp;entrega de la segunda cuaterna<br>\n\n\n\n\n\n\n\n\n\n\n\n11 de diciembre: &nbsp;entrega de la tercera cuaterna<br>\n\n\n\n\n\n\n\n\n\n\n\n8 de enero de 2011: postulaciones e ingresos a Escuela<br>\n\n\n\n\n\n\n\n\n\n\n\n<br>\n\n\n\n\n\n\n\n\n\n\n\n-------------------------------------<br>\n\n\n\n\n\n\n\n\n\n\n\n<br>\n\n\n\n\n\n\n\n\n\n\n\nEstamos en la &uacute;ltima etapa de este largo proceso de Escuela, el cual se cierra con esta cuarta camada que finaliza el 8 de enero pr&oacute;ximo. No se suma nueva gente a esta cuarta camada.<br>\n\n\n\n\n\n\n\n\n\n\n\n<br>\n\n\n\n\n\n\n\n\n\n\n\nNo est&aacute; en nuestra mira de inter&eacute;s m&aacute;s que s&oacute;lo tres parques: Punta de Vacas, La Reja y Los Manantiales.<br>\n\n\n\n\n\n\n\n\n\n\n\n<br>\n\n\n\n\n\n\n\n\n\n\n\nSi hay algo relevante o interesante m&aacute;s adelante en otros lados, podremos conversarlo en su momento.<br>\n\n\n\n\n\n\n\n\n\n\n\n<br>\n\n\n\n\n\n\n\n\n\n\n\nLlevaremos el proceso de la segunda y cuarta camada solamente en estos tres parques y nos interesar&aacute; saber qui&eacute;nes son los maestros de estos tres parques.<br>\n\n\n\n\n\n\n\n\n\n\n\n<br>\n\n\n\n\n\n\n\n\n\n\n\nDespu&eacute;s que termine la cuarta camada y se cierre todo, hablaremos de la Ascesis y otros temas.<br>\n\n\n\n\n\n\n\n\n\n\n\n<br>\n\n\n\n\n\n\n\n\n\n\n\nNo habr&aacute; reuni&oacute;n general el 15 y 16 de enero en el Parque Punta de Vacas, ya que estamos lanzados en la autonom&iacute;a de implementaci&oacute;n, y si hay tal autonom&iacute;a no tenemos porqu&eacute; reunirnos.<br>\n\n\n\n\n\n\n\n\n\n\n\n<br>\n\n\n\n\n\n\n\n\n\n\n\nEste comunicado va dirigido hacia las Comisiones de los parques Punta de Vacas, La Reja y Los Manantiales y al Comit&eacute; del Parque Punta de Vacas; &nbsp;y se pide difundirlo.<br>\n\n\n\n\n\n\n\n\n\n\n\n<br>\n\n\n\n\n\n\n\n\n\n\n\nAgradeciendo&nbsp; desde ya su atenci&oacute;n, comunicamos que dejamos sin efecto los correos personales que han existido hasta ahora.<br>\n\n\n\n\n\n\n\n\n\n\n\n<br>\n\n\n\n\n\n\n\n\n\n\n\nUn fuerte abrazo.<br>\n\n\n\n\n\n\n\n\n\n\n\n<br>\n\n\n\n\n\n\n\n\n\n\n\nPancho, Silvia, Karen y Mario.<br>\n\n\n\n\n\n\n\n\n\n\n\n<br>\n\n\n\n\n\n\n\n\n\n\n\nViernes 27 de agosto de 2010.</p>\n      \n\n'),(395,'aText',NULL,'La Escuela: Carta del 27 de agosto de 2010'),(396,'aText',NULL,'comunicados de escuela '),(397,'aText',NULL,'La Escuela: Carta del 27 de agosto de 2010'),(398,'aText',NULL,'comunicados de escuela '),(399,'aText',NULL,'La Escuela: Carta del 27 de agosto de 2010'),(400,'aText',NULL,'comunicados de escuela '),(401,'aText',NULL,'Untitled'),(402,'aText',NULL,''),(403,'aText',NULL,'untitled'),(404,'aText',NULL,''),(405,'aText',NULL,'Asistencia a las Reuniones de Nivelaci&oacute;n y Disciplinas'),(406,'aText',NULL,''),(407,'aRichText',NULL,'\n\n\n\n      <p>\n\n\n\nPodr&aacute;n participar a las reuniones de la segunda y cuarta camada solamente los postulantes y disc&iacute;pulos registrados en Parque La Reja. Los listados de asistencia no est&aacute;n centralizados y los postulantes y disc&iacute;pulos registrados en otros Parques deber&aacute;n referirse a los respectivos Parques donde iniciaron su proceso.</p>\n      \n\n'),(408,'aText',NULL,'Asistencia a las Reuniones de Nivelaci&oacute;n y Disciplinas'),(409,'aText',NULL,''),(410,'aText',NULL,'Untitled'),(411,'aText',NULL,''),(412,'aText',NULL,'untitled'),(413,'aText',NULL,''),(414,'aText',NULL,'A los Parques reconocidos por Silo al 31 de julio de 2010'),(415,'aText',NULL,''),(416,'aRichText',NULL,'\n\n\n\n      <p>\n\n\n\nAttigliano, Italia; Banahaw, Filipinas; Carcara&ntilde;a, Argentina, Casa Giorgi, Italia; Caucaia, Brasil ; Chaco, Argentina; Hudson Valley, Estados Unidos; Kandharoli, India ; La Belle Id&eacute;e, Francia; La Reja, Argentina; Los Manantiales, Chile; La Uni&oacute;n, Colombia; Montecillo, Bolivia; Mikebuda, Hungr&iacute;a; Patagonia Norte, Argentina; Piribebuy, Paraguay; Punta de Vacas, Argentina; Toledo, Espa&ntilde;a; Red Bluff, Estados Unidos; Wiesenburg, Alemania<br>\n\n\n\n<br>\n\n\n\nQueridos Amigos:<br>\n\n\n\n<br>\n\n\n\nQuisiera expresar mi agradecimiento por todo el apoyo y el acompa&ntilde;amiento recibidos en estos momentos.<br>\n\n\n\nPodr&iacute;a describir la experiencia de esta especial circunstancia como una suerte de transferencia que sigue un proceso, vivido como una extrema tensi&oacute;n en el instante de la muerte, y que gracias al cari&ntilde;o, a las distintas ceremonias, al largo recorrido en caravana hacia el crematorio, culmina en una profunda distensi&oacute;n, cuando son entregadas sus cenizas, al experimentar que la intensidad de la tensi&oacute;n se convierte en una gran alegr&iacute;a proyectada a todo lo que nos queda por hacer.<br>\n\n\n\nSeguramente algunos no necesitan de tanto ritual para superar el tremendo dolor, y simplemente tienen un registro claro de la trascendencia. No fue as&iacute; en mi caso. As&iacute; pues, insisto en el agradecimiento a quienes me acompa&ntilde;aron.<br>\n\n\n\nConsecuentemente con mi forma de sentir, y para quienes les pueda servir de apoyo, quiero hacer llegar una peque&ntilde;a parte de sus cenizas a cada Parque de manera que, quienes as&iacute; lo deseen y en una peque&ntilde;a ceremonia, tengan la posibilidad de procesar estas im&aacute;genes cuando y del modo que consideren m&aacute;s provechoso.<br>\n\n\n\n<br>\n\n\n\n\"&iquest;Ser&aacute; entonces que toda aspiraci&oacute;n, toda intenci&oacute;n, toda afirmaci&oacute;n y toda negaci&oacute;n, tienen por centro tu estado de &aacute;nimo? Podr&iacute;as replicar que aunque triste o alegre, un n&uacute;mero es siempre el mismo y que el sol es el sol, aunque no exista el ser humano.<br>\n\n\n\nYo te dir&eacute; que un n&uacute;mero es distinto a s&iacute; mismo seg&uacute;n tengas que dar o recibir, y que el sol ocupa m&aacute;s lugar en los seres humanos que en los cielos. El fulgor de una brizna encendida, o de una estrella, danza para tu ojo. As&iacute;, no hay luz sin ojo y si otro fuera el ojo distinto efecto tendr&iacute;a ese fulgor\".<br>\n\n\n\n<br>\n\n\n\nDesde la Paz que me han ayudado a encontrar, Fuerza y Alegr&iacute;a para todos.<br>\n\n\n\n<br>\n\n\n\nAna Luisa<br>\n\n\n\n<br>\n\n\n\nAprovecho para hacerles llegar un gran abrazo de Alejandro y Federico.<br>\n\n\n\n<br>\n\n\n\nMendoza, 21 de Septiembre, 2010.</p>\n      \n\n'),(417,'aText',NULL,'A los Parques reconocidos por Silo al 31 de julio de 2010'),(418,'aText',NULL,''),(419,'aText',NULL,'Untitled'),(420,'aText',NULL,''),(421,'aText',NULL,'untitled'),(422,'aText',NULL,''),(423,'aText',NULL,'Vuela hacia las estrellas el h&eacute;roe de esta edad'),(424,'aText',NULL,''),(425,'aRichText',NULL,'\n\n\n\n      <p>\n\n\n\nQueridos Amigos:<br>\n\n\n\n<br>\n\n\n\nEl Maestro ha partido hacia el espacio infinito, \"donde el tiempo es eterno y la profundidad insondable\".<br>\n\n\n\n<br>\n\n\n\nEl viernes 1&deg; de octubre a partir de las 19hs nos encontraremos en Parque La Reja para recordarlo juntos y esparcir las cenizas de su cuerpo. Las ceremonias ser&aacute;n alrededor de las 20hs.<br>\n\n\n\n<br>\n\n\n\n&iexcl;Paz en el coraz&oacute;n, Luz en el entendimiento!<br>\n\n\n\n<br>\n\n\n\nComisi&oacute;n de Parque La Reja</p>\n      \n\n'),(426,'aSlideshow',NULL,'a:1:{s:5:\"order\";a:1:{i:0;s:2:\"44\";}}'),(427,'aText',NULL,'Vuela hacia las estrellas el h&eacute;roe de esta edad'),(428,'aText',NULL,''),(429,'aText',NULL,'Untitled'),(430,'aText',NULL,''),(431,'aText',NULL,'untitled'),(432,'aText',NULL,''),(433,'aText',NULL,'Examen de Obras y Ascesis'),(434,'aText',NULL,''),(435,'aRichText',NULL,'\n\n\n\n      <p>\n\n\n\n\n\n\n\nQueridos Amigos de las Comisiones de PPDV, La Reja y Manantiales,<br>\n\n\n\n\n\n\n\n<br>\n\n\n\n\n\n\n\nAc&aacute; una breve nota para contarles que hay un equipo trabajando en un apunte sobre el Examen de Obras y el material sobre la Ascesis para ser entregado a todos los Maestros sin Ascesis, en forma conjunta despu&eacute;s de los ingresos a Escuela de la cuarta camada, el 8 de enero.<br>\n\n\n\n\n\n\n\n<br>\n\n\n\n\n\n\n\nLos tiempos para esos dos hitos fueron explicados por Silo en el video &ldquo;En qu&eacute; Estamos&rdquo;. Las fechas exactas que &eacute;l mencion&oacute; - el 4 de diciembre, la explicaci&oacute;n del Examen de Obras, y fines de enero para la entrega de la Ascesis - han cambiado; sin embargo, para seguir con los ritmos de tiempo mencionados, podemos pensar que el Examen de Obras podr&iacute;a ser explicado, a todos los Maestros presentes, inmediatamente despu&eacute;s de los ingresos, el 8 de enero, y dejar de 6 a 8 semanas para realizar otra reuni&oacute;n de un d&iacute;a, a fines de febrero, para entregar la Ascesis.<br>\n\n\n\n\n\n\n\n<br>\n\n\n\n\n\n\n\nEsperamos que esta informaci&oacute;n ayude para organizar nuestros calendarios y comunicarlos a los interesados.<br>\n\n\n\n\n\n\n\n<br>\n\n\n\n\n\n\n\nUn gran abrazo,<br>\n\n\n\n\n\n\n\nEduardo, Mariana, Marcos y Karen<br>\n\n\n\n\n\n\n\n13 de diciembre 2010<br>\n\n\n\n\n\n\n\n<br>\n\n\n\n\n\n\n\nPD: Lo anterior est&aacute; pensado para estos tres Parques, ya que los dem&aacute;s Parques son aut&oacute;nomos y, por lo tanto, lo podr&aacute;n tomar o no, seg&uacute;n les parezca.</p>\n      \n\n'),(436,'aText',NULL,'Examen de Obras y Ascesis'),(437,'aText',NULL,''),(438,'aText',NULL,'1era Camada'),(439,'aRichText',NULL,'\n\n\n\n      <p>\n</p>\n<h3>El Calendario de actividades conjuntas para el a&ntilde;o 2010 es el siguiente:</h3>\n<div><div>\n<div>Disciplina</div>\n<div><table><tbody>\n<tr>\n<td>Primera Cuaterna</td>\n<td>06/03/10</td>\n</tr>\n<tr>\n<td>Segunda Cuaterna</td>\n<td>17/04/10</td>\n</tr>\n<tr>\n<td>Tercera Cuaterna</td>\n<td>22/05/10</td>\n</tr>\n</tbody></table></div>\n</div></div>\n<p>\n&nbsp;</p>\n<h3>Tercera Reuni&oacute;n de Disc&iacute;pulos - 22 de Mayo de 2010 - Programa del D&iacute;a</h3>\n<div>\n<div>\n<div>8 hs.</div>\n<div>Registro de Asistencia &ndash; Pago de los costos de la reuni&oacute;n - Entrega de materiales.<br>\nTiempo estimado: 1 Hora&nbsp;<br>\nLugar: divisi&oacute;n en &aacute;mbitos por Disciplina&nbsp;<br>\n<ul>\n<li>\nDisciplina Material: Taller</li>\n<li>\nDisciplina Energ&eacute;tica: Multiuso</li>\n<li>\nDisciplina Mental: Centro de Estudio</li>\n<li>\nDisciplina Morfol&oacute;gica: Centro de Trabajo</li>\n</ul>\n</div>\n</div>\n<div>\n<div>9 hs.</div>\n<div>Inicio de video de la tercera cuaterna en &aacute;mbitos por Disciplina<br>\n<ul>\n<li>\nTaller</li>Disciplina Material - Tercera Cuaterna (Video)<br>\nTiempo estimado: 40 minutos<br>\n<br>\n<li>\nMultiuso</li>La Disciplina Energ&eacute;tica - Tercera Cuaterna (Video)<br>\nTiempo estimado: 30 minutos<br>\n<br>\n<li>\nCentro de Estudio</li>La Disciplina Mental - Tercera Cuaterna (Video)<br>\nTiempo estimado: 30 minutos<br>\n<br>\n<li>\nCentro de Trabajo</li>La Disciplina Morfol&oacute;gica - Tercera Cuaterna (Video)<br>\nTiempo estimado: 30 minutos<br>\n<br>\n\n</ul>\n</div>\n</div>\n<div>\n<div>10 hs.</div>\n<div>Intercambio e inicio de los Trabajos.<br>\n(Los grupos de intercambio pueden hacer uso de los distintos ambitos)<br>\nCaf&eacute; y galletas.</div>\n</div>\n<div>\n<div>13 hs.</div>\n<div>Almuerzo (provisto por los participantes). Caf&eacute;.</div>\n</div>\n<div>\n<div>17 hs.</div>\n<div>Caf&eacute; y galletas.</div>\n</div>\n<div>\n<div>20 hs.</div>\n<div>Fin de la jornada de Trabajo.</div>\n</div>\n</div>\n<p>\nAporte $80 por persona.</p>\n<p>\nInformaci&oacute;n: info@parquelareja.org</p>\n<p>\nPara reservar alojamiento en el C de T, realizarlo a trav&eacute;s de&nbsp;<a href=\"http://parquelareja.org/reserva.php\">Reserva</a>.</p>\n      \n\n'),(440,'aText',NULL,'2era Camada'),(441,'aText',NULL,'2era Camada'),(442,'aRichText',NULL,'\n\n\n\n      <p></p>\n<h3>El Calendario de actividades conjuntas para el a&ntilde;o 2010 es el siguiente:</h3>\n<div>\n<div>\n<div>Nivelaci&oacute;n</div>\n<div><table><tbody>\n<tr>\n<td>Primera Reuni&oacute;n</td>\n<td>20/03/10</td>\n</tr>\n<tr>\n<td>Segunda Reuni&oacute;n</td>\n<td>15/05/10</td>\n</tr>\n<tr>\n<td>Tercera Reuni&oacute;n</td>\n<td>03 y 04/07/10</td>\n</tr>\n</tbody></table></div>\n</div>\n<div>\n<div>Disciplina</div>\n<div><table><tbody>\n<tr>\n<td>Primera Cuaterna</td>\n<td>07/08/10</td>\n</tr>\n<tr>\n<td>Segunda Cuaterna</td>\n<td>18/09/10</td>\n</tr>\n<tr>\n<td>Tercera Cuaterna</td>\n<td>23/10/10</td>\n</tr>\n<tr>\n<td>Postulaciones e ingresos a Escuela</td>\n<td>04/12/2010</td>\n</tr>\n</tbody></table></div>\n</div>\n</div>\n<p>&nbsp;</p>\n<h3>Reuni&oacute;n de Postulaci&oacute;n e Ingreso a Escuela 4, 5 y 6 de diciembre 2010</h3>\n<div><div>El 4 de diciembre de 9hs a 10hs registro de asistencia.<br>A las 12 hs comenzaran las Ceremonias de Ingreso.<br><br>El 5 de diciembre desde las 10 hs Ceremonias de Ingreso.<br>A las 21hs. cena conjunta.<br><br>El 6 de diciembre desde las 12 horas encuentro conjunto.<br><br>Contribuci&oacute;n para la reuni&oacute;n: $260</div></div>\n<p>&nbsp;</p>\n<h3>Tercera Reuni&oacute;n de Disc&iacute;pulos - 23 de octubre de 2010</h3>\n<div>\n<div>\n<div>8.00 hs.</div>\n<div>Registro de Asistencia &ndash; Pago de los costos de la reuni&oacute;n &ndash; Entrega de Materiales<br>Tiempo estimado: 1 Hora. Lugar: divisi&oacute;n en &aacute;mbitos por Disciplina:<br><ul>\n<li>Disciplina Material: Taller</li>\n<li>Disciplina Energ&eacute;tica: Centro de Trabajo</li>\n<li>Disciplina Mental: Multiuso</li>\n<li>Disciplina Morfol&oacute;gica: Centro de Estudio</li>\n</ul>\n</div>\n</div>\n<div>\n<div>9.00 hs.</div>\n<div>Inicio de video de la Tercera Cuaterna en &aacute;mbitos por Disciplina<br><br>Taller<br>La Disciplina Material - Tercera Cuaterna (Video)<br>Tiempo estimado: 40 minutos<br><br>Centro de Trabajo<br>La Disciplina Energ&eacute;tica - Tercera Cuaterna (Video)<br>Tiempo estimado: 30 minutos<br><br>Multiuso<br>La Disciplina Mental - Tercera Cuaterna (Video)<br>Tiempo estimado: 30 minutos<br><br>Centro de Estudio<br>La Disciplina Morfol&oacute;gica - Tercera Cuaterna (Video)<br>Tiempo estimado: 30 minutos</div>\n</div>\n<div>\n<div>10.00 hs.</div>\n<div>Intercambio e inicio de los Trabajos. (Los grupos de intercambio pueden hacer<br>uso de los distintos &aacute;mbitos)<br>Caf&eacute; y galletas.</div>\n</div>\n<div>\n<div>13.00 hs.</div>\n<div>Almuerzo (provisto por los participantes). Caf&eacute;.</div>\n</div>\n<div>\n<div>17 hs.</div>\n<div>Caf&eacute; y galletas.</div>\n</div>\n<div>\n<div>20 hs.</div>\n<div>Limpieza y orden del &aacute;mbito<br>Fin de los trabajos.</div>\n</div>\n</div>\n<p>Contribuci&oacute;n a los gastos de la reuni&oacute;n $80.- por persona.&nbsp;<br><br>Informaci&oacute;n: info@parquelareja.org&nbsp;<br><br>Para reservas de alojamiento en el Parque dirigirse a&nbsp;<a href=\"http://parquelareja.org/reserva.php\">parquelareja.org: Reserva</a>.</p>\n<p>&nbsp;</p>\n      \n\n'),(443,'aText',NULL,'2da Camada'),(444,'aText',NULL,'4ta Camada'),(445,'aRichText',NULL,'\n\n\n\n      <p></p>\n<div><div><div><div>\n<h3>El Calendario de actividades conjuntas para el a&ntilde;o 2010 es el siguiente:</h3>\n<div>\n<div>\n<div>Proceso de Nivelaci&oacute;n</div>\n<div><table><tbody>\n<tr>\n<td>14/08/10</td>\n<td>Primera Reuni&oacute;n</td>\n</tr>\n<tr>\n<td>11/09/10</td>\n<td>Segunda Reuni&oacute;n</td>\n</tr>\n<tr>\n<td>09/10/10</td>\n<td>Tercera Reuni&oacute;n y Presentaci&oacute;n de Las Cuatro Disciplinas</td>\n</tr>\n</tbody></table></div>\n</div>\n<div>\n<div>Proceso Disciplinario</div>\n<div><table><tbody>\n<tr>\n<td>16/10/10</td>\n<td>Primera Cuaterna</td>\n</tr>\n<tr>\n<td>13/11/10</td>\n<td>Segunda Cuaterna</td>\n</tr>\n<tr>\n<td>11/12/10</td>\n<td>Tercera Cuaterna</td>\n</tr>\n<tr>\n<td>08/01/11</td>\n<td>Postulaciones e Ingresos a Escuela</td>\n</tr>\n</tbody></table></div>\n</div>\n</div>\n<p>&nbsp;</p>\n<h3>Tercera Reuni&oacute;n de Disc&iacute;pulos - 11 de diciembre de 2010</h3>\n<div>\n<div>\n<div>8.00 hs.</div>\n<div>Registro de Asistencia &ndash; Pago de los costos de la reuni&oacute;n &ndash; Entrega de Materiales<br>Tiempo estimado: 1 Hora. Lugar: divisi&oacute;n en &aacute;mbitos por Disciplina:<br><br>Disciplina Material: Taller<br><br>Disciplina Energ&eacute;tica: Centro de Trabajo<br><br>Disciplina Mental: Multiuso<br><br>Disciplina Morfol&oacute;gica: Centro de Estudio</div>\n</div>\n<div>\n<div>9.00 hs.</div>\n<div>Inicio de video de la segunda cuaterna en &aacute;mbitos por Disciplina<br><ul>\n<li>Taller<br>Disciplina Material - Tercera Cuaterna (Video)<br>Tiempo estimado: 40 minutos</li>\n<li>Centro de Trabajo<br>La Disciplina Energ&eacute;tica - Tercera Cuaterna (Video)<br>Tiempo estimado: 30 minutos</li>\n<li>Multiuso<br>La Disciplina Mental - Tercera Cuaterna (Video)<br>Tiempo estimado: 30 minutos</li>\n<li>Centro de Estudio<br>La Disciplina Morfol&oacute;gica - Tercera Cuaterna (Video)<br>Tiempo estimado: 30 minutos</li>\n</ul>Inicio de video de la Tercera Cuaterna en &aacute;mbitos por Disciplina</div>\n</div>\n<div>\n<div>10.00 hs.</div>\n<div>Intercambio e inicio de los Trabajos.<br>Caf&eacute; y galletas.</div>\n</div>\n<div>\n<div>13.00 hs.</div>\n<div>Almuerzo (provisto por los participantes). Caf&eacute;</div>\n</div>\n<div>\n<div>17.00 hs.</div>\n<div>Caf&eacute; y galletas</div>\n</div>\n<div>\n<div>19.30 hs.</div>\n<div>Limpieza y orden del &aacute;mbito</div>\n</div>\n<div>\n<div>20 hs.</div>\n<div>Fin de la jornada de Trabajo</div>\n</div>\n</div>\n<p><br><br>Aporte de la Reuni&oacute;n $60 por persona&nbsp;<br><br>Informaci&oacute;n: info@parquelareja.org&nbsp;<br><br>Para reservas de alojamiento en el Parque dirigirse a&nbsp;<a href=\"http://parquelareja.org/reserva.php\">parquelareja.org: Reserva</a>.<br>&nbsp;</p>\n<p>&nbsp;</p>\n</div></div></div></div>\n      \n\n'),(446,'aText',NULL,'Examen de Obras y Ascesis'),(447,'aText',NULL,''),(448,'aRichText',NULL,'\n\n\n\n      <p></p>\n<h3>Experiencias Guiadas (mp3 Espa&ntilde;ol)</h3>\n<ul>\n<li><a href=\"http://silo.net/Documentos-Postulantes/GuidedExperiencies-es/01-Relax-Externo.mp3\">Relax Externo</a></li>\n<li><a href=\"http://silo.net/Documentos-Postulantes/GuidedExperiencies-es/02-Relax-Interno.mp3\">Relax Interno</a></li>\n<li><a href=\"http://silo.net/Documentos-Postulantes/GuidedExperiencies-es/03-Relax-Mental.mp3\">Relax Mental</a></li>\n<li><a href=\"http://silo.net/Documentos-Postulantes/GuidedExperiencies-es/04-Experiencia-de-Paz.mp3\">Experiencia de Paz</a></li>\n<li><a href=\"http://silo.net/Documentos-Postulantes/GuidedExperiencies-es/05-Avances-y-Retrocesos.mp3\">Avances y Retrocesos</a></li>\n<li><a href=\"http://silo.net/Documentos-Postulantes/GuidedExperiencies-es/06-El-Ascenso.mp3\">El Ascenso</a></li>\n<li><a href=\"http://silo.net/Documentos-Postulantes/GuidedExperiencies-es/07-El-Descenso.mp3\">El Descenso</a></li>\n<li><a href=\"http://silo.net/Documentos-Postulantes/GuidedExperiencies-es/08-El-Trineo.mp3\">El Trineo</a></li>\n<li><a href=\"http://silo.net/Documentos-Postulantes/GuidedExperiencies-es/09-Los-Disfraces.mp3\">Los Disfraces</a></li>\n<li><a href=\"http://silo.net/Documentos-Postulantes/GuidedExperiencies-es/10-Las-Nubes.mp3\">Las Nubes</a></li>\n<li><a href=\"http://silo.net/Documentos-Postulantes/GuidedExperiencies-es/11-El-Animal.mp3\">El Animal</a></li>\n<li><a href=\"http://silo.net/Documentos-Postulantes/GuidedExperiencies-es/12-El-Enemigo.mp3\">El Enemigo</a></li>\n<li><a href=\"http://silo.net/Documentos-Postulantes/GuidedExperiencies-es/13-El-nino.mp3\">El Ni&ntilde;o</a></li>\n<li><a href=\"http://silo.net/Documentos-Postulantes/GuidedExperiencies-es/14-La-Nostalgia.mp3\">La Nostalgia</a></li>\n<li><a href=\"http://silo.net/Documentos-Postulantes/GuidedExperiencies-es/15-La-Pareja-Ideal.mp3\">La Pareja Ideal</a></li>\n<li><a href=\"http://silo.net/Documentos-Postulantes/GuidedExperiencies-es/16-El-Festival.mp3\">El Festival</a></li>\n<li><a href=\"http://silo.net/Documentos-Postulantes/GuidedExperiencies-es/17-El-Viaje.mp3\">El Viaje</a></li>\n<li><a href=\"http://silo.net/Documentos-Postulantes/GuidedExperiencies-es/18-La-Repeticion.mp3\">La Repetici&oacute;n</a></li>\n<li><a href=\"http://silo.net/Documentos-Postulantes/GuidedExperiencies-es/19-Las-Falsas-Esperanzas.mp3\">Las Falsas Esperanzas</a></li>\n<li><a href=\"http://silo.net/Documentos-Postulantes/GuidedExperiencies-es/20-El-Minero.mp3\">El Minero</a></li>\n<li><a href=\"http://silo.net/Documentos-Postulantes/GuidedExperiencies-es/21-El-Deshollinador.mp3\">El Deshollinador</a></li>\n<li><a href=\"http://silo.net/Documentos-Postulantes/GuidedExperiencies-es/22-El-Gran-Error.mp3\">El Gran Error</a></li>\n<li><a href=\"http://silo.net/Documentos-Postulantes/GuidedExperiencies-es/23-La-Accion-Salvadora.mp3\">La Acci&oacute;n Salvadora</a></li>\n<li><a href=\"http://silo.net/Documentos-Postulantes/GuidedExperiencies-es/24-El-Resentimiento.mp3\">El Resentimiento</a></li>\n<li><a href=\"http://silo.net/Documentos-Postulantes/GuidedExperiencies-es/25-La-Protectora-de-la-Vida.mp3\">La Protectora de la Vida</a></li>\n<li><a href=\"http://silo.net/Documentos-Postulantes/GuidedExperiencies-es/26-La-Muerte.mp3\">La Muerte</a></li>\n<li><a href=\"http://silo.net/Documentos-Postulantes/GuidedExperiencies-es/27-La-Agonia.mp3\">La Agon&iacute;a</a></li>\n<li><a href=\"http://silo.net/Documentos-Postulantes/GuidedExperiencies-es/28-Configuracion-Guia-Interno.mp3\">La Configuraci&oacute;n del Gu&iacute;a Interno</a></li>\n<li><a href=\"http://silo.net/Documentos-Postulantes/GuidedExperiencies-es/29-Guia-Desorientacion.mp3\">La Desorientaci&oacute;n y el Gu&iacute;a Interno</a></li>\n<li><a href=\"http://silo.net/Documentos-Postulantes/GuidedExperiencies-es/30-Guia-Perturbacion.mp3\">La Perturbaci&oacute;n y el Gu&iacute;a Interno</a></li>\n</ul>\n\n\n'),(449,'aRichText',NULL,'\n\n\n\n      <p></p>\n<h3>Otros Materiales</h3>\n<ul><li><a href=\"http://silo.net/\">Visite silo.net para ver otros materiales</a></li></ul>\n\n\n'),(450,'aRichText',NULL,'\n\n\n\n      <p></p>\n<h3>Conferencia sobre Experiencias Guiadas</h3>\n<ul>\n<li><a href=\"http://silo.net/Documentos-Postulantes/Silo_ExperienciasGuiadas_AteneoMadrid_3_11_1989.doc\">Conferencia de Experiencias Guiadas (62K)</a></li>\n<li><a href=\"http://silo.net/Documentos-Postulantes/Silo_ExperienciasGuiadas_AteneoMadrid_3_11_1989-en.doc\">Conference on Guided Experiences (75K)</a></li>\n<li><a href=\"http://silo.net/Documentos-Postulantes/Silo_ExperienciasGuiadas_AteneoMadrid_3_11_1989-fr.doc\">Conf&eacute;rence sur les Exp&eacute;riences guid&eacute;es (66K)</a></li>\n<li><a href=\"http://silo.net/Documentos-Postulantes/Silo_ExperienciasGuiadas_AteneoMadrid_3_11_1989-pt.doc\">Aprecenta&ccedil;&atilde;o de Experiencias Guiadas (59K)</a></li>\n<li><a href=\"http://silo.net/Documentos-Postulantes/Silo_ExperienciasGuiadas_AteneoMadrid_3_11_1989.wmv\">Conferencia de Experiencias Guiadas (Video, 136.8MB)</a></li>\n<li><a href=\"http://silo.net/Documentos-Postulantes/Silo_ExperienciasGuiadas_AteneoMadrid_3_11_1989.mp3\">Conferencia de Experiencias Guiadas (Audio, 41.0MB)</a></li>\n</ul>\n\n\n'),(451,'aRichText',NULL,'\n\n\n\n      <p></p>\n<h3>Punto de vista, descripci&oacute;n, resumen y s&iacute;ntesis</h3>\n<ul>\n<li><a href=\"http://silo.net/Documentos-Postulantes/PuntodeVistaDescripcionResumenSintesis.doc\">Punto de vista, descripci&oacute;n, resumen y s&iacute;ntesis</a></li>\n<li><a href=\"http://silo.net/Documentos-Postulantes/PuntodeVistaDescripcionResumenSintesis-en.doc\">Point of View, Description, Summary and Synthesis</a></li>\n<li><a href=\"http://silo.net/Documentos-Postulantes/PuntodeVistaDescripcionResumenSintesis-fr.doc\">Point de vue, description, r&eacute;sum&eacute; et synth&egrave;se</a></li>\n<li><a href=\"http://silo.net/Documentos-Postulantes/PuntodeVistaDescripcionResumenSintesis-it.doc\">Punto di vista, Decrizione, Riassunto e Sintesi</a></li>\n<li><a href=\"http://silo.net/Documentos-Postulantes/PuntodeVistaDescripcionResumenSintesis-pt.doc\">Ponto de vista, descri&ccedil;&atilde;o, resumo e s&iacute;ntese</a></li>\n</ul>\n\n\n'),(452,'aRichText',NULL,'\n\n\n\n      <p>\n</p>\n<h3>Alicia Ordo&ntilde;ez</h3>\n<ul><li>\n<a href=\"http://parquelareja.org/docs/el-oscurecimiento-del-ser-en-occidente.pdf\">El Oscurecimiento del Ser en Occidente</a></li></ul>\n<h3>Jano Arrechea</h3>\n<ul><li>\n<a href=\"http://parquelareja.org/docs/el-campo-de-copresencia-en-la-estructura-conciencia-mundo.pdf\">El campo de copresencia en la estructura conciencia-mundo</a></li></ul>\n<h3>Luis Milani</h3>\n<ul><li>\n<a href=\"http://parquelareja.org/docs/conciencia-inspirada-y-momentos-de-convergencia.pdf\">Conciencia inspirada y momentos de convergencia sicosocial</a></li></ul>\n<h3>Victor Piccinini</h3>\n<ul><li>\n<a href=\"http://parquelareja.org/docs/el-transcurrir.pdf\">El Transcurrir</a></li></ul>\n\n\n'),(453,'aRichText',NULL,'\n\n\n\n      <p>\n&nbsp;</p> <h3>Alicia Ordo&ntilde;ez</h3> <ul><li>\n<a href=\"http://parquelareja.cooph.com.ar/uploads/media_items/el-oscurecimiento-del-ser-en-occidente.original.pdf\">El Oscurecimiento del Ser en Occidente</a></li></ul>\n<h3>Jano Arrechea</h3> <ul><li>\n<a href=\"http://parquelareja.cooph.com.ar/uploads/media_items/el-campo-de-copresencia-en-la-estructura-conciencia-mundo.original.pdf\">El campo de copresencia en la estructura conciencia-mundo</a></li></ul>\n<h3>Luis Milani</h3> <ul><li>\n<a href=\"http://parquelareja.org/docs/conciencia-inspirada-y-momentos-de-convergencia.pdf\">Conciencia inspirada y momentos de convergencia sicosocial</a></li></ul>\n<h3>Victor Piccinini</h3> <ul><li>\n<a href=\"http://parquelareja.cooph.com.ar/uploads/media_items/el-transcurrir.original.pdf\">El Transcurrir</a></li></ul>\n\n\n'),(454,'aRichText',NULL,'\n\n\n\n      <p>\n&nbsp;</p> <h3>Alicia Ordo&ntilde;ez</h3> <ul><li>\n<a href=\"http://parquelareja.cooph.com.ar/uploads/media_items/el-oscurecimiento-del-ser-en-occidente.original.pdf\">El Oscurecimiento del Ser en Occidente</a></li></ul>\n<h3>Jano Arrechea</h3> <ul><li>\n<a href=\"http://parquelareja.cooph.com.ar/uploads/media_items/el-campo-de-copresencia-en-la-estructura-conciencia-mundo.original.pdf\">El campo de copresencia en la estructura conciencia-mundo</a></li></ul>\n<h3>Luis Milani</h3> <ul><li>\n<a href=\"http://parquelareja.org/docs/conciencia-inspirada-y-momentos-de-convergencia.pdf\">Conciencia inspirada y momentos de convergencia sicosocial</a></li></ul>\n<h3>Victor Piccinini</h3> <ul><li>\n<a href=\"http://parquelareja.cooph.com.ar/uploads/media_items/el-transcurrir.original.pdf\">El Transcurrir</a></li></ul>\n\n\n'),(455,'aRichText',NULL,'\n\n\n\n      <p>\n&nbsp;</p> <h3>Alicia Ordo&ntilde;ez</h3> <ul><li>\n<a href=\"http://parquelareja.cooph.com.ar/uploads/media_items/el-oscurecimiento-del-ser-en-occidente.original.pdf\">El Oscurecimiento del Ser en Occidente</a></li></ul>\n<h3>Jano Arrechea</h3> <ul><li>\n<a href=\"http://parquelareja.cooph.com.ar/uploads/media_items/el-campo-de-copresencia-en-la-estructura-conciencia-mundo.original.pdf\">El campo de copresencia en la estructura conciencia-mundo</a></li></ul>\n<h3>Luis Milani</h3> <ul><li>\n<a href=\"http://parquelareja.cooph.com.ar/uploads/media_items/conciencia-inspirada.original.pdf\">Conciencia inspirada y momentos de convergencia sicosocial</a></li></ul>\n<h3>Victor Piccinini</h3> <ul><li>\n<a href=\"http://parquelareja.cooph.com.ar/uploads/media_items/el-transcurrir.original.pdf\">El Transcurrir</a></li></ul>\n\n\n'),(456,'aText',NULL,'Inicio'),(457,'aText',NULL,'Untitled'),(458,'aText',NULL,''),(459,'aText',NULL,'untitled'),(460,'aText',NULL,''),(461,'aText',NULL,'jhgjhg'),(462,'aText',NULL,''),(463,'aText',NULL,'jhgjhg'),(464,'aText',NULL,''),(465,'aSlideshow',NULL,'a:1:{s:5:\"order\";a:1:{i:0;s:1:\"7\";}}'),(466,'aText',NULL,'Untitled'),(467,'aText',NULL,''),(468,'aText',NULL,'untitled'),(469,'aText',NULL,''),(470,'aText',NULL,'qewr'),(471,'aText',NULL,''),(472,'aText',NULL,'qewr'),(473,'aText',NULL,''),(474,'aSlideshow',NULL,'a:1:{s:5:\"order\";a:2:{i:0;s:1:\"7\";i:1;s:1:\"4\";}}'),(475,'aButton',NULL,NULL),(476,'aImage',NULL,NULL),(477,'aRichText',NULL,'\n\n\n\n      <h3>&nbsp;Como llegar</h3>\n      \n\n'),(478,'aRichText',NULL,'\n\n\n\n      <h3>&nbsp;Como llegar?</h3>\n      \n\n'),(479,'aText',NULL,'Untitled'),(480,'aText',NULL,''),(481,'aText',NULL,'untitled'),(482,'aText',NULL,''),(483,'aText',NULL,'Reuni&oacute;n de Postulaci&oacute;n e Ingreso a Escuela 8 y 9 de enero 2011. '),(484,'aText',NULL,''),(485,'aRichText',NULL,'\n\n\n\n      <p>\n\n\n\n\n\n\n\n\n\n\n\n<i>8 de enero, registro de asistencia, solamente de 8 hs a 10 hs.<br>\n\n\n\n\n\n\n\n\n\n\n\nTerminada la  registraci&ograve;n de Postulantes y Maestros comenzaran las Ceremonias de Ingreso a  Escuela.<br>\n\n\n\n\n\n\n\n\n\n\n\n</i><i>A las 22hs. cena conjunta.</i><br>\n\n\n\n\n\n\n\n\n\n\n\n<br>\n\n\n\n\n\n\n\n\n\n\n\n<i>9 de enero desde las  12 hs Reuni&oacute;n de Escuela. <br>\n\n\n\n\n\n\n\n\n\n\n\n<br>\n\n\n\n\n\n\n\n\n\n\n\nContribuci&oacute;n para la reuni&oacute;n: $200<br>\n\n\n\n\n\n\n\n\n\n\n\n</i></p>\n      \n\n'),(486,'aText',NULL,'Reuni&oacute;n de Postulaci&oacute;n e Ingreso a Escuela 8 y 9 de enero 2011. '),(487,'aText',NULL,'comunicados de escuela '),(488,'aText',NULL,'Reuni&oacute;n de Postulaci&oacute;n e Ingreso a Escuela 8 y 9 de enero 2011. '),(489,'aText',NULL,'comunicados de escuela '),(490,'aText',NULL,'Reuni&oacute;n de Postulaci&oacute;n e Ingreso a Escuela 8 y 9 de enero 2011. '),(491,'aText',NULL,'comunicados de escuela '),(492,'aBlogSingle',NULL,'a:2:{s:9:\"blog_item\";s:2:\"21\";s:6:\"search\";s:77:\"Reuni&oacute;n de Postulaci&oacute;n e Ingreso a Escuela 8 y 9 de enero 2011.\";}'),(493,'fSnapShot',NULL,'a:4:{s:3:\"url\";N;s:5:\"title\";s:20:\"El Centro de Estudio\";s:4:\"text\";s:119:\"Ámbito donde se desarrollan los trabajos de Escuela, donde maestros y discípulos realizan sus prácticas y estudios. \";s:5:\"align\";s:4:\"left\";}'),(494,'fSnapShot',NULL,'a:4:{s:3:\"url\";N;s:5:\"title\";s:34:\"La Estela o Muro de Reconocimiento\";s:4:\"text\";s:319:\"Están en ella grabados los nombres de todos quienes contribuyeron a la construcción del Parque, del mismo modo en que las antiguas estelas mesopotámicas, egipcias, sumerias o mayas, esculpidas en piedra, dejaban testimonios de los acontecimientos o hechos significativos que sucedieron al momento de ser construidas.\";s:5:\"align\";s:4:\"left\";}'),(495,'fSnapShot',NULL,'a:4:{s:3:\"url\";N;s:5:\"title\";s:9:\"El Portal\";s:4:\"text\";s:169:\"Marca el límite entre la externalidad del mundo y la interioridad del ser humano, buscando producir un cambio en el estado interno de todo aquel que entra a este lugar.\";s:5:\"align\";s:4:\"left\";}'),(496,'aRichText',NULL,'\n\n\n\n      <p>\n&nbsp;</p> <h3>El Calendario de actividades conjuntas para el a&ntilde;o 2010 es el siguiente:</h3> <div><div>\n<div>Disciplina</div> <div><table><tbody>\n<tr>\n<td>Primera Cuaterna</td>             <td>06/03/10</td>         </tr>\n<tr>\n<td>Segunda Cuaterna</td>             <td>17/04/10</td>         </tr>\n<tr>\n<td>Tercera Cuaterna</td>             <td>22/05/10</td>         </tr>\n</tbody></table></div>\n</div></div> <p>\n&nbsp;</p> <h3>Tercera Reuni&oacute;n de Disc&iacute;pulos - 22 de Mayo de 2010 - Programa del D&iacute;a</h3>\n<table><tbody>\n<tr>\n<td>8 hs.</td>\n<td>\n<div><div>Registro de Asistencia &ndash; Pago de los costos de la reuni&oacute;n - Entrega de materiales.<br>\nTiempo estimado: 1 Hora&nbsp;<br>\nLugar: divisi&oacute;n en &aacute;mbitos por Disciplina&nbsp;<br>\n<ul>\n<li>\nDisciplina Material: Taller</li>\n<li>\nDisciplina Energ&eacute;tica: Multiuso</li>\n<li>\nDisciplina Mental: Centro de Estudio</li>\n<li>\nDisciplina Morfol&oacute;gica: Centro de Trabajo</li>\n</ul>\n</div></div>\n<div>&nbsp;</div>\n</td>\n</tr>\n<tr>\n<td>&nbsp;</td>\n<td>&nbsp;</td>\n</tr>\n<tr>\n<td>&nbsp;</td>\n<td>&nbsp;</td>\n</tr>\n</tbody></table>\n<p>\n&nbsp;</p> <div>\n<div>\n<div>&nbsp;</div> <div>9 hs.</div>\n</div>\n<div><div>Inicio de video de la tercera cuaterna en &aacute;mbitos por Disciplina<br>\n<ul>\n<li>\nTaller</li>     Disciplina Material - Tercera Cuaterna (Video)<br>\n     Tiempo estimado: 40 minutos<br>\n<br>\n<li>\nMultiuso</li>     La Disciplina Energ&eacute;tica - Tercera Cuaterna (Video)<br>\n     Tiempo estimado: 30 minutos<br>\n<br>\n<li>\nCentro de Estudio</li>     La Disciplina Mental - Tercera Cuaterna (Video)<br>\n     Tiempo estimado: 30 minutos<br>\n<br>\n<li>\nCentro de Trabajo</li>     La Disciplina Morfol&oacute;gica - Tercera Cuaterna (Video)<br>\n     Tiempo estimado: 30 minutos<br>\n<br>\n\n</ul>\n</div></div> <div>\n<div>10 hs.</div> <div>Intercambio e inicio de los Trabajos.<br>\n (Los grupos de intercambio pueden hacer uso de los distintos ambitos)<br>\n Caf&eacute; y galletas.</div>\n</div> <div>\n<div>13 hs.</div> <div>Almuerzo (provisto por los participantes). Caf&eacute;.</div>\n</div> <div>\n<div>17 hs.</div> <div>Caf&eacute; y galletas.</div>\n</div> <div>\n<div>20 hs.</div> <div>Fin de la jornada de Trabajo.</div>\n</div>\n</div> <p>\nAporte $80 por persona.</p> <p>\nInformaci&oacute;n: info@parquelareja.org</p> <p>\nPara reservar alojamiento en el C de T, realizarlo a trav&eacute;s de&nbsp;<a href=\"http://parquelareja.org/reserva.php\">Reserva</a>.</p>\n      \n\n'),(497,'aRichText',NULL,'\n\n\n\n      <p>\n&nbsp;</p> <h4>El Calendario de actividades conjuntas para el a&ntilde;o 2010 es el siguiente:</h4> <div><div>\n<h5>Disciplina</h5> <div><table><tbody>\n<tr>\n<td>Primera Cuaterna</td>             <td>06/03/10</td>         </tr>\n<tr>\n<td>Segunda Cuaterna</td>             <td>17/04/10</td>         </tr>\n<tr>\n<td>Tercera Cuaterna</td>             <td>22/05/10</td>         </tr>\n</tbody></table></div>\n</div></div> <p>\n&nbsp;</p> <h3>Tercera Reuni&oacute;n de Disc&iacute;pulos - 22 de Mayo de 2010 - Programa del D&iacute;a</h3> <table><tbody>\n<tr>\n<td>8 hs.</td> <td>\n<div><div>Registro de Asistencia &ndash; Pago de los costos de la reuni&oacute;n - Entrega de materiales.<br>\n  Tiempo estimado: 1 Hora&nbsp;<br>\n  Lugar: divisi&oacute;n en &aacute;mbitos por Disciplina&nbsp;<br>\n<ul>\n<li>\nDisciplina Material: Taller</li> <li>\nDisciplina Energ&eacute;tica: Multiuso</li> <li>\nDisciplina Mental: Centro de Estudio</li> <li>\nDisciplina Morfol&oacute;gica: Centro de Trabajo</li> </ul>\n</div></div> <div>&nbsp;</div>\n</td> </tr>\n<tr>\n<td>&nbsp;</td> <td>&nbsp;</td> </tr>\n<tr>\n<td>&nbsp;</td> <td>&nbsp;</td> </tr>\n</tbody></table>\n<p>\n&nbsp;</p> <div>\n<div>\n<div>&nbsp;</div> <div>9 hs.</div>\n</div> <div><div>Inicio de video de la tercera cuaterna en &aacute;mbitos por Disciplina<br>\n<ul>\n<li>\nTaller</li>     Disciplina Material - Tercera Cuaterna (Video)<br>\n       Tiempo estimado: 40 minutos<br>\n<br>\n<li>\nMultiuso</li>     La Disciplina Energ&eacute;tica - Tercera Cuaterna (Video)<br>\n       Tiempo estimado: 30 minutos<br>\n<br>\n<li>\nCentro de Estudio</li>     La Disciplina Mental - Tercera Cuaterna (Video)<br>\n       Tiempo estimado: 30 minutos<br>\n<br>\n<li>\nCentro de Trabajo</li>     La Disciplina Morfol&oacute;gica - Tercera Cuaterna (Video)<br>\n       Tiempo estimado: 30 minutos<br>\n<br>\n\n</ul>\n</div></div> <div>\n<div>10 hs.</div> <div>Intercambio e inicio de los Trabajos.<br>\n   (Los grupos de intercambio pueden hacer uso de los distintos ambitos)<br>\n   Caf&eacute; y galletas.</div>\n</div> <div>\n<div>13 hs.</div> <div>Almuerzo (provisto por los participantes). Caf&eacute;.</div>\n</div> <div>\n<div>17 hs.</div> <div>Caf&eacute; y galletas.</div>\n</div> <div>\n<div>20 hs.</div> <div>Fin de la jornada de Trabajo.</div>\n</div>\n</div> <p>\nAporte $80 por persona.</p> <p>\nInformaci&oacute;n: info@parquelareja.org</p> <p>\nPara reservar alojamiento en el C de T, realizarlo a trav&eacute;s de&nbsp;<a href=\"http://parquelareja.org/reserva.php\">Reserva</a>.</p>\n      \n\n'),(498,'aRichText',NULL,'\n\n\n\n      <p>\n&nbsp;</p> <h4>El Calendario de actividades conjuntas para el a&ntilde;o 2010 es el siguiente:</h4>\n<div><div><div><table><tbody>\n<tr>\n<td>Primera Cuaterna</td>             <td>06/03/10</td>         </tr>\n<tr>\n<td>Segunda Cuaterna</td>             <td>17/04/10</td>         </tr>\n<tr>\n<td>Tercera Cuaterna</td>             <td>22/05/10</td>         </tr>\n</tbody></table></div></div></div> <p>\n&nbsp;</p> <h3>Tercera Reuni&oacute;n de Disc&iacute;pulos - 22 de Mayo de 2010 - Programa del D&iacute;a</h3> <table><tbody>\n<tr>\n<td>8 hs.</td> <td>\n<div><div>Registro de Asistencia &ndash; Pago de los costos de la reuni&oacute;n - Entrega de materiales.<br>\n    Tiempo estimado: 1 Hora&nbsp;<br>\n    Lugar: divisi&oacute;n en &aacute;mbitos por Disciplina&nbsp;<br>\n<ul>\n<li>\nDisciplina Material: Taller</li> <li>\nDisciplina Energ&eacute;tica: Multiuso</li> <li>\nDisciplina Mental: Centro de Estudio</li> <li>\nDisciplina Morfol&oacute;gica: Centro de Trabajo</li> </ul>\n</div></div> <div>&nbsp;</div>\n</td> </tr>\n<tr>\n<td>&nbsp;</td> <td>&nbsp;</td> </tr>\n<tr>\n<td>&nbsp;</td> <td>&nbsp;</td> </tr>\n</tbody></table>\n<p>\n&nbsp;</p> <div>\n<div>\n<div>&nbsp;</div> <div>9 hs.</div>\n</div> <div><div>Inicio de video de la tercera cuaterna en &aacute;mbitos por Disciplina<br>\n<ul>\n<li>\nTaller</li>     Disciplina Material - Tercera Cuaterna (Video)<br>\n         Tiempo estimado: 40 minutos<br>\n<br>\n<li>\nMultiuso</li>     La Disciplina Energ&eacute;tica - Tercera Cuaterna (Video)<br>\n         Tiempo estimado: 30 minutos<br>\n<br>\n<li>\nCentro de Estudio</li>     La Disciplina Mental - Tercera Cuaterna (Video)<br>\n         Tiempo estimado: 30 minutos<br>\n<br>\n<li>\nCentro de Trabajo</li>     La Disciplina Morfol&oacute;gica - Tercera Cuaterna (Video)<br>\n         Tiempo estimado: 30 minutos<br>\n<br>\n\n</ul>\n</div></div> <div>\n<div>10 hs.</div> <div>Intercambio e inicio de los Trabajos.<br>\n     (Los grupos de intercambio pueden hacer uso de los distintos ambitos)<br>\n     Caf&eacute; y galletas.</div>\n</div> <div>\n<div>13 hs.</div> <div>Almuerzo (provisto por los participantes). Caf&eacute;.</div>\n</div> <div>\n<div>17 hs.</div> <div>Caf&eacute; y galletas.</div>\n</div> <div>\n<div>20 hs.</div> <div>Fin de la jornada de Trabajo.</div>\n</div>\n</div> <p>\nAporte $80 por persona.</p> <p>\nInformaci&oacute;n: info@parquelareja.org</p> <p>\nPara reservar alojamiento en el C de T, realizarlo a trav&eacute;s de&nbsp;<a href=\"http://parquelareja.org/reserva.php\">Reserva</a>.</p>\n      \n\n'),(499,'aRichText',NULL,'\n\n\n\n      <p>\n&nbsp;</p>\n<h4>El Calendario de actividades conjuntas para el a&ntilde;o 2010 es el siguiente:</h4>\n\n<table><tbody>\n<tr>\n<td>Primera Cuaterna</td>\n            <td>06/03/10</td>\n        </tr>\n<tr>\n<td>Segunda Cuaterna</td>\n            <td>17/04/10</td>\n        </tr>\n<tr>\n<td>Tercera Cuaterna</td>\n            <td>22/05/10</td>\n        </tr>\n</tbody></table>\n<h3>Tercera Reuni&oacute;n de Disc&iacute;pulos - 22 de Mayo de 2010 - Programa del D&iacute;a</h3>\n<table><tbody>\n<tr>\n<td>8 hs.</td>\n            <td>\n            <div>\n            <div>Registro de Asistencia &ndash; Pago de los costos de la reuni&oacute;n - Entrega de materiales.<br>\n\n            Tiempo estimado: 1 Hora&nbsp;<br>\n\n            Lugar: divisi&oacute;n en &aacute;mbitos por Disciplina&nbsp;<br>\n<ul>\n<li>\nDisciplina Material: Taller</li>\n                <li>\nDisciplina Energ&eacute;tica: Multiuso</li>\n                <li>\nDisciplina Mental: Centro de Estudio</li>\n                <li>\nDisciplina Morfol&oacute;gica: Centro de Trabajo</li>\n            </ul>\n</div>\n            </div>\n            <div>&nbsp;</div>\n            </td>\n        </tr>\n<tr>\n<td>&nbsp;</td>\n            <td>&nbsp;</td>\n        </tr>\n<tr>\n<td>&nbsp;</td>\n            <td>&nbsp;</td>\n        </tr>\n</tbody></table>\n<p>\n&nbsp;</p>\n<div>\n<div>\n<div>&nbsp;</div>\n<div>9 hs.</div>\n</div>\n<div>\n<div>Inicio de video de la tercera cuaterna en &aacute;mbitos por Disciplina<br>\n<ul>\n<li>\nTaller</li>\n    Disciplina Material - Tercera Cuaterna (Video)<br>\n\n    Tiempo estimado: 40 minutos<br>\n<br>\n<li>\nMultiuso</li>\n    La Disciplina Energ&eacute;tica - Tercera Cuaterna (Video)<br>\n\n    Tiempo estimado: 30 minutos<br>\n<br>\n<li>\nCentro de Estudio</li>\n    La Disciplina Mental - Tercera Cuaterna (Video)<br>\n\n    Tiempo estimado: 30 minutos<br>\n<br>\n<li>\nCentro de Trabajo</li>\n    La Disciplina Morfol&oacute;gica - Tercera Cuaterna (Video)<br>\n\n    Tiempo estimado: 30 minutos<br>\n<br>\n\n</ul>\n</div>\n</div>\n<div>\n<div>10 hs.</div>\n<div>Intercambio e inicio de los Trabajos.<br>\n\n(Los grupos de intercambio pueden hacer uso de los distintos ambitos)<br>\n\nCaf&eacute; y galletas.</div>\n</div>\n<div>\n<div>13 hs.</div>\n<div>Almuerzo (provisto por los participantes). Caf&eacute;.</div>\n</div>\n<div>\n<div>17 hs.</div>\n<div>Caf&eacute; y galletas.</div>\n</div>\n<div>\n<div>20 hs.</div>\n<div>Fin de la jornada de Trabajo.</div>\n</div>\n</div>\n<p>\nAporte $80 por persona.</p>\n<p>\nInformaci&oacute;n: info@parquelareja.org</p>\n<p>\nPara reservar alojamiento en el C de T, realizarlo a trav&eacute;s de&nbsp;<a href=\"http://parquelareja.org/reserva.php\">Reserva</a>.</p>\n      \n\n'),(500,'aRichText',NULL,'\n\n\n\n      <p>\n&nbsp;</p> <h4>El Calendario de actividades conjuntas para el a&ntilde;o 2010 es el siguiente:</h4>  <table><tbody>\n<tr>\n<td>Primera Cuaterna</td>             <td>06/03/10</td>         </tr>\n<tr>\n<td>Segunda Cuaterna</td>             <td>17/04/10</td>         </tr>\n<tr>\n<td>Tercera Cuaterna</td>             <td>22/05/10</td>         </tr>\n</tbody></table>\n<h3>&nbsp;</h3>\n      \n\n'),(501,'aRichText',NULL,'\n\n\n\n      <p>\n&nbsp;</p>\n<h3>Tercera Reuni&oacute;n de Disc&iacute;pulos - 22 de Mayo de 2010 - Programa del D&iacute;a</h3>\n<table><tbody>\n<tr>\n<td>8 hs.</td>\n<td>\n<div><div>Registro de Asistencia &ndash; Pago de los costos de la reuni&oacute;n - Entrega de materiales.<br>\nTiempo estimado: 1 Hora&nbsp;<br>\nLugar: divisi&oacute;n en &aacute;mbitos por Disciplina&nbsp;<br>\n<ul>\n<li>\nDisciplina Material: Taller</li>\n<li>\nDisciplina Energ&eacute;tica: Multiuso</li>\n<li>\nDisciplina Mental: Centro de Estudio</li>\n<li>\nDisciplina Morfol&oacute;gica: Centro de Trabajo</li>\n</ul>\n</div></div>\n<div>&nbsp;</div>\n</td>\n</tr>\n<tr>\n<td>&nbsp;</td>\n<td>&nbsp;</td>\n</tr>\n<tr>\n<td>&nbsp;</td>\n<td>&nbsp;</td>\n</tr>\n</tbody></table>\n<p>\n&nbsp;</p>\n<div>\n<div>\n<div>&nbsp;</div>\n<div>9 hs.</div>\n</div>\n<div><div>Inicio de video de la tercera cuaterna en &aacute;mbitos por Disciplina<br>\n<ul>\n<li>\nTaller</li>Disciplina Material - Tercera Cuaterna (Video)<br>\nTiempo estimado: 40 minutos<br>\n<br>\n<li>\nMultiuso</li>La Disciplina Energ&eacute;tica - Tercera Cuaterna (Video)<br>\nTiempo estimado: 30 minutos<br>\n<br>\n<li>\nCentro de Estudio</li>La Disciplina Mental - Tercera Cuaterna (Video)<br>\nTiempo estimado: 30 minutos<br>\n<br>\n<li>\nCentro de Trabajo</li>La Disciplina Morfol&oacute;gica - Tercera Cuaterna (Video)<br>\nTiempo estimado: 30 minutos<br>\n<br>\n\n</ul>\n</div></div>\n<div>\n<div>10 hs.</div>\n<div>Intercambio e inicio de los Trabajos.<br>\n(Los grupos de intercambio pueden hacer uso de los distintos ambitos)<br>\nCaf&eacute; y galletas.</div>\n</div>\n<div>\n<div>13 hs.</div>\n<div>Almuerzo (provisto por los participantes). Caf&eacute;.</div>\n</div>\n<div>\n<div>17 hs.</div>\n<div>Caf&eacute; y galletas.</div>\n</div>\n<div>\n<div>20 hs.</div>\n<div>Fin de la jornada de Trabajo.</div>\n</div>\n</div>\n<p>\nAporte $80 por persona.</p>\n<p>\nInformaci&oacute;n: info@parquelareja.org</p>\n<p>\nPara reservar alojamiento en el C de T, realizarlo a trav&eacute;s de&nbsp;<a href=\"http://parquelareja.org/reserva.php\">Reserva</a>.</p>\n      \n\n'),(502,'aRichText',NULL,'\n\n\n\n      <p>\n&nbsp;</p> <h5>Tercera Reuni&oacute;n de Disc&iacute;pulos - 22 de Mayo de 2010 - Programa del D&iacute;a</h5> <table><tbody>\n<tr>\n<td>8 hs.</td> <td>\n<div><div>Registro de Asistencia &ndash; Pago de los costos de la reuni&oacute;n - Entrega de materiales.<br>\n  Tiempo estimado: 1 Hora&nbsp;<br>\n  Lugar: divisi&oacute;n en &aacute;mbitos por Disciplina&nbsp;<br>\n<ul>\n<li>\nDisciplina Material: Taller</li> <li>\nDisciplina Energ&eacute;tica: Multiuso</li> <li>\nDisciplina Mental: Centro de Estudio</li> <li>\nDisciplina Morfol&oacute;gica: Centro de Trabajo</li> </ul>\n</div></div> <div>&nbsp;</div>\n</td> </tr>\n<tr>\n<td>&nbsp;</td> <td>&nbsp;</td> </tr>\n<tr>\n<td>&nbsp;</td> <td>&nbsp;</td> </tr>\n</tbody></table>\n<p>\n&nbsp;</p> <div>\n<div>\n<div>&nbsp;</div> <div>9 hs.</div>\n</div> <div><div>Inicio de video de la tercera cuaterna en &aacute;mbitos por Disciplina<br>\n<ul>\n<li>\nTaller</li>Disciplina Material - Tercera Cuaterna (Video)<br>\n  Tiempo estimado: 40 minutos<br>\n<br>\n<li>\nMultiuso</li>La Disciplina Energ&eacute;tica - Tercera Cuaterna (Video)<br>\n  Tiempo estimado: 30 minutos<br>\n<br>\n<li>\nCentro de Estudio</li>La Disciplina Mental - Tercera Cuaterna (Video)<br>\n  Tiempo estimado: 30 minutos<br>\n<br>\n<li>\nCentro de Trabajo</li>La Disciplina Morfol&oacute;gica - Tercera Cuaterna (Video)<br>\n  Tiempo estimado: 30 minutos<br>\n<br>\n\n</ul>\n</div></div> <div>\n<div>10 hs.</div> <div>Intercambio e inicio de los Trabajos.<br>\n  (Los grupos de intercambio pueden hacer uso de los distintos ambitos)<br>\n  Caf&eacute; y galletas.</div>\n</div> <div>\n<div>13 hs.</div> <div>Almuerzo (provisto por los participantes). Caf&eacute;.</div>\n</div> <div>\n<div>17 hs.</div> <div>Caf&eacute; y galletas.</div>\n</div> <div>\n<div>20 hs.</div> <div>Fin de la jornada de Trabajo.</div>\n</div>\n</div> <p>\nAporte $80 por persona.</p> <p>\nInformaci&oacute;n: info@parquelareja.org</p> <p>\nPara reservar alojamiento en el C de T, realizarlo a trav&eacute;s de&nbsp;<a href=\"http://parquelareja.org/reserva.php\">Reserva</a>.</p>\n      \n\n'),(503,'aRichText',NULL,'\n\n\n\n      <p>\n&nbsp;</p>\n<h4>El Calendario de actividades conjuntas para el a&ntilde;o 2010 es el siguiente:</h4>\n<table><tbody>\n<tr>\n<td>Primera Cuaterna</td>\n            <td>06/03/10</td>\n        </tr>\n<tr>\n<td>Segunda Cuaterna</td>\n            <td>17/04/10</td>\n        </tr>\n<tr>\n<td>Tercera Cuaterna</td>\n            <td>22/05/10</td>\n        </tr>\n</tbody></table>\n\n\n'),(504,'aRichText',NULL,'\n\n\n\n      <h4>&nbsp;Tercera Reuni&oacute;n de Disc&iacute;pulos - 22 de Mayo de 2010 - Programa del D&iacute;a</h4>  <table><tbody>\n<tr>\n<td>8 hs.</td> <td>\n<div><div>Registro de Asistencia &ndash; Pago de los costos de la reuni&oacute;n - Entrega de materiales.<br>\n    Tiempo estimado: 1 Hora&nbsp;<br>\n    Lugar: divisi&oacute;n en &aacute;mbitos por Disciplina&nbsp;<br>\n<ul>\n<li>\nDisciplina Material: Taller</li> <li>\nDisciplina Energ&eacute;tica: Multiuso</li> <li>\nDisciplina Mental: Centro de Estudio</li> <li>\nDisciplina Morfol&oacute;gica: Centro de Trabajo</li> </ul>\n</div></div> <div>&nbsp;</div>\n</td> </tr>\n<tr>\n<td>&nbsp;</td> <td>&nbsp;</td> </tr>\n<tr>\n<td>&nbsp;</td> <td>&nbsp;</td> </tr>\n</tbody></table>\n<p>\n&nbsp;</p> <div>\n<div>\n<div>&nbsp;</div> <div>9 hs.</div>\n</div> <div><div>Inicio de video de la tercera cuaterna en &aacute;mbitos por Disciplina<br>\n<ul>\n<li>\nTaller</li>Disciplina Material - Tercera Cuaterna (Video)<br>\n    Tiempo estimado: 40 minutos<br>\n<br>\n<li>\nMultiuso</li>La Disciplina Energ&eacute;tica - Tercera Cuaterna (Video)<br>\n    Tiempo estimado: 30 minutos<br>\n<br>\n<li>\nCentro de Estudio</li>La Disciplina Mental - Tercera Cuaterna (Video)<br>\n    Tiempo estimado: 30 minutos<br>\n<br>\n<li>\nCentro de Trabajo</li>La Disciplina Morfol&oacute;gica - Tercera Cuaterna (Video)<br>\n    Tiempo estimado: 30 minutos<br>\n<br>\n\n</ul>\n</div></div> <div>\n<div>10 hs.</div> <div>Intercambio e inicio de los Trabajos.<br>\n    (Los grupos de intercambio pueden hacer uso de los distintos ambitos)<br>\n    Caf&eacute; y galletas.</div>\n</div> <div>\n<div>13 hs.</div> <div>Almuerzo (provisto por los participantes). Caf&eacute;.</div>\n</div> <div>\n<div>17 hs.</div> <div>Caf&eacute; y galletas.</div>\n</div> <div>\n<div>20 hs.</div> <div>Fin de la jornada de Trabajo.</div>\n</div>\n</div> <p>\nAporte $80 por persona.</p> <p>\nInformaci&oacute;n: info@parquelareja.org</p> <p>\nPara reservar alojamiento en el C de T, realizarlo a trav&eacute;s de&nbsp;<a href=\"http://parquelareja.org/reserva.php\">Reserva</a>.</p>\n      \n\n'),(505,'aRichText',NULL,'\n\n\n\n      <h4>&nbsp;El Calendario de actividades conjuntas para el a&ntilde;o 2010 es el siguiente:</h4>  <table><tbody>\n<tr>\n<td>Primera Cuaterna</td>             <td>06/03/10</td>         </tr>\n<tr>\n<td>Segunda Cuaterna</td>             <td>17/04/10</td>         </tr>\n<tr>\n<td>Tercera Cuaterna</td>             <td>22/05/10</td>         </tr>\n</tbody></table>\n\n\n'),(506,'aRichText',NULL,'\n\n\n\n      <h4>&nbsp;Tercera Reuni&oacute;n de Disc&iacute;pulos - 22 de Mayo de 2010 - Programa del D&iacute;a</h4>  <table><tbody>\n<tr>\n<td>8 hs.</td> <td>\n<div><div>Registro de Asistencia &ndash; Pago de los costos de la reuni&oacute;n - Entrega de materiales.<br>      Tiempo estimado: 1 Hora&nbsp;<br>      Lugar: divisi&oacute;n en &aacute;mbitos por Disciplina&nbsp;<br><ul>\n<li>Disciplina Material: Taller</li> <li>Disciplina Energ&eacute;tica: Multiuso</li> <li>Disciplina Mental: Centro de Estudio</li> <li>Disciplina Morfol&oacute;gica: Centro de Trabajo</li> </ul>\n</div></div> <div>&nbsp;</div>\n</td> </tr>\n<tr>\n<td>&nbsp;</td> <td>&nbsp;</td> </tr>\n<tr>\n<td>&nbsp;</td> <td>&nbsp;</td> </tr>\n</tbody></table>\n<p>&nbsp;</p> <div>\n<div>\n<div>&nbsp;</div> <div>9 hs.</div>\n</div> <div><div>Inicio de video de la tercera cuaterna en &aacute;mbitos por Disciplina<br><ul>\n<li>Taller</li>Disciplina Material - Tercera Cuaterna (Video)<br>      Tiempo estimado: 40 minutos<br><br><li>Multiuso</li>La Disciplina Energ&eacute;tica - Tercera Cuaterna (Video)<br>      Tiempo estimado: 30 minutos<br><br><li>Centro de Estudio</li>La Disciplina Mental - Tercera Cuaterna (Video)<br>      Tiempo estimado: 30 minutos<br><br><li>Centro de Trabajo</li>La Disciplina Morfol&oacute;gica - Tercera Cuaterna (Video)<br>      Tiempo estimado: 30 minutos<br><br>\n</ul>\n</div></div> <div>\n<div>10 hs.</div> <div>Intercambio e inicio de los Trabajos.<br>      (Los grupos de intercambio pueden hacer uso de los distintos ambitos)<br>      Caf&eacute; y galletas.</div>\n</div> <div>\n<div>13 hs.</div> <div>Almuerzo (provisto por los participantes). Caf&eacute;.</div>\n</div> <div>\n<div>17 hs.</div> <div>Caf&eacute; y galletas.</div>\n</div> <div>\n<div>20 hs.</div> <div>Fin de la jornada de Trabajo.</div>\n</div>\n</div> <p>Aporte $80 por persona.</p> <p>Informaci&oacute;n: info@parquelareja.org</p> <p>Para reservar alojamiento en el C de T, realizarlo a trav&eacute;s de&nbsp;<a href=\"http://parquelareja.org/reserva.php\">Reserva</a>.</p>\n      \n\n'),(507,'aRichText',NULL,'\n\n\n\n      <h3>Alicia Ordo&ntilde;ez</h3> <ul>\n<li>\n<a href=\"http://parquelareja.cooph.com.ar/uploads/media_items/el-oscurecimiento-del-ser-en-occidente.original.pdf\">El Oscurecimiento del Ser en Occidente</a></li> </ul>\n<h3>Jano Arrechea</h3> <ul>\n<li>\n<a href=\"http://parquelareja.cooph.com.ar/uploads/media_items/el-campo-de-copresencia-en-la-estructura-conciencia-mundo.original.pdf\">El campo de copresencia en la estructura conciencia-mundo</a></li> </ul>\n<h3>Luis Milani</h3> <ul>\n<li>\n<a href=\"http://parquelareja.cooph.com.ar/uploads/media_items/conciencia-inspirada.original.pdf\">Conciencia inspirada y momentos de convergencia sicosocial</a></li> </ul>\n<h3>Victor Piccinini</h3> <ul>\n<li>\n<a href=\"http://parquelareja.cooph.com.ar/uploads/media_items/el-transcurrir.original.pdf\">El Transcurrir</a></li> </ul>\n\n\n'),(508,'aRichText',NULL,'\n\n\n\n      <h4>Alicia Ordo&ntilde;ez</h4> <ul>\n<li>\n<h4><a href=\"http://parquelareja.cooph.com.ar/uploads/media_items/el-oscurecimiento-del-ser-en-occidente.original.pdf\">El Oscurecimiento del Ser en Occidente</a></h4></li> </ul>\n<h4>Jano Arrechea</h4> <ul>\n<li>\n<h4><a href=\"http://parquelareja.cooph.com.ar/uploads/media_items/el-campo-de-copresencia-en-la-estructura-conciencia-mundo.original.pdf\">El campo de copresencia en la estructura conciencia-mundo</a></h4></li> </ul>\n<h4>Luis Milani</h4> <ul>\n<li>\n<h4><a href=\"http://parquelareja.cooph.com.ar/uploads/media_items/conciencia-inspirada.original.pdf\">Conciencia inspirada y momentos de convergencia sicosocial</a></h4></li> </ul>\n<h4>Victor Piccinini</h4> <ul>\n<li>\n<h4><a href=\"http://parquelareja.cooph.com.ar/uploads/media_items/el-transcurrir.original.pdf\">El Transcurrir</a></h4></li> </ul>\n\n\n'),(509,'aRichText',NULL,'\n\n\n\n      <h4>Alicia Ordo&ntilde;ez</h4> <ul>\n<li>\n<p>\n<a href=\"http://parquelareja.cooph.com.ar/uploads/media_items/el-oscurecimiento-del-ser-en-occidente.original.pdf\">El Oscurecimiento del Ser en Occidente</a></p></li> </ul>\n<p>\nJano Arrechea</p> <ul>\n<li>\n<p>\n<a href=\"http://parquelareja.cooph.com.ar/uploads/media_items/el-campo-de-copresencia-en-la-estructura-conciencia-mundo.original.pdf\">El campo de copresencia en la estructura conciencia-mundo</a></p></li> </ul>\n<p>\nLuis Milani</p> <ul>\n<li>\n<h4><a href=\"http://parquelareja.cooph.com.ar/uploads/media_items/conciencia-inspirada.original.pdf\">Conciencia inspirada y momentos de convergencia sicosocial</a></h4></li> </ul>\n<h4>Victor Piccinini</h4> <ul>\n<li>\n<h4><a href=\"http://parquelareja.cooph.com.ar/uploads/media_items/el-transcurrir.original.pdf\">El Transcurrir</a></h4></li> </ul>\n\n\n'),(510,'aRichText',NULL,'\n\n\n\n      <h4>Alicia Ordo&ntilde;ez</h4>\n<ul>\n<li>\n\n    <a href=\"http://parquelareja.cooph.com.ar/uploads/media_items/el-oscurecimiento-del-ser-en-occidente.original.pdf\">El Oscurecimiento del Ser en Occidente</a>\n    </li>\n</ul>\n<p>\nJano Arrechea</p>\n<ul>\n<li>\n\n    <p>\n<a href=\"http://parquelareja.cooph.com.ar/uploads/media_items/el-campo-de-copresencia-en-la-estructura-conciencia-mundo.original.pdf\">El campo de copresencia en la estructura conciencia-mundo</a></p>\n    </li>\n</ul>\n<p>\nLuis Milani</p>\n<ul>\n<li>\n\n    <h4><a href=\"http://parquelareja.cooph.com.ar/uploads/media_items/conciencia-inspirada.original.pdf\">Conciencia inspirada y momentos de convergencia sicosocial</a></h4>\n    </li>\n</ul>\n<h4>Victor Piccinini</h4>\n<ul>\n<li>\n\n    <h4><a href=\"http://parquelareja.cooph.com.ar/uploads/media_items/el-transcurrir.original.pdf\">El Transcurrir</a></h4>\n    </li>\n</ul>\n\n\n'),(511,'aRichText',NULL,'\n\n\n\n      <h4>Alicia Ordo&ntilde;ez</h4> <ul>\n<li>\n<a href=\"http://parquelareja.cooph.com.ar/uploads/media_items/el-oscurecimiento-del-ser-en-occidente.original.pdf\">El Oscurecimiento del Ser en Occidente</a></li> </ul>\n<h4>Jano Arrechea</h4> <ul>\n<li>\n<p>\n<a href=\"http://parquelareja.cooph.com.ar/uploads/media_items/el-campo-de-copresencia-en-la-estructura-conciencia-mundo.original.pdf\">El campo de copresencia en la estructura conciencia-mundo</a></p></li> </ul>\n<h4>Luis Milani</h4> <ul>\n<li>\n<p>\n<a href=\"http://parquelareja.cooph.com.ar/uploads/media_items/conciencia-inspirada.original.pdf\">Conciencia inspirada y momentos de convergencia sicosocial</a></p></li> </ul>\n<h4>Victor Piccinini</h4> <ul>\n<li>\n<h4><a href=\"http://parquelareja.cooph.com.ar/uploads/media_items/el-transcurrir.original.pdf\">El Transcurrir</a></h4></li> </ul>\n\n\n'),(512,'aRichText',NULL,'\n\n\n\n      <h4>Alicia Ordo&ntilde;ez</h4>\n<ul>\n<li>\n<a href=\"http://parquelareja.cooph.com.ar/uploads/media_items/el-oscurecimiento-del-ser-en-occidente.original.pdf\">El Oscurecimiento del Ser en Occidente</a></li>\n</ul>\n<h4>Jano Arrechea</h4>\n<ul>\n<li>\n\n    <a href=\"http://parquelareja.cooph.com.ar/uploads/media_items/el-campo-de-copresencia-en-la-estructura-conciencia-mundo.original.pdf\">El campo de copresencia en la estructura conciencia-mundo</a>\n    </li>\n</ul>\n<h4>Luis Milani</h4>\n<ul>\n<li>\n\n<a href=\"http://parquelareja.cooph.com.ar/uploads/media_items/conciencia-inspirada.original.pdf\">Conciencia inspirada y momentos de convergencia sicosocial</a>\n    </li>\n</ul>\n<h4>Victor Piccinini</h4>\n<ul>\n<li>\n\n<a href=\"http://parquelareja.cooph.com.ar/uploads/media_items/el-transcurrir.original.pdf\">El Transcurrir</a>\n    </li>\n</ul>\n\n\n'),(513,'aText',NULL,'Reserva'),(514,'aText',NULL,'Untitled'),(515,'aText',NULL,''),(516,'aText',NULL,'untitled'),(517,'aText',NULL,''),(518,'aText',NULL,'Pauta para elaborar el Examen de Obra'),(519,'aText',NULL,''),(520,'aRichText',NULL,'\n\n\n\n      <h4>Nota para los Maestros de la 1&ordf;, 2&ordf; y 4&ordf; Camada de los 3 Parques</h4>\n<p>\n(Los Manantiales, Punta de Vacas y La Reja)&nbsp;<br>\n<br>\n En esta reuni&oacute;n que sigue a los ingresos de Escuela, vamos a facilitar una pauta de trabajo para hacer el Examen de Obra.&nbsp;<br>\n<br>\n Este Examen de Obra estimamos que pueda llevar entre 4 y 6 semanas, pasadas las cuales se estar&aacute; en condiciones de recibir las recomendaciones sobre la Ascesis.&nbsp;<br>\n<br>\n A su vez, el material sobre la Ascesis ser&aacute; entregado en una reuni&oacute;n a realizarse el s&aacute;bado 26 de febrero en los Parques, cuando dedicaremos todo el d&iacute;a al estudio, la experimentaci&oacute;n y el intercambio sobre la Ascesis.&nbsp;<br>\n<br>\n Este intercambio conviene hacerlo entre Maestros del mismo proceso, luego de la reflexi&oacute;n y experimentaci&oacute;n individual.&nbsp;<br>\n<br>\n Por los Parques La Reja, Punta de Vacas y Los Manantiales&nbsp;<br>\n Mariana, Eduardo, Karen y Marcos&nbsp;<br>\n<br>\n<br>\n Comentarios sobre el Examen de Obra hechos por Silo en reuni&oacute;n de Escuela, el 9 de enero de 2010:<br>\n<br>\n<i>\"Se producir&aacute; despu&eacute;s del trabajo de la Disciplina, un Examen de Obra. Donde el sujeto mismo pone los pasos que fue haciendo, la rutina que eligi&oacute;, los tiempos que ha invertido en eso, los registros que fue teniendo. Necesitamos examinar para atr&aacute;s todo lo que pas&oacute;. Y si tuvo esa direcci&oacute;n inicial o no. Crearemos un peque&ntilde;o documento referido a esto, ese momento en que se tiene ya armada toda la Disciplina y se pretende llegar a una situaci&oacute;n nueva donde ya se puede prescindir de todo lo anterior, como si fuera el andamiaje que se utiliz&oacute; para armar toda esa situaci&oacute;n. No nos apoyaremos ya en la Disciplina. Ese dejar las cosas, nos lleva en una direcci&oacute;n muy interesante.\"</i>&nbsp;<br>\n<br>\n<br>\n Pauta para elaborar el Examen de Obra&nbsp;<br>\n<br>\n La presente pauta puede ayudar a realizar este examen individualmente, y luego profundizarlo mediante el intercambio con otros Maestros del mismo proceso. Se divide en dos partes, a saber:&nbsp;<br>\n<br>\n 1. Nivelaci&oacute;n&nbsp;<br>\n<br>\n Repasando todo el trabajo de nivelaci&oacute;n realizado es posible rescatar, tras los estudios del paisaje de formaci&oacute;n, biograf&iacute;a, n&uacute;cleo de ensue&ntilde;o, experiencias guiadas, la lectura de Apuntes de Psicolog&iacute;a, etc., las comprensiones m&aacute;s significativas sobre la propia existencia, con relaci&oacute;n al sin-sentido y el sentido; a la incoherencia y la coherencia; a la violencia y la no-violencia.&nbsp;<br>\n<br>\n 2. Disciplina&nbsp;<br>\n<br>\n Conforme a las anotaciones hechas durante la rutina del proceso disciplinario, se puede intentar un ordenamiento de la experiencia paso por paso, cuaterna por cuaterna y del proceso completo, considerando lo siguiente:&nbsp;<br>\n<br>\n Registros &mdash; Es decir, la vivencia que permite alcanzar la certeza definitiva y un&iacute;voca del paso en cuesti&oacute;n, para pasar al siguiente.&nbsp;<br>\n Impedimentos &mdash; Reflexionar sobre los impedimentos encontrados y las formas descubiertas para disolverlos.&nbsp;<br>\n Indicadores &mdash; Rescatar observaciones significativas sobre sue&ntilde;os, ocurrencias, estados internos y conductas.&nbsp;<br>\n Comprensiones &mdash; Aquello que en general se devela como verdad profunda, como significado esencial dador de sentido.&nbsp;<br>\n<br>\n Luego de realizar el resumen y s&iacute;ntesis de cada paso, se procede a hacer lo propio con cada cuaterna y despu&eacute;s con el proceso disciplinario completo.&nbsp;<br>\n<br>\n<br>\n Por los Parques La Reja, Punta de Vacas y Los Manantiales,&nbsp;<br>\n Mariana, Eduardo, Karen y Marcos&nbsp;</p>\n      \n\n'),(521,'aRichText',NULL,'\n\n\n\n      <h4>Nota para los Maestros de la 1&ordf;, 2&ordf; y 4&ordf; Camada de los 3 Parques</h4> <p>\n\n\n\n\n\n\n\n\n\n\n\n(Los Manantiales, Punta de Vacas y La Reja)&nbsp;<br>\n\n\n\n\n\n\n\n\n\n\n\n<br>\n\n\n\n\n\n\n\n\n\n\n\n En esta reuni&oacute;n que sigue a los ingresos de Escuela, vamos a facilitar una pauta de trabajo para hacer el Examen de Obra.&nbsp;<br>\n\n\n\n\n\n\n\n\n\n\n\n<br>\n\n\n\n\n\n\n\n\n\n\n\n Este Examen de Obra estimamos que pueda llevar entre 4 y 6 semanas, pasadas las cuales se estar&aacute; en condiciones de recibir las recomendaciones sobre la Ascesis.&nbsp;<br>\n\n\n\n\n\n\n\n\n\n\n\n<br>\n\n\n\n\n\n\n\n\n\n\n\n A su vez, el material sobre la Ascesis ser&aacute; entregado en una reuni&oacute;n a realizarse el s&aacute;bado 26 de febrero en los Parques, cuando dedicaremos todo el d&iacute;a al estudio, la experimentaci&oacute;n y el intercambio sobre la Ascesis.&nbsp;<br>\n\n\n\n\n\n\n\n\n\n\n\n<br>\n\n\n\n\n\n\n\n\n\n\n\n Este intercambio conviene hacerlo entre Maestros del mismo proceso, luego de la reflexi&oacute;n y experimentaci&oacute;n individual.&nbsp;<br>\n\n\n\n\n\n\n\n\n\n\n\n<br>\n\n\n\n\n\n\n\n\n\n\n\n Por los Parques La Reja, Punta de Vacas y Los Manantiales&nbsp;<br>\n\n\n\n\n\n\n\n\n\n\n\n Mariana, Eduardo, Karen y Marcos&nbsp;</p>\n      \n\n'),(522,'aRichText',NULL,'\n\n\n\n      <h4>Comentarios sobre el Examen de Obra hechos por Silo en reuni&oacute;n de Escuela, el 9 de enero de 2010:</h4>\n<p>\n\n\n\n\n\n\n\n\n\n\n\n&nbsp;</p>\n<p>\n\n\n\n\n\n\n\n\n\n\n\n<i>\"Se producir&aacute; despu&eacute;s del trabajo de la Disciplina, un Examen de Obra. Donde el sujeto mismo pone los pasos que fue haciendo, la rutina que eligi&oacute;, los tiempos que ha invertido en eso, los registros que fue teniendo. Necesitamos examinar para atr&aacute;s todo lo que pas&oacute;. Y si tuvo esa direcci&oacute;n inicial o no. Crearemos un peque&ntilde;o documento referido a esto, ese momento en que se tiene ya armada toda la Disciplina y se pretende llegar a una situaci&oacute;n nueva donde ya se puede prescindir de todo lo anterior, como si fuera el andamiaje que se utiliz&oacute; para armar toda esa situaci&oacute;n. No nos apoyaremos ya en la Disciplina. Ese dejar las cosas, nos lleva en una direcci&oacute;n muy interesante.\"</i>&nbsp;<br>\n\n\n\n\n\n\n\n\n\n\n\n<br>\n\n\n\n\n\n\n\n\n\n\n\n<br>\n\n\n\n\n\n\n\n\n\n\n\nPauta para elaborar el Examen de Obra&nbsp;<br>\n\n\n\n\n\n\n\n\n\n\n\n<br>\n\n\n\n\n\n\n\n\n\n\n\nLa presente pauta puede ayudar a realizar este examen individualmente, y luego profundizarlo mediante el intercambio con otros Maestros del mismo proceso. Se divide en dos partes, a saber:&nbsp;<br>\n\n\n\n\n\n\n\n\n\n\n\n<br>\n\n\n\n\n\n\n\n\n\n\n\n1. Nivelaci&oacute;n&nbsp;<br>\n\n\n\n\n\n\n\n\n\n\n\n<br>\n\n\n\n\n\n\n\n\n\n\n\nRepasando todo el trabajo de nivelaci&oacute;n realizado es posible rescatar, tras los estudios del paisaje de formaci&oacute;n, biograf&iacute;a, n&uacute;cleo de ensue&ntilde;o, experiencias guiadas, la lectura de Apuntes de Psicolog&iacute;a, etc., las comprensiones m&aacute;s significativas sobre la propia existencia, con relaci&oacute;n al sin-sentido y el sentido; a la incoherencia y la coherencia; a la violencia y la no-violencia.&nbsp;<br>\n\n\n\n\n\n\n\n\n\n\n\n<br>\n\n\n\n\n\n\n\n\n\n\n\n2. Disciplina&nbsp;<br>\n\n\n\n\n\n\n\n\n\n\n\n<br>\n\n\n\n\n\n\n\n\n\n\n\nConforme a las anotaciones hechas durante la rutina del proceso disciplinario, se puede intentar un ordenamiento de la experiencia paso por paso, cuaterna por cuaterna y del proceso completo, considerando lo siguiente:&nbsp;<br>\n\n\n\n\n\n\n\n\n\n\n\n<br>\n\n\n\n\n\n\n\n\n\n\n\nRegistros &mdash; Es decir, la vivencia que permite alcanzar la certeza definitiva y un&iacute;voca del paso en cuesti&oacute;n, para pasar al siguiente.&nbsp;<br>\n\n\n\n\n\n\n\n\n\n\n\nImpedimentos &mdash; Reflexionar sobre los impedimentos encontrados y las formas descubiertas para disolverlos.&nbsp;<br>\n\n\n\n\n\n\n\n\n\n\n\nIndicadores &mdash; Rescatar observaciones significativas sobre sue&ntilde;os, ocurrencias, estados internos y conductas.&nbsp;<br>\n\n\n\n\n\n\n\n\n\n\n\nComprensiones &mdash; Aquello que en general se devela como verdad profunda, como significado esencial dador de sentido.&nbsp;<br>\n\n\n\n\n\n\n\n\n\n\n\n<br>\n\n\n\n\n\n\n\n\n\n\n\nLuego de realizar el resumen y s&iacute;ntesis de cada paso, se procede a hacer lo propio con cada cuaterna y despu&eacute;s con el proceso disciplinario completo.&nbsp;<br>\n\n\n\n\n\n\n\n\n\n\n\n<br>\n\n\n\n\n\n\n\n\n\n\n\n<br>\n\n\n\n\n\n\n\n\n\n\n\nPor los Parques La Reja, Punta de Vacas y Los Manantiales,&nbsp;<br>\n\n\n\n\n\n\n\n\n\n\n\nMariana, Eduardo, Karen y Marcos&nbsp;</p>\n      \n\n'),(523,'aText',NULL,'Pauta para elaborar el Examen de Obra'),(524,'aText',NULL,''),(525,'aText',NULL,'Pauta para elaborar el Examen de Obra'),(526,'aText',NULL,'comunicados de escuela '),(527,'aText',NULL,'Pauta para elaborar el Examen de Obra'),(528,'aText',NULL,'comunicados de escuela '),(529,'aBlogSingle',NULL,'a:2:{s:9:\"blog_item\";s:2:\"22\";s:6:\"search\";s:37:\"Pauta para elaborar el Examen de Obra\";}'),(530,'aBlogSingle',NULL,'a:2:{s:9:\"blog_item\";s:2:\"18\";s:6:\"search\";s:25:\"Examen de Obras y Ascesis\";}'),(531,'aBlogSingle',NULL,'a:2:{s:9:\"blog_item\";s:2:\"18\";s:6:\"search\";s:25:\"Examen de Obras y Ascesis\";}'),(532,'aBlogSingle',NULL,'a:2:{s:9:\"blog_item\";s:2:\"17\";s:6:\"search\";s:54:\"Vuela hacia las estrellas el h&eacute;roe de esta edad\";}'),(533,'aVideo',NULL,NULL),(534,'aRichText',NULL,'\n\n\n\n      <p>\n&nbsp;<strong>Im&aacute;genes de los diferentes Parques de Estudio y Reflexi&oacute;n</strong></p>\n      \n\n'),(535,'aButton',NULL,'a:2:{s:3:\"url\";s:50:\"/uploads/media_items/oficio-del-fuego.original.pdf\";s:5:\"title\";s:16:\"Oficio del Fuego\";}'),(536,'aButton',NULL,'a:2:{s:3:\"url\";s:50:\"/uploads/media_items/oficio-del-fuego.original.pdf\";s:5:\"title\";s:16:\"Oficio del Fuego\";}'),(537,'fSnapShot',NULL,'a:4:{s:3:\"url\";s:27:\"http://www.parkschlamau.org\";s:5:\"title\";s:15:\"Parque Schlamau\";s:4:\"text\";s:15:\"Parque Schlamau\";s:5:\"align\";s:4:\"left\";}'),(538,'fSnapShot',NULL,NULL),(539,'fSnapShot',NULL,'a:4:{s:3:\"url\";N;s:5:\"title\";s:8:\"Multiuso\";s:4:\"text\";s:11:\"descrip....\";s:5:\"align\";s:4:\"left\";}'),(540,'fSnapShot',NULL,'a:4:{s:3:\"url\";N;s:5:\"title\";s:8:\"Multiuso\";s:4:\"text\";s:11:\"descrip....\";s:5:\"align\";s:5:\"right\";}'),(541,'aPDF',NULL,NULL),(542,'aButton',NULL,NULL),(543,'aButton',NULL,'a:2:{s:3:\"url\";s:62:\"/uploads/media_items/el-secreto-de-la-flor-de-oro.original.pdf\";s:5:\"title\";s:0:\"\";}'),(544,'aRichText',NULL,'\n\n      <h3>&nbsp;Libor s disponibles en el parque</h3><p>\nen el parque teneml&ntilde;sdsdk&ntilde;fsd</p><p>\n&nbsp;</p><ul><li>\nlibro1</li><li>\nlibro12</li><li>\n&nbsp;</li></ul>\n'),(545,'aImage',NULL,NULL),(546,'aSlideshow',NULL,'a:1:{s:5:\"order\";a:3:{i:0;s:2:\"53\";i:1;s:2:\"55\";i:2;s:2:\"54\";}}'),(547,'aBlogSingle',NULL,'a:2:{s:9:\"blog_item\";s:2:\"21\";s:6:\"search\";s:77:\"Reuni&oacute;n de Postulaci&oacute;n e Ingreso a Escuela 8 y 9 de enero 2011.\";}'),(548,'aBlog',NULL,'a:3:{s:5:\"count\";d:4;s:15:\"categories_list\";a:1:{i:0;s:1:\"5\";}s:9:\"tags_list\";s:0:\"\";}'),(549,'aText',NULL,'Actividades'),(550,'aText',NULL,'Untitled'),(551,'aText',NULL,''),(552,'aText',NULL,'untitled'),(553,'aText',NULL,''),(554,'aText',NULL,'Retiro de la Fuerza'),(555,'aText',NULL,''),(556,'aText',NULL,'Retiro de la Fuerza'),(557,'aText',NULL,''),(558,'aText',NULL,'Retiro de la Fuerza'),(559,'aText',NULL,''),(560,'aRichText',NULL,'\n\n      <p>\n\n\n\n&nbsp;Nos encontraremos en el parque a hacer un retiro de la fuerza</p>\n      \n'),(561,'aText',NULL,'Retiro de la Fuerza'),(562,'aText',NULL,''),(563,'aEvent',NULL,'a:3:{s:5:\"count\";d:5;s:9:\"tags_list\";s:0:\"\";s:15:\"categories_list\";N;}'),(564,'aText',NULL,'Disciplina Mental'),(565,'aText',NULL,'Actividades'),(566,'aText',NULL,'Untitled'),(567,'aText',NULL,''),(568,'aText',NULL,'untitled'),(569,'aText',NULL,''),(570,'aText',NULL,'Encuentro Estacional'),(571,'aText',NULL,''),(572,'aSlideshow',NULL,'a:1:{s:5:\"order\";a:1:{i:0;s:1:\"4\";}}'),(573,'aText',NULL,'Encuentro Estacional'),(574,'aText',NULL,''),(575,'aSlideshow',NULL,'a:1:{s:5:\"order\";a:2:{i:0;s:2:\"54\";i:1;s:2:\"55\";}}'),(576,'aVideo',NULL,NULL),(577,'aSlideshow',NULL,'a:1:{s:5:\"order\";a:13:{i:0;s:2:\"61\";i:1;s:2:\"62\";i:2;s:2:\"63\";i:3;s:2:\"64\";i:4;s:2:\"65\";i:5;s:2:\"66\";i:6;s:2:\"67\";i:7;s:2:\"68\";i:8;s:2:\"69\";i:9;s:2:\"70\";i:10;s:2:\"71\";i:11;s:2:\"72\";i:12;s:2:\"73\";}}'),(578,'aPDF',NULL,NULL),(579,'aImage',NULL,NULL),(580,'aImage',NULL,NULL),(581,'aImage',NULL,NULL),(582,'aImage',NULL,NULL),(583,'aVideo',NULL,NULL),(584,'aText',NULL,'Que son estos Parques?'),(585,'aText',NULL,'Cómo llegar?'),(586,'aText',NULL,'Lugares del Parque'),(587,'aRichText',NULL,'\n\n      <h3>Qu&eacute; son estos Parques?</h3>  <p>Son espacios abiertos al Estudio y Reflexi&oacute;n, para profundizar en nosotros mismos y favorecer la no-discriminaci&oacute;n, el afecto y la reciprocidad en el trato a los dem&aacute;s.</p> <p>Aspiramos a que desde ellos surja una verdadera oleada de buenos sentimientos que ayuden a develar lo Sagrado en uno y fuera de uno, permiti&eacute;ndonos comprender que no estamos solos en este mundo ni en los infinitos mundos.</p> <p>Conozca los Parques de Estudio y Reflexi&oacute;n &nbsp;a trav&eacute;s de este video.&nbsp;</p>\n      \n'),(588,'aText',NULL,'Silo'),(589,'aText',NULL,'Silo en La Reja'),(590,'aText',NULL,'Bibliografía'),(591,'aText',NULL,'El Mensaje de Silo'),(592,'aSlideshow',NULL,'a:1:{s:5:\"order\";a:1:{i:0;s:2:\"73\";}}'),(593,'aSlideshow',NULL,'a:1:{s:5:\"order\";a:15:{i:0;s:2:\"73\";i:1;s:2:\"90\";i:2;s:2:\"89\";i:3;s:2:\"88\";i:4;s:2:\"87\";i:5;s:2:\"86\";i:6;s:2:\"85\";i:7;s:2:\"84\";i:8;s:2:\"82\";i:9;s:2:\"81\";i:10;s:2:\"80\";i:11;s:2:\"79\";i:12;s:2:\"78\";i:13;s:2:\"77\";i:14;s:2:\"56\";}}'),(594,'aSlideshow',NULL,'a:1:{s:5:\"order\";a:19:{i:0;s:2:\"73\";i:1;s:2:\"90\";i:2;s:2:\"89\";i:3;s:2:\"88\";i:4;s:2:\"87\";i:5;s:2:\"86\";i:6;s:2:\"85\";i:7;s:2:\"84\";i:8;s:2:\"82\";i:9;s:2:\"81\";i:10;s:2:\"80\";i:11;s:2:\"79\";i:12;s:2:\"78\";i:13;s:2:\"56\";i:14;s:2:\"96\";i:15;s:2:\"95\";i:16;s:2:\"94\";i:17;s:2:\"93\";i:18;s:2:\"92\";}}'),(595,'aSlideshow',NULL,'a:1:{s:5:\"order\";a:19:{i:0;s:2:\"73\";i:1;s:2:\"90\";i:2;s:2:\"89\";i:3;s:2:\"88\";i:4;s:2:\"87\";i:5;s:2:\"86\";i:6;s:2:\"85\";i:7;s:2:\"84\";i:8;s:2:\"82\";i:9;s:2:\"81\";i:10;s:2:\"80\";i:11;s:2:\"79\";i:12;s:2:\"78\";i:13;s:2:\"56\";i:14;s:2:\"96\";i:15;s:2:\"95\";i:16;s:2:\"94\";i:17;s:2:\"93\";i:18;s:2:\"92\";}}'),(596,'aRichText',NULL,'\n\n      <p>\n&nbsp;COMO LLEGAR AL PARQUE LA REJA</p><div>1) En auto:</div><div>Para llegar al lugar desde Capital Federal en auto, tomamos el ACCESO OESTE</div><div>(Av. Gaona, Autopista del Oeste), hasta el Km. 38 donde ingresamos en la salida</div><div>indicada como LA REJA.</div><div>&bull; Cruzamos la autopista por el puente y seguimos derecho por esa calle en la</div><div>que desemboca (llamada Rold&aacute;n).</div><div>&bull; Bordeando el Cementerio por todo su per&iacute;metro cuando doblamos a la</div><div>derecha ingresamos a la calle C. Larralde.</div><div>&bull; Seguimos una cuadra luego del Cementerio, hasta llegar a la Av. Alfonsina</div><div>Storni. Desde all&iacute; son 6 cuadras derecho.</div><div>2) En tren (TBA &ndash; ex Sarmiento)</div><div>Desde Plaza Once (en Capital Federal), estaci&oacute;n Miserere, hasta estaci&oacute;n</div><div>Moreno, hay trenes cada 5 minutos. Tiempo de viaje: 1 hora. Desde Moreno se</div><div>puede empalmar con el ramal que contin&uacute;a hasta estaci&oacute;n La Reja, pero tiene</div><div>poca frecuencia y con numerosas demoras. Se puede tomar cualquier l&iacute;nea de</div><div>colectivo 311 (La Perlita) desde Moreno hasta La Reja (son 5 a 7 minutos de viaje,</div><div>ya que son unas 25 a 30 cuadras).</div><div>Desde la estaci&oacute;n La Reja son 250 mts. hasta El Parque (a la derecha, sin cruzar</div><div>las v&iacute;as del tren).</div><div>3) En colectivo (l&iacute;nea 57, Transportes Atl&aacute;ntida)</div><div>Desde Capital Federal sale de Plaza Miserere un r&aacute;pido y tambi&eacute;n de Plaza Italia</div><div>(de la puerta de la Rural), conviene tomar el que va por Gaona hasta la estaci&oacute;n</div><div>Moreno. De all&iacute; tomar el colectivo La Perlita hasta estaci&oacute;n La Reja. Desde la</div><div>estaci&oacute;n La Reja son 250 mts. (hacia la derecha, sin cruzar las v&iacute;as).</div>\n      \n'),(597,'aRichText',NULL,'\n\n      <h3>&nbsp;Como llegar?</h3><p>\n</p><div>1) En auto:</div><div>Para llegar al lugar desde Capital Federal en auto, tomamos el ACCESO OESTE&nbsp;(Av. Gaona, Autopista del Oeste), hasta el Km. 38 donde ingresamos en la salida&nbsp;indicada como LA REJA.</div><div>&bull; Cruzamos la autopista por el puente y seguimos derecho por esa calle en la&nbsp;que desemboca (llamada Rold&aacute;n).</div><div>&bull; Bordeando el Cementerio por todo su per&iacute;metro cuando doblamos a la&nbsp;derecha ingresamos a la calle C. Larralde.</div><div>&bull; Seguimos una cuadra luego del Cementerio, hasta llegar a la Av. Alfonsina&nbsp;Storni. Desde all&iacute; son 6 cuadras derecho.</div><div>2) En tren (TBA &ndash; ex Sarmiento)</div><div>Desde Plaza Once (en Capital Federal), estaci&oacute;n Miserere, hasta estaci&oacute;n&nbsp;Moreno, hay trenes cada 5 minutos. Tiempo de viaje: 1 hora. Desde Moreno se</div><div>puede empalmar con el ramal que contin&uacute;a hasta estaci&oacute;n La Reja, pero tiene&nbsp;poca frecuencia y con numerosas demoras. Se puede tomar cualquier l&iacute;nea de&nbsp;colectivo 311 (La Perlita) desde Moreno hasta La Reja (son 5 a 7 minutos de viaje,&nbsp;ya que son unas 25 a 30 cuadras).</div><div>Desde la estaci&oacute;n La Reja son 250 mts. hasta El Parque (a la derecha, sin cruzar&nbsp;las v&iacute;as del tren).</div><div>3) En colectivo (l&iacute;nea 57, Transportes Atl&aacute;ntida)</div><div>Desde Capital Federal sale de Plaza Miserere un r&aacute;pido y tambi&eacute;n de Plaza Italia&nbsp;(de la puerta de la Rural), conviene tomar el que va por Gaona hasta la estaci&oacute;n&nbsp;Moreno. De all&iacute; tomar el colectivo La Perlita hasta estaci&oacute;n La Reja. Desde la&nbsp;estaci&oacute;n La Reja son 250 mts. (hacia la derecha, sin cruzar las v&iacute;as).</div>\n      \n'),(598,'aRichText',NULL,'\n\n      <p>\n&nbsp;</p><h3>Como llegar?</h3><p>\n&nbsp;</p><div>1) En auto:</div><div>Para llegar al lugar desde Capital Federal en auto, tomamos el ACCESO OESTE&nbsp;(Av. Gaona, Autopista del Oeste), hasta el Km. 38 donde ingresamos en la salida&nbsp;indicada como LA REJA.</div><div>&bull; Cruzamos la autopista por el puente y seguimos derecho por esa calle en la&nbsp;que desemboca (llamada Rold&aacute;n).</div><div>&bull; Bordeando el Cementerio por todo su per&iacute;metro cuando doblamos a la&nbsp;derecha ingresamos a la calle C. Larralde.</div><div>&bull; Seguimos una cuadra luego del Cementerio, hasta llegar a la Av. Alfonsina&nbsp;Storni. Desde all&iacute; son 6 cuadras derecho.</div><div>2) En tren (TBA &ndash; ex Sarmiento)</div><div>Desde Plaza Once (en Capital Federal), estaci&oacute;n Miserere, hasta estaci&oacute;n&nbsp;Moreno, hay trenes cada 5 minutos. Tiempo de viaje: 1 hora. Desde Moreno se</div><div>puede empalmar con el ramal que contin&uacute;a hasta estaci&oacute;n La Reja, pero tiene&nbsp;poca frecuencia y con numerosas demoras. Se puede tomar cualquier l&iacute;nea de&nbsp;colectivo 311 (La Perlita) desde Moreno hasta La Reja (son 5 a 7 minutos de viaje,&nbsp;ya que son unas 25 a 30 cuadras).</div><div>Desde la estaci&oacute;n La Reja son 250 mts. hasta El Parque (a la derecha, sin cruzar&nbsp;las v&iacute;as del tren).</div><div>3) En colectivo (l&iacute;nea 57, Transportes Atl&aacute;ntida)</div><div>Desde Capital Federal sale de Plaza Miserere un r&aacute;pido y tambi&eacute;n de Plaza Italia&nbsp;(de la puerta de la Rural), conviene tomar el que va por Gaona hasta la estaci&oacute;n&nbsp;Moreno. De all&iacute; tomar el colectivo La Perlita hasta estaci&oacute;n La Reja. Desde la&nbsp;estaci&oacute;n La Reja son 250 mts. (hacia la derecha, sin cruzar las v&iacute;as).</div>\n      \n'),(599,'aImage',NULL,NULL),(600,'aRichText',NULL,'\n\n      <h3>&nbsp;Como llegar?</h3><p>\n&nbsp;1) En auto:</p><div>Para llegar al lugar desde Capital Federal en auto, tomamos el ACCESO OESTE&nbsp;(Av. Gaona, Autopista del Oeste), hasta el Km. 38 donde ingresamos en la salida&nbsp;indicada como LA REJA.</div><div>&bull; Cruzamos la autopista por el puente y seguimos derecho por esa calle en la&nbsp;que desemboca (llamada Rold&aacute;n).</div><div>&bull; Bordeando el Cementerio por todo su per&iacute;metro cuando doblamos a la&nbsp;derecha ingresamos a la calle C. Larralde.</div><div>&bull; Seguimos una cuadra luego del Cementerio, hasta llegar a la Av. Alfonsina&nbsp;Storni. Desde all&iacute; son 6 cuadras derecho.</div><div>2) En tren (TBA &ndash; ex Sarmiento)</div><div>Desde Plaza Once (en Capital Federal), estaci&oacute;n Miserere, hasta estaci&oacute;n&nbsp;Moreno, hay trenes cada 5 minutos. Tiempo de viaje: 1 hora. Desde Moreno se</div><div>puede empalmar con el ramal que contin&uacute;a hasta estaci&oacute;n La Reja, pero tiene&nbsp;poca frecuencia y con numerosas demoras. Se puede tomar cualquier l&iacute;nea de&nbsp;colectivo 311 (La Perlita) desde Moreno hasta La Reja (son 5 a 7 minutos de viaje,&nbsp;ya que son unas 25 a 30 cuadras).</div><div>Desde la estaci&oacute;n La Reja son 250 mts. hasta El Parque (a la derecha, sin cruzar&nbsp;las v&iacute;as del tren).</div><div>3) En colectivo (l&iacute;nea 57, Transportes Atl&aacute;ntida)</div><div>Desde Capital Federal sale de Plaza Miserere un r&aacute;pido y tambi&eacute;n de Plaza Italia&nbsp;(de la puerta de la Rural), conviene tomar el que va por Gaona hasta la estaci&oacute;n&nbsp;Moreno. De all&iacute; tomar el colectivo La Perlita hasta estaci&oacute;n La Reja. Desde la&nbsp;estaci&oacute;n La Reja son 250 mts. (hacia la derecha, sin cruzar las v&iacute;as).</div>\n      \n'),(601,'aRichText',NULL,'\n\n      <h3>&nbsp;El Parque tiene los siguientes elementos</h3>\n      \n'),(602,'fSnapShot',NULL,'a:4:{s:3:\"url\";N;s:5:\"title\";s:7:\"La Sala\";s:4:\"text\";s:258:\"Su interior simboliza el acceso a la experiencia interna profunda a través de un espacio semiesférico vacío de íconos, símbolos o imágenes. Exteriormente, los muros hacen de enmarque de una esfera, que en su cúspide indica la dirección hacia lo alto.\";s:5:\"align\";s:4:\"left\";}'),(603,'fSnapShot',NULL,'a:4:{s:3:\"url\";N;s:5:\"title\";s:7:\"La Sala\";s:4:\"text\";s:258:\"Su interior simboliza el acceso a la experiencia interna profunda a través de un espacio semiesférico vacío de íconos, símbolos o imágenes. Exteriormente, los muros hacen de enmarque de una esfera, que en su cúspide indica la dirección hacia lo alto.\";s:5:\"align\";s:4:\"left\";}'),(604,'aRichText',NULL,'\n\n      <p>\n&nbsp;Que son estos Parques?</p><div><p>\nSon espacios abiertos al Estudio y Reflexi&oacute;n, para profundizar en nosotros mismos y favorecer la no-discriminaci&oacute;n, el afecto y la reciprocidad en el trato a los dem&aacute;s.</p><p>\nAspiramos a que desde ellos surja una verdadera oleada de buenos sentimientos que ayuden a develar lo Sagrado en uno y fuera de uno, permiti&eacute;ndonos comprender que no estamos solos en este mundo ni en los infinitos mundos.</p><p>\nConozca los Parques de Estudio y Reflexi&oacute;n &nbsp;a trav&eacute;s de este video.&nbsp;</p></div>\n      \n'),(605,'aRichText',NULL,'\n\n      <h3>&nbsp;Que son estos Parques?</h3><div><p>\nSon espacios abiertos al Estudio y Reflexi&oacute;n, para profundizar en nosotros mismos y favorecer la no-discriminaci&oacute;n, el afecto y la reciprocidad en el trato a los dem&aacute;s.</p><p>\nAspiramos a que desde ellos surja una verdadera oleada de buenos sentimientos que ayuden a develar lo Sagrado en uno y fuera de uno, permiti&eacute;ndonos comprender que no estamos solos en este mundo ni en los infinitos mundos.</p><p>\nConozca los Parques de Estudio y Reflexi&oacute;n &nbsp;a trav&eacute;s de este video.&nbsp;</p></div>\n      \n'),(606,'aRichText',NULL,'\n\n      <h3>&nbsp;Que son estos Parques?</h3><div><p>\nSon espacios abiertos al Estudio y Reflexi&oacute;n, para profundizar en nosotros mismos y favorecer la no-discriminaci&oacute;n, el afecto y la reciprocidad en el trato a los dem&aacute;s.</p>  Aspiramos a que desde ellos surja una verdadera oleada de buenos sentimientos que ayuden a develar lo Sagrado en uno y fuera de uno, permiti&eacute;ndonos comprender que no estamos solos en este mundo ni en los infinitos mundos.  Conozca los Parques de Estudio y Reflexi&oacute;n &nbsp;a trav&eacute;s de este video.&nbsp;</div>\n      \n'),(607,'aVideo',NULL,NULL),(608,'aRichText',NULL,'\n\n      <h3>&nbsp;Que son estos Parques?</h3><div><p>\nSon espacios abiertos al Estudio y Reflexi&oacute;n, para profundizar en nosotros mismos y favorecer la no-discriminaci&oacute;n, el afecto y la reciprocidad en el trato a los dem&aacute;s.</p><p>\nAspiramos a que desde ellos surja una verdadera oleada de buenos sentimientos que ayuden a develar lo Sagrado en uno y fuera de uno, permiti&eacute;ndonos comprender que no estamos solos en este mundo ni en los infinitos mundos.</p><p>\n&nbsp;</p><p>\nConozca los Parques de Estudio y Reflexi&oacute;n &nbsp;a trav&eacute;s de este video.&nbsp;</p></div>\n      \n'),(609,'aRichText',NULL,'\n\n      <h3>&nbsp;Que son estos Parques?</h3>\n\n<p>\nSon espacios abiertos al Estudio y Reflexi&oacute;n, para profundizar en nosotros mismos y favorecer la no-discriminaci&oacute;n, el afecto y la reciprocidad en el trato a los dem&aacute;s.</p>\n<p>\nAspiramos a que desde ellos surja una verdadera oleada de buenos sentimientos que ayuden a develar lo Sagrado en uno y fuera de uno, permiti&eacute;ndonos comprender que no estamos solos en este mundo ni en los infinitos mundos.</p>\n<p>\n&nbsp;</p>\n<p>\nConozca los Parques de Estudio y Reflexi&oacute;n &nbsp;a trav&eacute;s de este video.&nbsp;</p>\n      \n'),(610,'aRichText',NULL,'\n\n      <h3>&nbsp;Que son estos Parques?</h3>\n\n<p>Son espacios abiertos al Estudio y Reflexi&oacute;n, para profundizar en nosotros mismos y favorecer la no-discriminaci&oacute;n, el afecto y la reciprocidad en el trato a los dem&aacute;s.</p>\n<p>Aspiramos a que desde ellos surja una verdadera oleada de buenos sentimientos que ayuden a develar lo Sagrado en uno y fuera de uno, permiti&eacute;ndonos comprender que no estamos solos en este mundo ni en los infinitos mundos.</p>\n<p>&nbsp;</p>\n<p>Conozca los Parques de Estudio y Reflexi&oacute;n &nbsp;a trav&eacute;s de este video.&nbsp;</p>\n      \n'),(611,'aRichText',NULL,'\n\n      <p>\n&nbsp;El Centro de Estudio</p><p>\n&Aacute;mbito donde se desarrollan los trabajos de Escuela, donde maestros y disc&iacute;pulos realizan sus pr&aacute;cticas y estudios.</p>\n      \n'),(612,'aRichText',NULL,'\n\n      <h3>El Centro de Estudio</h3><p>\n&Aacute;mbito donde se desarrollan los trabajos de Escuela, donde maestros y disc&iacute;pulos realizan sus pr&aacute;cticas y estudios.</p>\n      \n'),(613,'fSnapShot',NULL,'a:4:{s:3:\"url\";N;s:5:\"title\";s:20:\"El Centro de Estudio\";s:4:\"text\";s:118:\"Ámbito donde se desarrollan los trabajos de Escuela, donde maestros y discípulos realizan sus prácticas y estudios.\";s:5:\"align\";s:4:\"left\";}'),(614,'fSnapShot',NULL,'a:4:{s:3:\"url\";N;s:5:\"title\";s:20:\"El Centro de Estudio\";s:4:\"text\";s:118:\"Ámbito donde se desarrollan los trabajos de Escuela, donde maestros y discípulos realizan sus prácticas y estudios.\";s:5:\"align\";s:4:\"left\";}'),(615,'fSnapShot',NULL,'a:4:{s:3:\"url\";N;s:5:\"title\";s:11:\"El Monolito\";s:4:\"text\";s:172:\"Construido completamente en acero inoxidable para reflejar la época actual, fija la coordenada del tiempo en que se fundó este lugar y permite la alineación del espacio.\";s:5:\"align\";s:5:\"right\";}'),(616,'fSnapShot',NULL,'a:4:{s:3:\"url\";N;s:5:\"title\";s:11:\"El Monolito\";s:4:\"text\";s:172:\"Construido completamente en acero inoxidable para reflejar la época actual, fija la coordenada del tiempo en que se fundó este lugar y permite la alineación del espacio.\";s:5:\"align\";s:5:\"right\";}'),(617,'fSnapShot',NULL,'a:4:{s:3:\"url\";N;s:5:\"title\";s:7:\"La Sala\";s:4:\"text\";s:258:\"Su interior simboliza el acceso a la experiencia interna profunda a través de un espacio semiesférico vacío de íconos, símbolos o imágenes. Exteriormente, los muros hacen de enmarque de una esfera, que en su cúspide indica la dirección hacia lo alto.\";s:5:\"align\";s:5:\"right\";}'),(618,'fSnapShot',NULL,'a:4:{s:3:\"url\";N;s:5:\"title\";s:34:\"La Estela o Muro de Reconocimiento\";s:4:\"text\";s:319:\"Están en ella grabados los nombres de todos quienes contribuyeron a la construcción del Parque, del mismo modo en que las antiguas estelas mesopotámicas, egipcias, sumerias o mayas, esculpidas en piedra, dejaban testimonios de los acontecimientos o hechos significativos que sucedieron al momento de ser construidas.\";s:5:\"align\";s:4:\"left\";}'),(619,'fSnapShot',NULL,'a:4:{s:3:\"url\";N;s:5:\"title\";s:34:\"La Estela o Muro de Reconocimiento\";s:4:\"text\";s:319:\"Están en ella grabados los nombres de todos quienes contribuyeron a la construcción del Parque, del mismo modo en que las antiguas estelas mesopotámicas, egipcias, sumerias o mayas, esculpidas en piedra, dejaban testimonios de los acontecimientos o hechos significativos que sucedieron al momento de ser construidas.\";s:5:\"align\";s:4:\"left\";}'),(620,'fSnapShot',NULL,'a:4:{s:3:\"url\";N;s:5:\"title\";s:17:\"La Fuente de Agua\";s:4:\"text\";s:93:\"Representa alegóricamente la energía por la fusión de los principios femenino y masculino.\";s:5:\"align\";s:4:\"left\";}'),(621,'fSnapShot',NULL,'a:4:{s:3:\"url\";N;s:5:\"title\";s:17:\"La Fuente de Agua\";s:4:\"text\";s:93:\"Representa alegóricamente la energía por la fusión de los principios femenino y masculino.\";s:5:\"align\";s:5:\"right\";}'),(622,'fSnapShot',NULL,'a:4:{s:3:\"url\";N;s:5:\"title\";s:17:\"La Fuente de Agua\";s:4:\"text\";s:93:\"Representa alegóricamente la energía por la fusión de los principios femenino y masculino.\";s:5:\"align\";s:5:\"right\";}'),(623,'fSnapShot',NULL,'a:4:{s:3:\"url\";N;s:5:\"title\";s:9:\"El Portal\";s:4:\"text\";s:169:\"Marca el límite entre la externalidad del mundo y la interioridad del ser humano, buscando producir un cambio en el estado interno de todo aquel que entra a este lugar.\";s:5:\"align\";s:4:\"left\";}'),(624,'fSnapShot',NULL,'a:4:{s:3:\"url\";N;s:5:\"title\";s:9:\"El Portal\";s:4:\"text\";s:169:\"Marca el límite entre la externalidad del mundo y la interioridad del ser humano, buscando producir un cambio en el estado interno de todo aquel que entra a este lugar.\";s:5:\"align\";s:4:\"left\";}'),(625,'fSnapShot',NULL,'a:4:{s:3:\"url\";N;s:5:\"title\";s:20:\"El Centro de Trabajo\";s:4:\"text\";s:69:\"Es el lugar donde se realizan retiros y jornadas de trabajo personal.\";s:5:\"align\";s:4:\"left\";}'),(626,'fSnapShot',NULL,'a:4:{s:3:\"url\";N;s:5:\"title\";s:20:\"El Centro de Trabajo\";s:4:\"text\";s:69:\"Es el lugar donde se realizan retiros y jornadas de trabajo personal.\";s:5:\"align\";s:5:\"right\";}'),(627,'fSnapShot',NULL,'a:4:{s:3:\"url\";N;s:5:\"title\";s:20:\"El Centro de Trabajo\";s:4:\"text\";s:69:\"Es el lugar donde se realizan retiros y jornadas de trabajo personal.\";s:5:\"align\";s:5:\"right\";}'),(628,'fSnapShot',NULL,'a:4:{s:3:\"url\";N;s:5:\"title\";s:20:\"El Centro de Trabajo\";s:4:\"text\";s:69:\"Es el lugar donde se realizan retiros y jornadas de trabajo personal.\";s:5:\"align\";s:5:\"right\";}'),(629,'aText',NULL,'Proximas Actividades'),(630,'fSnapShot',NULL,'a:4:{s:3:\"url\";N;s:5:\"title\";s:20:\"El Centro de Estudio\";s:4:\"text\";s:298:\"Es un lugar de retiro y de estudio. Desde aquí las Maestras y Maestros de la Escuela investigan, reflexionan y producen contribuciones útiles para la superación del sufrimiento y para el conocimiento y la comprensión de distintos aspectos referidos a la existencia humana.prácticas y estudios.\";s:5:\"align\";s:4:\"left\";}'),(631,'fSnapShot',NULL,'a:4:{s:3:\"url\";N;s:5:\"title\";s:20:\"El Centro de Estudio\";s:4:\"text\";s:276:\"Es un lugar de retiro y de estudio. Desde aquí las Maestras y Maestros de la Escuela investigan, reflexionan y producen contribuciones útiles para la superación del sufrimiento y para el conocimiento y la comprensión de distintos aspectos referidos a la existencia humana.\";s:5:\"align\";s:4:\"left\";}'),(632,'fSnapShot',NULL,'a:4:{s:3:\"url\";N;s:5:\"title\";s:6:\"Taller\";s:4:\"text\";s:179:\"Es el lugar donde se desarrolla el Oficio del Fuego: conservación y producción del fuego, prácticas con materiales en frio y moldes, y trabajos con cerámica, metales y vidrio.\";s:5:\"align\";s:4:\"left\";}'),(633,'fSnapShot',NULL,'a:4:{s:3:\"url\";N;s:5:\"title\";s:6:\"Taller\";s:4:\"text\";s:179:\"Es el lugar donde se desarrolla el Oficio del Fuego: conservación y producción del fuego, prácticas con materiales en frio y moldes, y trabajos con cerámica, metales y vidrio.\";s:5:\"align\";s:4:\"left\";}'),(634,'aText',NULL,'Actividades Anteriores'),(635,'aText',NULL,'Archivo'),(636,'fSnapShot',NULL,'a:4:{s:3:\"url\";N;s:5:\"title\";s:15:\"Salón Multiuso\";s:4:\"text\";s:87:\"Es un ámbito abierto para reuniones, seminarios, talleres y encuentros de intercambio.\";s:5:\"align\";s:4:\"left\";}'),(637,'fSnapShot',NULL,'a:4:{s:3:\"url\";N;s:5:\"title\";s:15:\"Salón Multiuso\";s:4:\"text\";s:87:\"Es un ámbito abierto para reuniones, seminarios, talleres y encuentros de intercambio.\";s:5:\"align\";s:5:\"right\";}'),(638,'fSnapShot',NULL,'a:4:{s:3:\"url\";N;s:5:\"title\";s:15:\"Salón Multiuso\";s:4:\"text\";s:87:\"Es un ámbito abierto para reuniones, seminarios, talleres y encuentros de intercambio.\";s:5:\"align\";s:5:\"right\";}'),(639,'fSnapShot',NULL,'a:4:{s:3:\"url\";N;s:5:\"title\";s:17:\"La Fuente de Agua\";s:4:\"text\";s:93:\"Representa alegóricamente la energía por la fusión de los principios femenino y masculino.\";s:5:\"align\";s:5:\"right\";}'),(640,'aText',NULL,'Untitled'),(641,'aText',NULL,''),(642,'aText',NULL,'untitled'),(643,'aText',NULL,''),(644,'aText',NULL,'Celebraci&oacute;n del Dia del Testimonio'),(645,'aText',NULL,''),(646,'aRichText',NULL,'\n\n      <p>\n\n\n\n\n&nbsp;Celebraci&oacute;n con distintas actividades en el Parque.</p>\n      \n'),(647,'aText',NULL,'Celebraci&oacute;n del Dia del Testimonio'),(648,'aText',NULL,''),(649,'aRichText',NULL,'\n\n      <h3>&nbsp;Como llegar?</h3><p>\n&nbsp;1) En auto:</p><div>Para llegar al lugar desde Capital Federal en auto, tomamos el ACCESO OESTE&nbsp;(Av. Gaona, Autopista del Oeste), hasta el Km. 38 donde ingresamos en la salida&nbsp;indicada como LA REJA.</div><div>&bull; Cruzamos la autopista por el puente y seguimos derecho por esa calle en la&nbsp;que desemboca (llamada Rold&aacute;n).</div><div>&bull; Bordeando el Cementerio por todo su per&iacute;metro cuando doblamos a la&nbsp;derecha ingresamos a la calle C. Larralde.</div><div>&bull; Seguimos una cuadra luego del Cementerio, hasta llegar a la Av. Alfonsina&nbsp;Storni. Desde all&iacute; son 6 cuadras derecho.</div><div>2) En tren (TBA &ndash; ex Sarmiento)</div><div>Desde Plaza Once (en Capital Federal), estaci&oacute;n Miserere, hasta estaci&oacute;n&nbsp;Moreno, hay trenes cada 5 minutos. Tiempo de viaje: 1 hora. Desde Moreno se</div><div>puede empalmar con el ramal que contin&uacute;a hasta estaci&oacute;n La Reja, pero tiene&nbsp;poca frecuencia y con numerosas demoras. Se puede tomar cualquier l&iacute;nea de&nbsp;colectivo 311 (La Perlita) desde Moreno hasta La Reja (son 5 a 7 minutos de viaje,&nbsp;ya que son unas 25 a 30 cuadras).</div><div>Desde la estaci&oacute;n La Reja son 250 mts. hasta El Parque (a la derecha, sin cruzar&nbsp;las v&iacute;as del tren).</div><div>3) En colectivo (l&iacute;nea 57, Transportes Atl&aacute;ntida)</div><div>Desde Capital Federal sale de Plaza Miserere un r&aacute;pido y tambi&eacute;n de Plaza Italia&nbsp;(de la puerta de la Rural), conviene tomar el que va por Gaona hasta la estaci&oacute;n&nbsp;Moreno. De all&iacute; tomar el colectivo La Perlita hasta estaci&oacute;n La Reja. Desde la&nbsp;estaci&oacute;n La Reja son 250 mts. (hacia la derecha, sin cruzar las v&iacute;as).</div>\n      \n'),(650,'aRichText',NULL,'\n\n      <h3>&nbsp;Como llegar?</h3>\n<p>\n&nbsp;1) En auto:</p>\nPara llegar al lugar desde Capital Federal en auto, tomamos el ACCESO OESTE&nbsp;(Av. Gaona, Autopista del Oeste), hasta el Km. 38 donde ingresamos en la salida&nbsp;indicada como LA REJA.\n&bull; Cruzamos la autopista por el puente y seguimos derecho por esa calle en la&nbsp;que desemboca (llamada Rold&aacute;n).\n&bull; Bordeando el Cementerio por todo su per&iacute;metro cuando doblamos a la&nbsp;derecha ingresamos a la calle C. Larralde.\n&bull; Seguimos una cuadra luego del Cementerio, hasta llegar a la Av. Alfonsina&nbsp;Storni. Desde all&iacute; son 6 cuadras derecho.\n2) En tren (TBA &ndash; ex Sarmiento)\nDesde Plaza Once (en Capital Federal), estaci&oacute;n Miserere, hasta estaci&oacute;n&nbsp;Moreno, hay trenes cada 5 minutos. Tiempo de viaje: 1 hora. Desde Moreno se puede empalmar con el ramal que contin&uacute;a hasta estaci&oacute;n La Reja, pero tiene&nbsp;poca frecuencia y con numerosas demoras. Se puede tomar cualquier l&iacute;nea de&nbsp;colectivo 311 (La Perlita) desde Moreno hasta La Reja (son 5 a 7 minutos de viaje,&nbsp;ya que son unas 25 a 30 cuadras).\nDesde la estaci&oacute;n La Reja son 250 mts. hasta El Parque (a la derecha, sin cruzar&nbsp;las v&iacute;as del tren).\n3) En colectivo (l&iacute;nea 57, Transportes Atl&aacute;ntida)\nDesde Capital Federal sale de Plaza Miserere un r&aacute;pido y tambi&eacute;n de Plaza Italia&nbsp;(de la puerta de la Rural), conviene tomar el que va por Gaona hasta la estaci&oacute;n&nbsp;Moreno. De all&iacute; tomar el colectivo La Perlita hasta estaci&oacute;n La Reja. Desde la&nbsp;estaci&oacute;n La Reja son 250 mts. (hacia la derecha, sin cruzar las v&iacute;as).\n      \n'),(651,'aRichText',NULL,'\n\n      <h3>&nbsp;Como llegar?</h3>\n1) En auto:\nPara llegar al lugar desde Capital Federal en auto, tomamos el ACCESO OESTE&nbsp;(Av. Gaona, Autopista del Oeste), hasta el Km. 38 donde ingresamos en la salida&nbsp;indicada como LA REJA. &bull; Cruzamos la autopista por el puente y seguimos derecho por esa calle en la&nbsp;que desemboca (llamada Rold&aacute;n). &bull; Bordeando el Cementerio por todo su per&iacute;metro cuando doblamos a la&nbsp;derecha ingresamos a la calle C. Larralde. &bull; Seguimos una cuadra luego del Cementerio, hasta llegar a la Av. Alfonsina&nbsp;Storni. Desde all&iacute; son 6 cuadras derecho. 2) En tren (TBA &ndash; ex Sarmiento) Desde Plaza Once (en Capital Federal), estaci&oacute;n Miserere, hasta estaci&oacute;n&nbsp;Moreno, hay trenes cada 5 minutos. Tiempo de viaje: 1 hora. Desde Moreno se puede empalmar con el ramal que contin&uacute;a hasta estaci&oacute;n La Reja, pero tiene&nbsp;poca frecuencia y con numerosas demoras. Se puede tomar cualquier l&iacute;nea de&nbsp;colectivo 311 (La Perlita) desde Moreno hasta La Reja (son 5 a 7 minutos de viaje,&nbsp;ya que son unas 25 a 30 cuadras). Desde la estaci&oacute;n La Reja son 250 mts. hasta El Parque (a la derecha, sin cruzar&nbsp;las v&iacute;as del tren). 3) En colectivo (l&iacute;nea 57, Transportes Atl&aacute;ntida) Desde Capital Federal sale de Plaza Miserere un r&aacute;pido y tambi&eacute;n de Plaza Italia&nbsp;(de la puerta de la Rural), conviene tomar el que va por Gaona hasta la estaci&oacute;n&nbsp;Moreno. De all&iacute; tomar el colectivo La Perlita hasta estaci&oacute;n La Reja. Desde la&nbsp;estaci&oacute;n La Reja son 250 mts. (hacia la derecha, sin cruzar las v&iacute;as).\n      \n'),(652,'aRichText',NULL,'\n\n      <h3>&nbsp;Como llegar?</h3><p>1) En auto:</p><p>Para llegar al lugar desde Capital Federal en auto, tomamos el ACCESO OESTE&nbsp;(Av. Gaona, Autopista del Oeste), hasta el Km. 38 donde ingresamos en la salida&nbsp;indicada como LA REJA. &bull; Cruzamos la autopista por el puente y seguimos derecho por esa calle en la&nbsp;que desemboca (llamada Rold&aacute;n). &bull; Bordeando el Cementerio por todo su per&iacute;metro cuando doblamos a la&nbsp;derecha ingresamos a la calle C. Larralde. &bull; Seguimos una cuadra luego del Cementerio, hasta llegar a la Av. Alfonsina&nbsp;Storni. Desde all&iacute; son 6 cuadras derecho.</p><p>2) En tren (TBA &ndash; ex Sarmiento) Desde Plaza Once (en Capital Federal), estaci&oacute;n Miserere, hasta estaci&oacute;n&nbsp;Moreno, hay trenes cada 5 minutos. Tiempo de viaje: 1 hora. Desde Moreno se puede empalmar con el ramal que contin&uacute;a hasta estaci&oacute;n La Reja, pero tiene&nbsp;poca frecuencia y con numerosas demoras. Se puede tomar cualquier l&iacute;nea de&nbsp;colectivo 311 (La Perlita) desde Moreno hasta La Reja (son 5 a 7 minutos de viaje,&nbsp;ya que son unas 25 a 30 cuadras). Desde la estaci&oacute;n La Reja son 250 mts. hasta El Parque (a la derecha, sin cruzar&nbsp;las v&iacute;as del tren).</p><p>3) En colectivo (l&iacute;nea 57, Transportes Atl&aacute;ntida) Desde Capital Federal sale de Plaza Miserere un r&aacute;pido y tambi&eacute;n de Plaza Italia&nbsp;(de la puerta de la Rural), conviene tomar el que va por Gaona hasta la estaci&oacute;n&nbsp;Moreno. De all&iacute; tomar el colectivo La Perlita hasta estaci&oacute;n La Reja. Desde la&nbsp;estaci&oacute;n La Reja son 250 mts. (hacia la derecha, sin cruzar las v&iacute;as).</p>\n      \n'),(653,'aImage',NULL,NULL),(654,'aImage',NULL,NULL),(655,'aImage',NULL,NULL),(656,'aRichText',NULL,'\n\n      <h3>S&aacute;bado 7/5 Celebraci&oacute;n del D&iacute;a del Testimonio</h3>\n      \n'),(657,'aRichText',NULL,'\n\n      <h3>S&aacute;bado 7/5 Celebraci&oacute;n del D&iacute;a del Testimonio</h3>\n      \n'),(658,'aRichText',NULL,'\n\n      <h4>S&aacute;bado 7/5 Celebraci&oacute;n del D&iacute;a del Testimonio</h4>\n      \n'),(659,'aRichText',NULL,'\n\n      <p>&nbsp;Horario: 12 a 20 hs.</p><p>Testimonios - Ceremonias - Videos</p>\n      \n'),(660,'aText',NULL,'Untitled'),(661,'aText',NULL,''),(662,'aText',NULL,'untitled'),(663,'aText',NULL,''),(664,'aText',NULL,'Ceremonia Mensual de Pedidos y Agradecimientos'),(665,'aText',NULL,''),(666,'aRichText',NULL,''),(667,'aRichText',NULL,'\n\n      <p>\n\n\n\n\n\n\n\n\n\n\n\n\n\n\n\n&nbsp;Ceremonia en la Sala</p>\n      \n'),(668,'aText',NULL,'Ceremonia Mensual de Pedidos y Agradecimientos'),(669,'aText',NULL,''),(670,'aText',NULL,'Ceremonia Mensual de Pedidos y Agradecimientos'),(671,'aText',NULL,'proximas actividades '),(672,'aText',NULL,'Ceremonia Mensual de Pedidos y Agradecimientos'),(673,'aText',NULL,'proximas actividades '),(674,'aText',NULL,'Ceremonia Mensual de Pedidos y Agradecimientos'),(675,'aText',NULL,''),(676,'aSlideshow',NULL,'a:1:{s:5:\"order\";a:20:{i:0;s:2:\"73\";i:1;s:2:\"90\";i:2;s:2:\"89\";i:3;s:2:\"88\";i:4;s:2:\"87\";i:5;s:2:\"86\";i:6;s:2:\"85\";i:7;s:2:\"84\";i:8;s:2:\"82\";i:9;s:2:\"81\";i:10;s:2:\"80\";i:11;s:2:\"79\";i:12;s:2:\"78\";i:13;s:2:\"56\";i:14;s:2:\"96\";i:15;s:2:\"95\";i:16;s:2:\"94\";i:17;s:2:\"93\";i:18;s:2:\"92\";i:19;s:3:\"101\";}}'),(677,'aImage',NULL,NULL),(678,'aButton',NULL,'a:2:{s:3:\"url\";s:50:\"/uploads/media_items/oficio-del-fuego.original.pdf\";s:5:\"title\";s:16:\"Oficio del Fuego\";}'),(679,'aButton',NULL,'a:2:{s:3:\"url\";s:50:\"/uploads/media_items/oficio-del-fuego.original.pdf\";s:5:\"title\";s:16:\"Oficio del Fuego\";}'),(680,'aButton',NULL,'a:2:{s:3:\"url\";s:50:\"/uploads/media_items/oficio-del-fuego.original.pdf\";s:5:\"title\";s:16:\"Oficio del Fuego\";}'),(681,'aButton',NULL,'a:2:{s:3:\"url\";s:50:\"/uploads/media_items/oficio-del-fuego.original.pdf\";s:5:\"title\";s:16:\"Oficio del Fuego\";}'),(682,'aImage',NULL,NULL),(683,'aRichText',NULL,'\n\n      <h4>S&aacute;bado 30/4 Ceremonia Mensual de Pedidos y Agradecimiento</h4>\n      \n'),(684,'aRichText',NULL,'\n\n      <h4>S&aacute;bado 30/4 Ceremonia Mensual de Pedidos y Agradecimientos</h4>\n      \n'),(685,'aSlideshow',NULL,'a:1:{s:5:\"order\";a:21:{i:0;s:2:\"73\";i:1;s:2:\"90\";i:2;s:2:\"89\";i:3;s:2:\"87\";i:4;s:2:\"86\";i:5;s:2:\"85\";i:6;s:2:\"84\";i:7;s:2:\"82\";i:8;s:2:\"81\";i:9;s:2:\"80\";i:10;s:2:\"79\";i:11;s:2:\"78\";i:12;s:2:\"56\";i:13;s:2:\"96\";i:14;s:2:\"95\";i:15;s:2:\"94\";i:16;s:2:\"93\";i:17;s:2:\"92\";i:18;s:3:\"101\";i:19;s:3:\"104\";i:20;s:2:\"99\";}}'),(686,'aVideo',NULL,NULL),(687,'aVideo',NULL,NULL),(688,'aRichText',NULL,'\n\n      <h4>&nbsp;Historia del parque La Reja 2005 - 2011</h4>\n      \n'),(689,'aRichText',NULL,'\n\n      <h4>Historia del parque La Reja 2005 - 2011</h4>\n      \n'),(690,'aRichText',NULL,'\n\n      <h4>Historia del parque</h4><h4>La Reja 2005 - 2011</h4>\n      \n'),(691,'aRichText',NULL,'\n\n      <h4>Historia del Parque &nbsp;La Reja 2005 - 2011</h4>\n      \n'),(692,'aRichText',NULL,'\n\n      <h4>Historia del Parque &nbsp; &nbsp;La Reja 2005 - 2011</h4>\n      \n'),(693,'aRichText',NULL,'\n\n      <h4>Historia del Parque &nbsp; &nbsp; &nbsp; &nbsp; &nbsp; &nbsp; &nbsp; &nbsp; &nbsp; &nbsp; &nbsp; La Reja 2005 - 2011</h4>\n      \n'),(694,'aRichText',NULL,'\n\n      <h4>Historia del Parque &nbsp; &nbsp; &nbsp; &nbsp; &nbsp; &nbsp; &nbsp; &nbsp; &nbsp; &nbsp; &nbsp;La Reja 2005 - 2011</h4>\n      \n'),(695,'aRichText',NULL,'\n\n      <h4>Historia del Parque &nbsp;La Reja 2005 - 2011</h4>\n      \n'),(696,'aRichText',NULL,'\n\n      <h4>Historia del &nbsp;2005 - 2011</h4>\n      \n'),(697,'aRichText',NULL,'\n\n      <h4>Historia del Parque 2005 - 2011</h4>\n      \n'),(698,'aRichText',NULL,'\n\n      <h4>Historia Parques de Estudio y Reflexi&oacute;n La Reja 2005 - 2011</h4>\n      \n'),(699,'aRichText',NULL,'\n\n      <h4>Historia Parques de Estudio y Reflexi&oacute;n &nbsp; &nbsp; La Reja 2005 - 2011</h4>\n      \n'),(700,'aRichText',NULL,'\n\n      <h4>Historia Parques de Estudio y Reflexi&oacute;n &nbsp; &nbsp; &nbsp; &nbsp; La Reja 2005 - 2011</h4>\n      \n'),(701,'aRichText',NULL,'\n\n      <h4>S&aacute;bado 21, Dom 22 y Miercoles 25 de Mayo.</h4><h4>Costrucci&oacute;n del dep&oacute;sito</h4>\n      \n'),(702,'aRichText',NULL,'\n\n      <h4>S&aacute;bado 21, Dom 22 y Miercoles 25 de Mayo.&nbsp;Costrucci&oacute;n del dep&oacute;sito</h4>\n      \n'),(703,'aRichText',NULL,'\n\n      <h4>S&aacute;bado 21, Dom 22 y Miercoles 25 de Mayo. Costrucci&oacute;n del dep&oacute;sito</h4>\n      \n'),(704,'aImage',NULL,NULL),(705,'aImage',NULL,NULL),(706,'aImage',NULL,NULL),(707,'aSlideshow',NULL,'a:1:{s:5:\"order\";a:16:{i:0;s:3:\"104\";i:1;s:2:\"98\";i:2;s:2:\"96\";i:3;s:2:\"95\";i:4;s:2:\"94\";i:5;s:2:\"92\";i:6;s:2:\"89\";i:7;s:2:\"86\";i:8;s:2:\"87\";i:9;s:2:\"85\";i:10;s:2:\"84\";i:11;s:2:\"81\";i:12;s:2:\"80\";i:13;s:2:\"78\";i:14;s:2:\"73\";i:15;s:2:\"57\";}}'),(708,'aRichText',NULL,'\n\n      <h4>S&aacute;bado 21, Dom 22 y Miercoles 25 de Mayo. Costrucci&oacute;n del dep&oacute;sito</h4>\n      \n'),(709,'aText',NULL,'Untitled'),(710,'aText',NULL,''),(711,'aText',NULL,'untitled'),(712,'aText',NULL,''),(713,'aText',NULL,'Untitled'),(714,'aText',NULL,''),(715,'aText',NULL,'untitled'),(716,'aText',NULL,''),(717,'aText',NULL,'Construcci&oacute;n del dep&oacute;sito'),(718,'aText',NULL,''),(719,'aRichText',NULL,'\n\n      <p>\n\n\n\n\n\n\n\n\n\n\n\n\n\n\n\n\n\n\n\n\n\n\n\n\n\n\n\n\n\n\n\n\n\n\n\n\n\n\n\n\n\n\n\n\n\n\n\n&nbsp;Se necesitan voluntarios</p>\n      \n'),(720,'aText',NULL,'Construcci&oacute;n del dep&oacute;sito'),(721,'aText',NULL,''),(722,'aText',NULL,'Construcci&oacute;n del dep&oacute;sito'),(723,'aText',NULL,''),(724,'aText',NULL,'Construcci&oacute;n del dep&oacute;sito'),(725,'aText',NULL,'proximas actividades '),(726,'aText',NULL,'Construcci&oacute;n del dep&oacute;sito'),(727,'aText',NULL,'proximas actividades '),(728,'aText',NULL,'Construcci&oacute;n del dep&oacute;sito'),(729,'aText',NULL,'proximas actividades '),(730,'aText',NULL,'Construcci&oacute;n del dep&oacute;sito'),(731,'aText',NULL,'proximas actividades '),(732,'aText',NULL,'Construccion del deposito'),(733,'aText',NULL,'proximas actividades '),(734,'aText',NULL,'Construccion del deposito'),(735,'aText',NULL,'proximas actividades '),(736,'aText',NULL,'Construccion del deposito'),(737,'aText',NULL,'proximas actividades '),(738,'aText',NULL,'Construccion del deposito'),(739,'aText',NULL,'proximas actividades '),(740,'aText',NULL,'Construccion del deposito'),(741,'aText',NULL,'proximas actividades '),(742,'aText',NULL,'Construccion del deposito'),(743,'aText',NULL,'proximas actividades '),(744,'aButton',NULL,'a:2:{s:3:\"url\";s:9:\"/aBlog/28\";s:5:\"title\";s:69:\"Sábado 21, Dom 22 y Miercoles 25 de Mayo. Costrucción del depósito\";}'),(745,'aButton',NULL,'a:2:{s:3:\"url\";s:9:\"/aBlog/28\";s:5:\"title\";s:69:\"Sábado 21, Dom 22 y Miercoles 25 de Mayo. Costrucción del depósito\";}'),(746,'aButton',NULL,'a:2:{s:3:\"url\";s:9:\"/aBlog/28\";s:5:\"title\";s:69:\"Sábado 21, Dom 22 y Miercoles 25 de Mayo. Costrucción del depósito\";}'),(747,'aButton',NULL,'a:2:{s:3:\"url\";s:9:\"/aBlog/28\";s:5:\"title\";s:69:\"Sábado 21, Dom 22 y Miercoles 25 de Mayo. Costrucción del depósito\";}'),(748,'aText',NULL,'Untitled'),(749,'aText',NULL,''),(750,'aText',NULL,'untitled'),(751,'aText',NULL,''),(752,'aText',NULL,'Costruccion del deposito'),(753,'aText',NULL,''),(754,'aText',NULL,'Costruccion del deposito'),(755,'aText',NULL,'proximas actividades '),(756,'aText',NULL,'Costruccion del deposito'),(757,'aText',NULL,'proximas actividades '),(758,'aText',NULL,'Costruccion del deposito'),(759,'aText',NULL,'proximas actividades '),(760,'aText',NULL,'Untitled'),(761,'aText',NULL,''),(762,'aText',NULL,'untitled'),(763,'aText',NULL,''),(764,'aText',NULL,'Costruccion del deposito'),(765,'aText',NULL,''),(766,'aText',NULL,'Costruccion del deposito'),(767,'aText',NULL,'proximas actividades '),(768,'aText',NULL,'Costruccion del deposito'),(769,'aText',NULL,'proximas actividades '),(770,'aText',NULL,'Costruccion del deposito'),(771,'aText',NULL,'proximas actividades '),(772,'aText',NULL,'Untitled'),(773,'aText',NULL,''),(774,'aText',NULL,'untitled'),(775,'aText',NULL,''),(776,'aText',NULL,'Charla sobre Silo y el Servicio Militar Optativo'),(777,'aText',NULL,''),(778,'aText',NULL,'Charla sobre Silo y el Servicio Militar Optativo'),(779,'aText',NULL,'proximas actividades '),(780,'aText',NULL,'Charla sobre Silo y el Servicio Militar Optativo'),(781,'aText',NULL,'proximas actividades '),(782,'aRichText',NULL,'\n\n      <p>\n\n\n\n\n\n\n\n&nbsp;Sal&oacute;n Multiuso - 15 &nbsp;hs - Jorge D`Alesio</p>\n      \n'),(783,'aText',NULL,'Charla sobre Silo y el Servicio Militar Optativo'),(784,'aText',NULL,'proximas actividades '),(785,'aText',NULL,'Charla sobre Silo y el Servicio Militar Optativo'),(786,'aText',NULL,'proximas actividades '),(787,'aRichText',NULL,'\n\n      <h4>S&aacute;bado 28/5 Ceremonia Mensual de Pedidos y Agradecimientos</h4>\n      \n'),(788,'aRichText',NULL,'\n\n      <h4>S&aacute;bado 28/5 Ceremonia Mensual de Pedidos y Agradecimientos</h4>\n      \n'),(789,'aRichText',NULL,'\n\n      <h4>S&aacute;bado 28/5 &nbsp;- 17 hs Ceremonia Mensual de Pedidos y Agradecimientos</h4>\n      \n'),(790,'aRichText',NULL,'\n\n      <h4>S&aacute;bado 28/5 &nbsp;- 17 hs Ceremonia Mensual de Pedidos y Agradecimientos</h4>\n      \n'),(791,'aRichText',NULL,'\n\n      <h4>S&aacute;bado 28/5 &nbsp;- 17 hs Ceremonia Mensual de Pedidos y Agradecimientos</h4>\n      \n'),(792,'aRichText',NULL,'\n\n      <h4>S&aacute;bado 28/5 &nbsp;- 17 hs Ceremonia Mensual de Pedidos y Agradecimientos</h4>\n      \n'),(793,'aRichText',NULL,'\n\n      <h4>S&aacute;bado 28/5 &nbsp;- 17 hs Ceremonia Mensual de Pedidos y Agradecimientos</h4>\n      \n'),(794,'aRichText',NULL,'\n\n      <h5>S&aacute;bado 28/5 &nbsp;- 17 hs Ceremonia Mensual de Pedidos y Agradecimientos</h5>\n      \n'),(795,'aRichText',NULL,'\n\n      <h4>S&aacute;bado 28/5 &nbsp;- 17 hs Ceremonia Mensual</h4><h4>de Pedidos&nbsp;</h4>\n      \n'),(796,'aRichText',NULL,'\n\n      <h4>S&aacute;bado 28/5 &nbsp;- 17 hs Ceremonia Mensual &nbsp; &nbsp; &nbsp; &nbsp; &nbsp; &nbsp; &nbsp; &nbsp; &nbsp;de Pedidos&nbsp;</h4>\n      \n'),(797,'aRichText',NULL,'\n\n      <h4>S&aacute;bado 28/5 &nbsp;- 17 hs Ceremonia Mensual &nbsp; &nbsp; &nbsp; &nbsp; &nbsp; &nbsp; &nbsp; &nbsp; de Pedidos&nbsp;</h4>\n      \n'),(798,'aRichText',NULL,'\n\n      <h4>S&aacute;bado 28/5 &nbsp;- 17 hs Ceremonia Mensual&nbsp;de Pedidos&nbsp;</h4>\n      \n'),(799,'aSlideshow',NULL,'a:1:{s:5:\"order\";a:21:{i:0;s:3:\"104\";i:1;s:2:\"98\";i:2;s:2:\"96\";i:3;s:2:\"95\";i:4;s:2:\"94\";i:5;s:2:\"92\";i:6;s:2:\"89\";i:7;s:2:\"86\";i:8;s:2:\"87\";i:9;s:2:\"85\";i:10;s:2:\"84\";i:11;s:2:\"81\";i:12;s:2:\"80\";i:13;s:2:\"78\";i:14;s:2:\"73\";i:15;s:2:\"57\";i:16;s:2:\"99\";i:17;s:2:\"97\";i:18;s:2:\"90\";i:19;s:2:\"82\";i:20;s:2:\"13\";}}'),(800,'aSlideshow',NULL,'a:1:{s:5:\"order\";a:20:{i:0;s:3:\"104\";i:1;s:2:\"98\";i:2;s:2:\"96\";i:3;s:2:\"95\";i:4;s:2:\"94\";i:5;s:2:\"92\";i:6;s:2:\"89\";i:7;s:2:\"86\";i:8;s:2:\"87\";i:9;s:2:\"85\";i:10;s:2:\"84\";i:11;s:2:\"81\";i:12;s:2:\"80\";i:13;s:2:\"78\";i:14;s:2:\"73\";i:15;s:2:\"57\";i:16;s:2:\"99\";i:17;s:2:\"97\";i:18;s:2:\"90\";i:19;s:2:\"82\";}}'),(801,'aText',NULL,'Untitled'),(802,'aText',NULL,''),(803,'aText',NULL,'untitled'),(804,'aText',NULL,''),(805,'aText',NULL,'Taller de Ceramica - Horneada'),(806,'aText',NULL,''),(807,'aText',NULL,'Taller de Ceramica - Horneada'),(808,'aText',NULL,'proximas actividades '),(809,'aText',NULL,'Taller de Ceramica - Horneada'),(810,'aText',NULL,'proximas actividades '),(811,'aText',NULL,'Taller de Ceramica - Horneada'),(812,'aText',NULL,'proximas actividades '),(813,'aText',NULL,'Taller de Ceramica - Horneada'),(814,'aText',NULL,'proximas actividades '),(815,'aText',NULL,'Untitled'),(816,'aText',NULL,''),(817,'aText',NULL,'untitled'),(818,'aText',NULL,''),(819,'aText',NULL,'Taller de Ceramica - Horneada'),(820,'aText',NULL,'proximas actividades '),(821,'aText',NULL,'Untitled'),(822,'aText',NULL,''),(823,'aText',NULL,'untitled'),(824,'aText',NULL,''),(825,'aText',NULL,'Ceremonia de Pedidos y Agradecimientos'),(826,'aText',NULL,''),(827,'aText',NULL,'Ceremonia de Pedidos y Agradecimientos'),(828,'aText',NULL,''),(829,'aText',NULL,'Ceremonia de Pedidos y Agradecimientos'),(830,'aText',NULL,'proximas actividades '),(831,'aText',NULL,'Ceremonia de Pedidos y Agradecimientos'),(832,'aText',NULL,'proximas actividades '),(833,'aText',NULL,'Ceremonia de Pedidos y Agradecimientos'),(834,'aText',NULL,'proximas actividades '),(835,'aRichText',NULL,'\n\n      <h4>S&aacute;bado 28/5 &nbsp;- 17 hs Ceremonia Mensual&nbsp;de Pedidos y Agradecimientos</h4>\n      \n'),(836,'aRichText',NULL,'\n\n      <h4>S&aacute;bado 28/5 &nbsp;- 17 hs Ceremonia Mensual&nbsp;de Pedidos&nbsp;</h4>\n      \n'),(837,'aText',NULL,'Untitled'),(838,'aText',NULL,''),(839,'aText',NULL,'untitled'),(840,'aText',NULL,''),(841,'aText',NULL,'Taller Acerca del Esp&iacute;ritu Humano'),(842,'aText',NULL,''),(843,'aText',NULL,'Taller Acerca del Esp&iacute;ritu Humano'),(844,'aText',NULL,''),(845,'aText',NULL,'Taller Acerca del Esp&iacute;ritu Humano'),(846,'aText',NULL,''),(847,'aText',NULL,'Taller Acerca del Esp&iacute;ritu Humano'),(848,'aText',NULL,''),(849,'aText',NULL,'Taller Acerca del Esp&iacute;ritu Humano'),(850,'aText',NULL,''),(851,'aText',NULL,'Taller Acerca del Esp&iacute;ritu Humano'),(852,'aText',NULL,''),(853,'aText',NULL,'Taller Acerca del Esp&iacute;ritu Humano'),(854,'aText',NULL,''),(855,'aText',NULL,'Taller Acerca del Esp&iacute;ritu Humano'),(856,'aText',NULL,''),(857,'aText',NULL,'Taller Acerca del Esp&iacute;ritu Humano'),(858,'aText',NULL,'proximas actividades '),(859,'aText',NULL,'Taller Acerca del Esp&iacute;ritu Humano'),(860,'aText',NULL,'proximas actividades '),(861,'aText',NULL,'Taller Acerca del Esp&iacute;ritu Humano'),(862,'aText',NULL,'proximas actividades '),(863,'aRichText',NULL,'\n\n      <p>\n\n\n\n\n\n\n\n\n\n\n\n\n\n\n\n\n\n\n\n\n\n\n\n\n\n\n\n\n\n\n\n\n\n\n\nSalon Multiuso : 10.30 hs</p>\n      \n'),(864,'aText',NULL,'Taller Acerca del Esp&iacute;ritu Humano'),(865,'aText',NULL,'proximas actividades '),(866,'aText',NULL,'Taller Acerca del Esp&iacute;ritu Humano'),(867,'aText',NULL,'proximas actividades '),(868,'aText',NULL,'Taller Acerca del Espiritu Humano'),(869,'aText',NULL,'proximas actividades '),(870,'aText',NULL,'Taller Acerca del Espiritu Humano'),(871,'aText',NULL,'proximas actividades '),(872,'aText',NULL,'Taller Acerca del Espiritu Humano'),(873,'aText',NULL,'proximas actividades '),(874,'aText',NULL,'Taller Acerca del Espiritu Humano'),(875,'aText',NULL,'proximas actividades '),(876,'aText',NULL,'Taller Acerca del Espiritu Humano'),(877,'aText',NULL,'proximas actividades '),(878,'aText',NULL,'Taller Acerca del Espiritu Humano'),(879,'aText',NULL,'proximas actividades '),(880,'aText',NULL,'Taller Acerca del Espiritu Humano'),(881,'aText',NULL,'proximas actividades '),(882,'aRichText',NULL,'\n\n      <h4>S&aacute;bado 25/6 &nbsp;- 17 hs Ceremonia Mensual&nbsp;de Pedidos&nbsp;</h4>\n      \n'),(883,'aRichText',NULL,'\n\n      <h4>S&aacute;bado 25/6 &nbsp;- 17 hs Ceremonia Mensual&nbsp;de Pedidos&nbsp;</h4>\n      \n'),(884,'aText',NULL,'Untitled'),(885,'aText',NULL,''),(886,'aText',NULL,'untitled'),(887,'aText',NULL,''),(888,'aText',NULL,'untitled'),(889,'aText',NULL,'proximas actividades '),(890,'aText',NULL,'Ceremonia Mensual de Pedidos y Agradecimientos'),(891,'aText',NULL,'proximas actividades '),(892,'aText',NULL,'Ceremonia Mensual de Pedidos y Agradecimientos'),(893,'aText',NULL,'proximas actividades '),(894,'aText',NULL,'Ceremonia Mensual de Pedidos y Agradecimientos'),(895,'aText',NULL,'proximas actividades '),(896,'aImage',NULL,NULL),(897,'aRichText',NULL,'\n\n      <p>\nS&aacute;bado 11/6, Domingo 12/6 Cont. Galp&oacute;n (contrapiso y zanjeado)</p>\n      \n'),(898,'aRichText',NULL,'\n\n      <p>\nS&aacute;bado 11/6, Domingo 12/6 Construcci&oacute;n Galp&oacute;n (contrapiso y zanjeado)</p>\n      \n'),(899,'aRichText',NULL,'\n\n      <p>\nS&aacute;bado 11/6, Domingo 12/6 Construcci&oacute;n Galp&oacute;n (contrapiso y zanjeado)</p>\n      \n'),(900,'aRichText',NULL,'\n\n      <p>\nS&aacute;bado 11/6, Domingo 12/6 Construcci&oacute;n Galp&oacute;n (contrapiso y zanjeado)</p>\n      \n'),(901,'aRichText',NULL,'\n\n      <p>\nS&aacute;bado 11/6, Domingo 12/6 Construcci&oacute;n Galp&oacute;n (contrapiso y zanjeado)</p>\n      \n'),(902,'aRichText',NULL,'\n\n      <p>\n<strong>S&aacute;bado 11/6, Domingo 12/6 Construcci&oacute;n Galp&oacute;n (contrapiso y zanjeado)</strong></p>\n      \n'),(903,'aRichText',NULL,'\n\n      <p>\n<strong>S&aacute;bado 11/6, Domingo 12/6 Construcci&oacute;n Galp&oacute;n (contrapiso y zanjeado)</strong></p>\n      \n'),(904,'aRichText',NULL,'\n\n      <p>\n<strong>S&aacute;bado 11/6, Domingo 12/6 Construcci&oacute;n Galp&oacute;n (contrapiso y zanjeado)</strong></p>\n      \n'),(905,'aText',NULL,'Untitled'),(906,'aText',NULL,''),(907,'aText',NULL,'untitled'),(908,'aText',NULL,''),(909,'aText',NULL,'Contrapiso Galpon'),(910,'aText',NULL,''),(911,'aText',NULL,'Contrapiso Galpon'),(912,'aText',NULL,'proximas actividades '),(913,'aText',NULL,'Contrapiso Galpon'),(914,'aText',NULL,'proximas actividades '),(915,'aText',NULL,'Contrapiso Galpon'),(916,'aText',NULL,'proximas actividades '),(917,'aText',NULL,'Contrapiso Galpon - Zanjeado para Luz'),(918,'aText',NULL,'proximas actividades '),(919,'aText',NULL,'Contrapiso Galpon - Zanjeado para Luz'),(920,'aText',NULL,'proximas actividades '),(921,'aImage',NULL,NULL),(922,'aRichText',NULL,'\n\n      <div><h4>S&aacute;bado 25/6 &nbsp;- 17 hs Ceremonia Mensual&nbsp;de Pedidos&nbsp;</h4></div>\n      \n'),(923,'aImage',NULL,NULL),(924,'aRichText',NULL,'\n\n      <p>\nCelebraci&oacute;n Estacional - S&aacute;bado 25/6 - 12 hs.</p>\n      \n'),(925,'aRichText',NULL,'\n\n      <p>\nCelebraci&oacute;n EstacionalS&aacute;bado 25/6 - 12 hs.</p>\n      \n'),(926,'aRichText',NULL,'\n\n      <p>\nCelebraci&oacute;n Estacional S&aacute;bado 25/6 - 12 hs.</p>\n      \n'),(927,'aRichText',NULL,'\n\n      <p>\n&nbsp;</p><p>\n<strong>Celebraci&oacute;n Estacional S&aacute;bado 25/6 - 12 hs.</strong></p>\n      \n'),(928,'aRichText',NULL,'\n\n      <p><strong>Celebraci&oacute;n &nbsp;Estacional S&aacute;bado 25/6 - 12 hs.</strong></p>\n      \n'),(929,'aRichText',NULL,'\n\n      <div><h4>S&aacute;bado 25/6 &nbsp;- 17 hs Ceremonia Mensual&nbsp;de Pedidos y Agradecimientos</h4></div>\n      \n'),(930,'aRichText',NULL,'\n\n      <div><h4>S&aacute;bado 25/6 &nbsp;- 17 hs Ceremonia Mensual &nbsp;de Pedidos&nbsp;</h4></div>\n      \n'),(931,'aRichText',NULL,'\n\n      <div><h4>S&aacute;bado 25/6 &nbsp;- 17 hs Ceremonia Mensual &nbsp; &nbsp; de Pedidos&nbsp;</h4></div>\n      \n'),(932,'aRichText',NULL,'\n\n      <div><h4>S&aacute;bado 25/6 &nbsp;- 17 hs Ceremonia Mensual &nbsp; &nbsp; &nbsp; &nbsp; &nbsp;de Pedidos&nbsp;</h4></div>\n      \n'),(933,'aRichText',NULL,'\n\n      <div><h4>S&aacute;bado 25/6 &nbsp;- 17 hs Ceremonia Mensual &nbsp; &nbsp; &nbsp; &nbsp; de Pedidos&nbsp;</h4></div>\n      \n'),(934,'aText',NULL,'Untitled'),(935,'aText',NULL,''),(936,'aText',NULL,'untitled'),(937,'aText',NULL,''),(938,'aText',NULL,'Estacional de Invierno'),(939,'aText',NULL,''),(940,'aText',NULL,'Estacional de Invierno'),(941,'aText',NULL,''),(942,'aText',NULL,'Estacional de Invierno'),(943,'aText',NULL,'proximas actividades '),(944,'aText',NULL,'Estacional de Invierno'),(945,'aText',NULL,'proximas actividades '),(946,'aText',NULL,'Estacional de Invierno'),(947,'aText',NULL,'proximas actividades '),(948,'aText',NULL,'Estacional de Invierno'),(949,'aText',NULL,'proximas actividades '),(950,'aText',NULL,'Ceremonia Mensual de Pedidos'),(951,'aText',NULL,'proximas actividades '),(952,'aText',NULL,'Ceremonia Mensual de Pedidos'),(953,'aText',NULL,'proximas actividades '),(954,'aText',NULL,'Untitled'),(955,'aText',NULL,''),(956,'aText',NULL,'untitled'),(957,'aText',NULL,''),(958,'aText',NULL,'Estacional de Invierno'),(959,'aText',NULL,''),(960,'aRichText',NULL,'\n\n      <p>\n\n\n\n\n\n\n\n\n\n\n\n\n\n\n\n&nbsp;Desde las 12 hs.</p>\n      \n'),(961,'aText',NULL,'Estacional de Invierno'),(962,'aText',NULL,'proximas actividades '),(963,'aText',NULL,'Estacional de Invierno'),(964,'aText',NULL,'proximas actividades '),(965,'aText',NULL,'Estacional de Invierno'),(966,'aText',NULL,'proximas actividades '),(967,'aText',NULL,'Estacional de Invierno'),(968,'aText',NULL,'proximas actividades '),(969,'aRichText',NULL,'\n\n      <p>&nbsp;17 hs en la Sala</p>\n      \n'),(970,'aText',NULL,'Untitled'),(971,'aText',NULL,''),(972,'aText',NULL,'untitled'),(973,'aText',NULL,''),(974,'aText',NULL,'Seminario La Direcci&oacute;n y los Aforismos'),(975,'aText',NULL,''),(976,'aText',NULL,'Seminario La Direcci&oacute;n y los Aforismos'),(977,'aText',NULL,'proximas actividades '),(978,'aText',NULL,'Seminario La Direcci&oacute;n y los Aforismos'),(979,'aText',NULL,'proximas actividades '),(980,'aRichText',NULL,'\n\n      <p>\nSal&oacute;n Multiuso - 10 hs - Abierto a todos los que quieran participar</p>\n      \n'),(981,'aRichText',NULL,'\n\n      <p>\n\n\n\n\n\n\n\n\n\n\n\n\n\n\n\nSal&oacute;n Multiuso - 10 hs - Abierto a todos los que quieran participar</p>\n      \n'),(982,'aText',NULL,'Seminario La Direcci&oacute;n y los Aforismos'),(983,'aText',NULL,'proximas actividades '),(984,'aText',NULL,'Seminario La Direcci&oacute;n y los Aforismos'),(985,'aText',NULL,'proximas actividades '),(986,'aText',NULL,'Seminario La Direccion y los Aforismos'),(987,'aText',NULL,'proximas actividades '),(988,'aText',NULL,'Seminario La Direccion y los Aforismos'),(989,'aText',NULL,'proximas actividades '),(990,'aImage',NULL,NULL),(991,'aRichText',NULL,'\n\n      <p><strong>S&aacute;bado 18/6, Construcci&oacute;n Galp&oacute;n (contrapiso y zanjeado)</strong></p>\n      \n'),(992,'aRichText',NULL,'\n\n      <h4>Alicia Ordo&ntilde;ez</h4> <ul><li>\n<a href=\"http://parquelareja.cooph.com.ar/uploads/media_items/el-oscurecimiento-del-ser-en-occidente.original.pdf\">El Oscurecimiento del Ser en Occidente</a></li> </ul><h4>Jano Arrechea</h4> <ul><li>\n<a href=\"http://parquelareja.cooph.com.ar/uploads/media_items/el-campo-de-copresencia-en-la-estructura-conciencia-mundo.original.pdf\">El campo de copresencia en la estructura conciencia-mundo</a></li> </ul><h4>Luis Milani</h4> <ul><li>\n<a href=\"http://parquelareja.cooph.com.ar/uploads/media_items/conciencia-inspirada.original.pdf\">Conciencia inspirada y momentos de convergencia sicosocial</a></li> </ul><h4>Victor Piccinini</h4> <ul><li>\n<a href=\"http://parquelareja.cooph.com.ar/uploads/media_items/el-transcurrir.original.pdf\">El Transcurrir</a></li><li>\n<a href=\"http://www.parquelareja.org/uploads/media_items/temporalit%C3%A9-fr.original.pdf\">Temporalit&eacute;</a></li> </ul>\n'),(993,'aRichText',NULL,'\n\n      <h4>Alicia Ordo&ntilde;ez</h4> <ul><li><a href=\"http://parquelareja.cooph.com.ar/uploads/media_items/el-oscurecimiento-del-ser-en-occidente.original.pdf\">El Oscurecimiento del Ser en Occidente</a></li> </ul><h4>Jano Arrechea</h4> <ul><li><a href=\"http://parquelareja.cooph.com.ar/uploads/media_items/el-campo-de-copresencia-en-la-estructura-conciencia-mundo.original.pdf\">El campo de copresencia en la estructura conciencia-mundo</a></li> </ul><h4>Luis Milani</h4> <ul><li><a href=\"http://parquelareja.cooph.com.ar/uploads/media_items/conciencia-inspirada.original.pdf\">Conciencia inspirada y momentos de convergencia sicosocial</a></li> </ul><h4>Victor Piccinini</h4> <ul><li><a href=\"http://parquelareja.cooph.com.ar/uploads/media_items/el-transcurrir.original.pdf\">El Transcurrir</a></li><li><a href=\"http://www.parquelareja.org/uploads/media_items/temporalit%C3%A9-fr.original.pdf\">Temporalit&eacute;</a><b><br></b></li><li><a href=\"http://www.parquelareja.org/uploads/media_items/il-trascorrere-ita.original.pdf\">Il Transcorrere</a></li> </ul>\n'),(994,'aSlideshow',NULL,'a:2:{s:4:\"form\";a:1:{s:4:\"type\";s:8:\"selected\";}s:5:\"order\";a:3:{i:0;s:3:\"122\";i:1;s:3:\"121\";i:2;s:3:\"119\";}}'),(995,'aSlideshow',NULL,'a:2:{s:4:\"form\";a:1:{s:4:\"type\";s:8:\"selected\";}s:5:\"order\";a:26:{i:0;s:3:\"104\";i:1;s:2:\"98\";i:2;s:2:\"96\";i:3;s:2:\"95\";i:4;s:2:\"94\";i:5;s:2:\"92\";i:6;s:2:\"89\";i:7;s:2:\"86\";i:8;s:2:\"87\";i:9;s:2:\"85\";i:10;s:2:\"84\";i:11;s:2:\"81\";i:12;s:2:\"80\";i:13;s:2:\"78\";i:14;s:2:\"73\";i:15;s:2:\"57\";i:16;s:2:\"99\";i:17;s:2:\"97\";i:18;s:2:\"90\";i:19;s:2:\"82\";i:20;s:3:\"388\";i:21;s:3:\"387\";i:22;s:3:\"386\";i:23;s:3:\"385\";i:24;s:3:\"384\";i:25;s:3:\"383\";}}'),(996,'aSlideshow',NULL,'a:2:{s:4:\"form\";a:1:{s:4:\"type\";s:8:\"selected\";}s:5:\"order\";a:6:{i:0;s:3:\"388\";i:1;s:3:\"387\";i:2;s:3:\"386\";i:3;s:3:\"385\";i:4;s:3:\"384\";i:5;s:3:\"383\";}}'),(997,'aText',NULL,'testing'),(998,'aText',NULL,'test'),(999,'aRichText',NULL,'<p>asdfasdfasdf</p>'),(1000,'aText',NULL,'test'),(1001,'aRichText',NULL,'<p>estas son las indicaciones</p>'),(1002,'aPDF',NULL,NULL),(1003,'aText',NULL,'testestest'),(1004,'aText',NULL,'testestest'),(1005,'aText',NULL,'testestest'),(1006,'aBlog',NULL,'a:5:{s:12:\"title_or_tag\";s:4:\"tags\";s:5:\"count\";d:3;s:15:\"categories_list\";a:1:{i:0;s:2:\"11\";}s:9:\"tags_list\";s:0:\"\";s:10:\"blog_posts\";N;}'),(1007,'aSlideshow',NULL,'a:2:{s:4:\"form\";a:1:{s:4:\"type\";s:8:\"selected\";}s:5:\"order\";a:3:{i:0;s:3:\"470\";i:1;s:3:\"434\";i:2;s:3:\"435\";}}'),(1008,'aText',NULL,'Pauta para elaborar el Examen de Obra'),(1009,'aText',NULL,'Uso del Parque'),(1010,'aText',NULL,'testestest celebraci&oacute;n'),(1011,'aText',NULL,'testestest celebraci&oacute;n'),(1012,'aButton',NULL,'a:2:{s:3:\"url\";s:50:\"/uploads/media_items/oficio-del-fuego.original.pdf\";s:5:\"title\";s:16:\"Oficio del Fuego\";}'),(1013,'aVideo',NULL,NULL),(1014,'aVideo',NULL,NULL),(1015,'aSlideshow',NULL,'a:2:{s:4:\"form\";a:1:{s:4:\"type\";s:8:\"selected\";}s:5:\"order\";a:2:{i:0;s:3:\"469\";i:1;s:3:\"468\";}}'),(1016,'aSlideshow',NULL,'a:2:{s:4:\"form\";a:1:{s:4:\"type\";s:8:\"selected\";}s:5:\"order\";a:2:{i:0;s:3:\"469\";i:1;s:3:\"468\";}}'),(1017,'aSlideshow','autoplay','a:2:{s:4:\"form\";a:1:{s:4:\"type\";s:8:\"selected\";}s:5:\"order\";a:6:{i:0;s:3:\"388\";i:1;s:3:\"387\";i:2;s:3:\"386\";i:3;s:3:\"385\";i:4;s:3:\"384\";i:5;s:3:\"383\";}}'),(1018,'aSlideshow','autoplay','a:2:{s:4:\"form\";a:1:{s:4:\"type\";s:8:\"selected\";}s:5:\"order\";a:2:{i:0;s:3:\"469\";i:1;s:3:\"468\";}}'),(1019,'aSlideshow','compact','a:2:{s:4:\"form\";a:1:{s:4:\"type\";s:8:\"selected\";}s:5:\"order\";a:6:{i:0;s:3:\"388\";i:1;s:3:\"387\";i:2;s:3:\"386\";i:3;s:3:\"385\";i:4;s:3:\"384\";i:5;s:3:\"383\";}}'),(1020,'aSlideshow','autoplay','a:2:{s:4:\"form\";a:1:{s:4:\"type\";s:8:\"selected\";}s:5:\"order\";a:6:{i:0;s:3:\"388\";i:1;s:3:\"387\";i:2;s:3:\"386\";i:3;s:3:\"385\";i:4;s:3:\"384\";i:5;s:3:\"383\";}}'),(1021,'aRichText',NULL,'<h3>&nbsp;Novedades</h3>');
/*!40000 ALTER TABLE `a_slot` ENABLE KEYS */;
UNLOCK TABLES;

--
-- Table structure for table `a_slot_media_item`
--

DROP TABLE IF EXISTS `a_slot_media_item`;
/*!40101 SET @saved_cs_client     = @@character_set_client */;
/*!40101 SET character_set_client = utf8 */;
CREATE TABLE `a_slot_media_item` (
  `media_item_id` bigint(20) NOT NULL DEFAULT '0',
  `slot_id` bigint(20) NOT NULL DEFAULT '0',
  PRIMARY KEY (`media_item_id`,`slot_id`),
  KEY `a_slot_media_item_slot_id_a_slot_id` (`slot_id`),
  CONSTRAINT `a_slot_media_item_media_item_id_a_media_item_id` FOREIGN KEY (`media_item_id`) REFERENCES `a_media_item` (`id`) ON DELETE CASCADE,
  CONSTRAINT `a_slot_media_item_slot_id_a_slot_id` FOREIGN KEY (`slot_id`) REFERENCES `a_slot` (`id`) ON DELETE CASCADE
) ENGINE=InnoDB DEFAULT CHARSET=utf8;
/*!40101 SET character_set_client = @saved_cs_client */;

--
-- Dumping data for table `a_slot_media_item`
--

LOCK TABLES `a_slot_media_item` WRITE;
/*!40000 ALTER TABLE `a_slot_media_item` DISABLE KEYS */;
INSERT INTO `a_slot_media_item` VALUES (4,42),(5,76),(5,77),(5,78),(4,105),(6,106),(7,108),(6,111),(6,112),(4,115),(6,116),(4,117),(4,118),(4,119),(6,122),(4,123),(6,124),(8,125),(5,126),(9,128),(8,129),(6,131),(9,132),(8,133),(11,134),(12,139),(9,142),(9,143),(13,145),(13,146),(13,147),(12,151),(19,153),(19,154),(19,155),(12,175),(12,176),(18,178),(18,179),(18,180),(19,190),(4,191),(11,192),(4,193),(11,194),(9,201),(19,202),(11,203),(17,204),(18,204),(19,204),(18,205),(18,206),(13,207),(13,208),(14,209),(14,210),(16,211),(16,212),(17,213),(17,214),(15,215),(15,216),(6,217),(6,218),(21,219),(21,220),(22,221),(22,222),(23,223),(23,224),(24,225),(24,226),(25,227),(25,228),(26,229),(26,230),(27,231),(27,232),(28,233),(28,234),(29,235),(29,236),(30,237),(30,238),(31,239),(31,240),(32,241),(32,242),(33,243),(33,244),(34,245),(34,246),(35,247),(35,248),(36,249),(36,250),(9,251),(37,252),(37,253),(33,254),(38,258),(39,259),(41,262),(40,263),(41,264),(40,265),(42,270),(6,308),(6,309),(6,310),(37,311),(9,312),(36,313),(35,314),(34,315),(33,316),(32,317),(31,318),(30,319),(29,320),(29,321),(4,322),(37,323),(37,324),(36,325),(34,326),(32,327),(30,328),(28,329),(26,330),(24,331),(22,332),(29,333),(28,334),(27,335),(26,336),(25,337),(23,338),(21,339),(4,343),(44,426),(7,465),(4,474),(7,474),(7,476),(14,493),(16,494),(19,495),(48,533),(50,536),(21,537),(35,538),(35,539),(35,540),(50,545),(4,572),(12,576),(61,577),(62,577),(63,577),(64,577),(65,577),(66,577),(67,577),(68,577),(69,577),(70,577),(71,577),(72,577),(73,577),(74,578),(75,579),(76,580),(75,581),(76,582),(48,583),(73,592),(56,593),(73,593),(78,593),(79,593),(80,593),(81,593),(82,593),(84,593),(85,593),(86,593),(87,593),(88,593),(89,593),(90,593),(56,594),(73,594),(78,594),(79,594),(80,594),(81,594),(82,594),(84,594),(85,594),(86,594),(87,594),(88,594),(89,594),(90,594),(92,594),(93,594),(94,594),(95,594),(96,594),(56,595),(73,595),(78,595),(79,595),(80,595),(81,595),(82,595),(84,595),(85,595),(86,595),(87,595),(88,595),(89,595),(90,595),(92,595),(93,595),(94,595),(95,595),(96,595),(7,599),(81,603),(48,607),(97,614),(96,616),(81,617),(78,619),(86,622),(80,624),(98,628),(97,630),(97,631),(82,633),(85,638),(84,639),(100,653),(100,654),(101,655),(56,676),(73,676),(78,676),(79,676),(80,676),(81,676),(82,676),(84,676),(85,676),(86,676),(87,676),(88,676),(89,676),(90,676),(92,676),(93,676),(94,676),(95,676),(96,676),(101,676),(103,678),(103,679),(103,680),(50,681),(103,682),(56,685),(73,685),(78,685),(79,685),(80,685),(81,685),(82,685),(84,685),(85,685),(86,685),(87,685),(89,685),(90,685),(92,685),(93,685),(94,685),(95,685),(96,685),(99,685),(101,685),(104,685),(105,686),(105,687),(106,704),(104,705),(99,706),(57,707),(73,707),(78,707),(80,707),(81,707),(84,707),(85,707),(86,707),(87,707),(89,707),(92,707),(94,707),(95,707),(96,707),(98,707),(104,707),(106,746),(106,747),(13,799),(57,799),(73,799),(78,799),(80,799),(81,799),(82,799),(84,799),(85,799),(86,799),(87,799),(89,799),(90,799),(92,799),(94,799),(95,799),(96,799),(97,799),(98,799),(99,799),(104,799),(57,800),(73,800),(78,800),(80,800),(81,800),(82,800),(84,800),(85,800),(86,800),(87,800),(89,800),(90,800),(92,800),(94,800),(95,800),(96,800),(97,800),(98,800),(99,800),(104,800),(107,896),(103,921),(110,990),(119,994),(121,994),(122,994),(57,995),(73,995),(78,995),(80,995),(81,995),(82,995),(84,995),(85,995),(86,995),(87,995),(89,995),(90,995),(92,995),(94,995),(95,995),(96,995),(97,995),(98,995),(99,995),(104,995),(383,995),(384,995),(385,995),(386,995),(387,995),(388,995),(383,996),(384,996),(385,996),(386,996),(387,996),(388,996),(49,1002),(434,1007),(435,1007),(470,1007),(469,1012),(118,1013),(118,1014),(468,1015),(469,1015),(468,1016),(469,1016),(383,1017),(384,1017),(385,1017),(386,1017),(387,1017),(388,1017),(468,1018),(469,1018),(383,1019),(384,1019),(385,1019),(386,1019),(387,1019),(388,1019),(383,1020),(384,1020),(385,1020),(386,1020),(387,1020),(388,1020);
/*!40000 ALTER TABLE `a_slot_media_item` ENABLE KEYS */;
UNLOCK TABLES;

--
-- Table structure for table `reserva`
--

DROP TABLE IF EXISTS `reserva`;
/*!40101 SET @saved_cs_client     = @@character_set_client */;
/*!40101 SET character_set_client = utf8 */;
CREATE TABLE `reserva` (
  `id` bigint(20) NOT NULL AUTO_INCREMENT,
  `fecha` date DEFAULT NULL,
  `estado_uso_cde` varchar(1) DEFAULT NULL,
  `estado_uso_cdt` varchar(1) DEFAULT NULL,
  `comentario` tinyint(1) DEFAULT NULL,
  `texto` text,
  PRIMARY KEY (`id`)
) ENGINE=InnoDB AUTO_INCREMENT=454 DEFAULT CHARSET=utf8;
/*!40101 SET character_set_client = @saved_cs_client */;

--
-- Dumping data for table `reserva`
--

LOCK TABLES `reserva` WRITE;
/*!40000 ALTER TABLE `reserva` DISABLE KEYS */;
INSERT INTO `reserva` VALUES (1,'2009-05-30','T','T',NULL,'2do Retiro de Postulantes'),(5,'2009-06-27','L','L',0,''),(6,'2009-06-26','T','L',0,''),(7,'2009-07-03','L','T',0,'<p>Comunidad El Aprendizaje, Ret. de Catarsis - 12 personas - postulantes - ingreso 18 hs.</p>'),(8,'2009-07-08','L','T',0,'<p>C 50 Retiro Manual de Formaci&oacute;n 12 personas - salida 18 hs</p>'),(9,'2009-07-09','L','L',0,''),(10,'2009-07-10','L','P',0,'<p>C 53 - Retiro movimiento humanista,&nbsp;&nbsp;6 personas - ingreso 18 hs</p>'),(11,'2009-07-11','L','P',0,'<p>C 53 - Retiro movimiento humanista&nbsp;6 personas - salida 18 hs.</p>'),(12,'2009-07-12','L','T',0,'<p>C 50 - Retiro Operativa MH -12 personas - ingreso 18 hs</p>'),(13,'2009-07-04','L','T',0,'<p>Comunidad El Aprendizaje, Ret. de Catarsis - 12 personas - postulantes</p>'),(14,'2009-07-05','L','T',0,'<p>Comunidad El Aprendizaje, Ret. de Catarsis - 12 personas - postulantes - salida 18 hs</p>'),(15,'2009-07-18','L','T',0,'<p>C133 y C 356 Retiro MH - 12 personas - ingreso 18 hs.</p>'),(16,'2009-09-19','P','T',0,'<p>3&ordm; retiro de postulantes</p>\n<p>C de E: Maestros: Alicia, Esteban, Edgardo, Gustavo, Tania, Silvia; Disc.: Cristina, Emy, Norma, Mim&iacute;, Daniel T,</p>\n<p>C de T: Postulante&nbsp;2 persona Neuqu&eacute;n - / Postulantes&nbsp;6 personas Tucum&aacute;n - / Postulante&nbsp;5 personas&nbsp;M&nbsp;del P&nbsp;/ Postulantes 2 personas C&oacute;rdoba. <strong>Completo!</strong></p>'),(17,'2009-07-19','L','T',0,'<p>C133 y C356 - Retiro MH - 12 personas -&nbsp;salida 18 hs</p>\n<p>Cjo. 178 -&nbsp; Retiro Operativa&nbsp;6 personas (postulantes) - ingreso 18 hs - 6 camas disponibles</p>'),(18,'2009-07-24','P','T',0,'<p>Retiro Postulantes - 12 personas</p>\n<p>CdeE Maestro</p>'),(19,'2009-07-25','T','P',0,'<p>Retiro Postulantes - 12 personas</p>\n<p>CdeE Completo Maestros</p>'),(20,'2009-07-26','T','T',0,'<p>Retiro Postulantes - 12 personas - salida 18 hs</p>\n<p>CdeE Maestros y Disc&iacute;pulos (filmaci&oacute;n)</p>'),(21,'2009-07-06','L','T',0,'<p>C 50 Retiro Manual de Formaci&oacute;n - ingreso 18 hs</p>'),(22,'2009-07-07','L','T',0,'<p>C 50 Retiro Manual de Formaci&oacute;n MH</p>'),(23,'2009-07-13','L','T',0,'<p>C 50 - Retiro Operativa MH 12 personas</p>'),(24,'2009-07-14','L','T',0,'<p>C 50 - Retiro Operativa MH 12 personas</p>'),(25,'2009-07-15','L','T',0,'<p>C 50 - Retiro Operativa MH 12 personas</p>'),(26,'2009-07-16','L','T',0,'<p>C50 - Retiro Operativa MH 12 personas</p>'),(27,'2009-07-17','L','T',0,'<p>C50 - Retiro Operativa MH 12 personas - salida 18 hs</p>\n<p>&nbsp;</p>\n<p>&nbsp;</p>'),(28,'2009-07-20','L','P',0,'<p>Cjo. 178 - Retiro Operativa 6 personas ( postulantes) - 6 camas disponibles</p>\n<p>&nbsp;</p>'),(29,'2009-07-21','L','P',0,'<p>Cjo.178 - Retiro Operativa 6 personas (postulantes) - salida 18 hs - 6 camas disponibles</p>\n<p>Postulantes - Retiro de Operativa 8 personas. Ingreso 18 hs.</p>'),(30,'2009-07-22','L','T',0,'<p>Postulantes - Retiro de Operativa 8 personas. Salida 18 hs.</p>\n<p>Equipo Filmaci&oacute;n ingreso 18 hs</p>'),(31,'2009-07-31','P','P',0,'<p>C de T: Postulantes - Retiro Operativa&nbsp;6 personas. Ingreso 18 hs.</p>\n<div class=\"ii gt\">C de E: Retiro Disc. Maestro Marcos P. Ingreso 18.00 Hs.</div>'),(32,'2009-08-01','P','P',0,'<p>Postulantes  - Retiro Operativa 6 personas. Salida 18 hs.</p><p>Postulantes - Operativa 7 personas - ingreso 18hs.</p><div class=\"ii gt\">C de E: Retiro Disc. Maestro Marcos P.</div>'),(33,'2009-08-02','P','P',0,'<p>Postulantes - Operativa&nbsp;7 personas - egreso 18 hs.</p>\n<p>C de E: Retiro Disc. Maestro Marcos P. Egreso 18.00 Hs.</p>'),(34,'2009-09-12','P','P',0,'<p>C de E: Reuni&oacute;n organizativa 3&ordm; Retiro de Postulantes: Maestros y Disc&iacute;pulos - 15.00 Hs a 19.00 Hs.</p>\n<p>C. de T; Retiro manual MH Relax 5 personas - ingreso 18 hs.</p>\n<p>postulantes 2 personas - egresan 18 hs</p>'),(35,'2009-09-13','P','P',0,'<p>CE: Maestra Silvia - Retiro Disc. Energ&eacute;tica - 3 P. . Ingreso 12.00 Hs.</p>\n<p>CT: Retiro manual MH Relax 5 personas - salida 18 hs.</p>\n<p>&nbsp;</p>'),(36,'2009-08-07','L','P',0,'<p>Postulantes, retiro de operativa 13 personas (Com. del aprendizaje) ingreso 18 hs</p>'),(37,'2009-08-08','L','P',0,'<p>Postulantes, retiro de operativa 13 personas (Com. del aprendizaje)</p>\n<p>Reuni&oacute;n de Silo con Mensajeros de 16.00 a 20.00 Hs., sal&oacute;n del C de T.</p>'),(38,'2009-08-09','L','P',0,'<p>Postulantes, retiro de operativa 13 personas (Com. del aprendizaje)</p>'),(39,'2009-08-10','L','P',0,'<p>Postulantes, retiro de operativa 13 personas (Com. del aprendizaje)&nbsp;salida 18 hs.</p>'),(40,'2009-07-23','P','T',0,'<p>Equipo Filmaci&oacute;n - egreso 18 hs</p>\n<p>CdeE Maestro</p>'),(41,'2009-09-26','L','L',0,''),(42,'2009-09-27','L','L',0,''),(43,'2009-08-26','T','P',0,'<p>C de E: Retiro Disc. Maestros Peco, Silvia, V&iacute;ctor - Ingreso 12.00 Hs</p>'),(44,'2009-08-27','T','P',0,'<p>C de E: Retiro Disc. Maestras Peco, Silvia, V&iacute;ctor -</p>\n<p>postulantes 2 personas - ingreso 18 hs</p>'),(45,'2009-08-28','T','P',0,'<p>C de E: Retiro Disc. Maestras Peco, Silvia, V&iacute;ctor -</p>\n<p>Postulantes 2 personas - egreso 18 hs / Disc&iacute;pulos 4 personas - ingreso 18 hs</p>\n<p>Postulantes 4 personas - Ingreso 18 hs</p>'),(46,'2009-08-29','T','P',0,'<p>C de E: Retiro Disc. Maestras Peco, Silvia, V&iacute;ctor -</p>\n<p>Disc&iacute;pulos 4 personas - egreso 18 hs / Postulantes 4 personas</p>\n<p>Postulante 1 persona ingreso 18 hs</p>'),(47,'2009-08-30','P','P',0,'<p>C de E: Retiro Disc. Maestras Peco, Silvia, V&iacute;ctor - Egreso 12.00 Hs.</p>\n<p>Postulantes 5 personas - egreso 18 hs</p>'),(48,'2009-07-28','L','P',0,'<p>Disc&iacute;pulos 2 personas - ingreso 18 hs.</p>\n<p>&nbsp;</p>'),(49,'2009-07-29','L','P',0,'<p>Disc&iacute;pulos 2 personas - egreso 18 hs</p>\n<p>&nbsp;</p>'),(50,'2009-08-14','L','P',0,'<p>Retiro de Operativa - postulantes&nbsp;12 personas - ingreso 18 hs</p>'),(51,'2009-08-15','L','P',0,'<p>Retiro de Operativa - postulantes&nbsp;12 personas</p>'),(52,'2009-08-16','L','P',0,'<p>Retiro de Operativa - postulantes&nbsp;12 personas - egreso 18 hs</p>\n<p>Postulantes 2 personas - ingreso 18 hs.</p>'),(53,'2009-08-11','L','P',0,'<p>Trabajos de Operativa - 2 personas . postulantes - ingreso 18 hs.</p>'),(54,'2009-08-12','L','P',0,'<p>Trabajos de Operativa - 2 personas . postulantes - egreso 18 hs</p>'),(55,'2009-08-03','L','P',0,'<p>Postulantes&nbsp;6 personas - ingreso 18 hs.</p>'),(56,'2009-08-04','L','P',0,'<p>Postulantes&nbsp;6 personas - egreso 18 hs.</p>'),(57,'2009-08-22','L','P',0,'<p>retiro manual MH - 11 personas - ingreso 18 hs.</p>'),(58,'2009-08-23','L','P',0,'<p>retiro manual MH - 11 personas - egreso 18 hs.</p>\n<p>Postulantes 2 personas - ingreso 18 hs</p>'),(59,'2009-09-20','T','P',0,'<p>3&ordm; Retiro de Postulantes.</p>\n<p>C de E: Maestros: Alicia, Esteban, Edgardo, Gustavo, Tania, Silvia; Disc.: Cristina, Emy, Norma, Mimi, Daniel T, - egreso 21.00 Hs.</p>\n<p>C de T: Postulante&nbsp;2 persona Neuqu&eacute;n - / Postulantes&nbsp;6 personas Tucum&aacute;n - / Postulante&nbsp;5 personas&nbsp;M&nbsp;del P&nbsp;/ Postulantes 2 personas C&oacute;rdoba - <strong>egreso 20 hs.</strong></p>'),(60,'2009-08-17','L','P',0,'<p>Postulantes 2 personas - egreso 18 hs.</p>\n<p>Disc&iacute;pulos 2 personas - ingreso 18 hs</p>'),(61,'2009-09-18','P','T',0,'<p>C de E: Maestros: Tania, Silvia; Disc.: Cristina B, Emy S., Norma, Mim&iacute; - Ingreso 18.00 Hs.</p>\n<p>C de T: Postulante&nbsp;2 persona Neuqu&eacute;n - / Postulantes&nbsp;6 personas Tucum&aacute;n - / Postulante&nbsp;5 personas&nbsp;M&nbsp;del P&nbsp;-&nbsp;/ postulantes 2 personas C&oacute;rdoba -&nbsp;ingreso a las 18 hs.<strong> Completo!</strong></p>'),(62,'2009-09-21','L','P',0,'<p>Postulante 1 persona Neuqu&eacute;n - egreso 18 hs</p>'),(63,'2009-08-18','L','P',0,'<p>Disc&iacute;pulos 2 personas</p>'),(64,'2009-08-19','L','P',0,'<p>Disc&iacute;pulos 2 personas - egreso 18 hs.</p>'),(65,'2009-09-05','L','P',0,'<p>Postulantes 2 personas - <strong>ingreso 18 hs</strong></p>\n<p>Postulantes 2 personas - egreso 18hs</p>'),(66,'2009-09-06','L','P',0,'<p>Postulantes 2 personas - <strong>egreso 18 hs</strong></p>'),(67,'2009-08-24','L','P',0,'<p>Postulantes 2 personas.</p>'),(68,'2009-08-25','L','P',0,'<p>Postulantes 2 personas - egreso 18 hs.</p>'),(69,'2009-09-01','L','P',0,'<p>postulantes&nbsp;4 personas - ingreso 18 hs /</p>\n<p>postulantes 2 personas - egreso 18 hs</p>'),(70,'2009-09-02','L','P',0,'<p>postulantes&nbsp;4 personas - egreso 18 hs</p>\n<p>Postulantes 2 personas - ingreso 18 hs</p>\n<p>Postulante 1 persona - ingreso 18 hs</p>'),(71,'2009-08-31','P','P',0,'<p>C de E: Maestra y Disc. Egreso 12.00 Hs</p>\n<p>C.T: postulantes 2 personas - ingreso 18 hs</p>'),(72,'2009-09-07','L','P',0,'<p>Postulantes 2 personas - ingreso 18 hs</p>'),(73,'2009-09-08','L','P',0,'<p>Postulantes 2 personas - egreso 18 hs</p>'),(74,'2009-09-11','L','P',0,'<p>Postulantes 2 personas - ingreso 18 hs</p>'),(75,'2009-09-04','L','P',0,'<p>Postulantes 2 personas - ingreso 18hs</p>'),(76,'2009-09-03','L','P',0,'<p>Postulantes 2 personas - egreso 18 hs</p>\n<p>Postulante 1 persona - egreso 18 h</p>'),(77,'2009-09-14','P','L',0,'<p>CE: Maest. Silvia. Retiro Disc. Energ.</p>'),(78,'2009-09-15','P','L',0,'<p>CE: Maest. Silvia. Retiro Disc. Energ.</p>'),(79,'2009-09-16','P','L',0,'<p>CE: Maest. Silvia. Retiro Disc. Energ.</p>'),(80,'2009-09-17','P','L',0,'<p>CE: Maest. Silvia. Retiro Disc. Energ.. Egreso 12.00 Hs.</p>'),(81,'2009-09-09','L','P',0,'<p>Postulante 3 persona - ingreso 18 hs</p>'),(82,'2009-09-10','L','P',0,'<p>Postulante 3 persona - egreso 18 hs</p>'),(83,'2009-10-24','L','T',0,'<p>retiro movimiento humanista - 6 personas - ingreso 18 hs</p>\n<p>Postulantes 9 personas - ingreso 18 hs</p>'),(84,'2009-10-25','L','T',0,'<p>retiro movimiento humanista - 6 personas - egreso 18 hs</p>\n<p>Postulantes 9 personas - egreso 18 hs</p>'),(85,'2009-10-11','P','T',0,'<p>C de E: Retiro Disc. Maestra Silvia - Total 3 personas - Ingeso 10.00 Hs, Egreso 20.00 Hs</p>\n<p>C de Trabajo: taller del fuego 15 personas - ingreso 18 hs</p>'),(86,'2009-10-12','L','T',0,'<p>C de Trabajo: taller del fuego 15 personas - egreso 18 hs.</p>'),(87,'2009-10-16','L','L',0,''),(88,'2009-10-17','L','P',0,'<p>Reserva provisoria CdeT trabajo con hornos / Trabajo horno 14 personas</p>\n<p><strong>Reserva Sal&oacute;n</strong> CdeT 50 personas desde 14:30 hs a 20 hs</p>'),(89,'2009-10-18','L','P',0,'<p>Reserva provisoria CdeT trabajo con hornos / Trabajo horno 14 personas - egreso 18hs</p>'),(90,'2009-11-07','L','P',0,'<p>Postulantes 10 personas T/ con fuego - ingreso 18 hs</p>'),(91,'2009-11-08','L','P',0,'<p>Postulantes 10 personas T/ con fuego - egreso 18 hs</p>'),(92,'2009-11-05','L','T',1,'<p>ENCUENTRO RELIGIONES Y COLECTIVIDADES</p>\n<p>Sala y Sal&oacute;n C de T de 18.00 HS. A 21.30 HS.</p>'),(93,'2009-11-09','L','L',1,'<p>JORNADA EN EL PARQUE ESCUELA - 5&ordm; GRADO</p>\n<p>10.00 HS. A 15.00 HS.</p>'),(94,'2009-11-25','P','L',1,'<p>C de E: Disciplina Formal - Maestro: Luis M. - 6 personas - Ingreso 14.00 Hs.</p>'),(95,'2009-11-26','P','L',1,'<p>C de E: Disciplina Formal - Maestro: Luis M. - 6 personas</p>'),(96,'2009-11-27','T','L',1,'<p>C de E: Disciplina Formal - Maestro: Luis M. - 6 personas - Egreso&nbsp; 20.00 Hs.</p>\n<p>&nbsp;&nbsp;&nbsp;&nbsp;&nbsp;&nbsp;&nbsp; &nbsp;&nbsp; Disciplina Formal - Maestro: Daniel Z. - 4 personas - Ingreso&nbsp; 20.00 Hs.&nbsp;</p>\n<p>&nbsp;&nbsp;&nbsp;&nbsp;&nbsp;&nbsp;&nbsp;&nbsp;&nbsp;&nbsp; Disciplina Mental - Maestro: Guillermo S. - 4 personas - Ingreso&nbsp; 18.00 Hs.</p>'),(97,'2009-12-20','L','P',1,'<p><strong>COMIDA FIN DE A&Ntilde;O: ASADO AL ASADOR - 13.30 HS.</strong></p>'),(98,'2009-11-13','L','L',0,'<p>Postulantes 15 personas - ingreso 18 hs</p>'),(99,'2009-11-14','L','T',0,'<p>PARQUE COMPLETO: PROYECCI&Oacute;N VIDEO DE SILO EN SU DISERTACI&Oacute;N EN EL 10&ordm; SUMMIT DE LOS PREMIOS NOBEL DE LA PAZ</p>'),(100,'2009-11-15','L','L',0,''),(101,'2009-11-10','L','P',0,'<p>C DE T: TRANSMISI&Oacute;N EN DIRECTO DE SILO EN EL SUMMIT DE LOS PREMIOS NOBEL DE LA PAZ EN BERL&Iacute;N</p>\n<p>Reserva 6 personas + Sal&oacute;n</p>'),(102,'2009-11-28','T','L',0,'<p>C de E: Disciplina Formal - Maestro: Daniel Z. - 4 personas -</p>\n<p>&nbsp;&nbsp;&nbsp;&nbsp;&nbsp;&nbsp;&nbsp;&nbsp;&nbsp;&nbsp; Disciplina Mental - Maestro: Guillermo S. - 4 personas -</p>\n<p><strong><br /></strong></p>'),(103,'2009-11-29','P','T',0,'<p>C de E: Disciplina Formal - Maestro: Daniel Z. - 4 personas - Egreso&nbsp; 12.00 Hs.&nbsp;</p>\n<p>&nbsp;&nbsp;&nbsp;&nbsp;&nbsp;&nbsp;&nbsp;&nbsp;&nbsp;&nbsp; Disciplina Mental - Maestro: Guillermo S. - 4 personas - Egreso&nbsp; 12.00 Hs.</p>\n<p><strong>15 hs Encuentro Abierto: Transmisi&oacute;n de los videos de la reunion 21 y22 en P de Vacas</strong> (Sal&oacute;n CdeT) <strong>y al finalizar reuni&oacute;n ampliada equipo MM</strong></p>\n<p><strong>10 hs Reuni&oacute;n Centro de Estudios Humanistas </strong>(Sala Multiuso)<strong><br /></strong></p>'),(104,'2010-01-14','P','L',0,'<p>C de E: Disciplina Mental - Maestro Marcos P. - 3 personas - Ingreso 18.00 Hs.</p>'),(105,'2009-11-11','L','P',0,'<p>C de T: 05.00 Hs. Transmisi&oacute;n en directo de Silo en el Summit de los Premios Nobel de la paz</p>'),(106,'2010-01-15','P','L',0,'<p>C de E: Disciplina Mental - Maestro Marcos P. - 3 personas -</p>'),(107,'2010-01-16','P','L',0,'<p>C de E: Disciplina Mental - Maestro Marcos P. - 3 personas -</p>'),(108,'2010-01-17','P','L',0,'<p>C de E: Disciplina Mental - Maestro Marcos P. - 3 personas -</p>'),(109,'2010-01-18','P','L',0,'<p>C de E: Disciplina Mental - Maestro Marcos P. - 3 personas -Egreso 18.00 Hs.</p>'),(110,'2009-12-27','L','P',0,'<p>Parque: CIERRE DE LA MARCHA MUNDIAL POR LA PAZ Y LA NO VIOLENCIA EN MORENO - MARCHA DESDE EL PARQUE LA REJA HACIA PLAZA BUJ&Aacute;N - 17.00 HS.</p>'),(111,'2009-12-30','L','P',0,'<p>PARQUE: DESPEDIDA DEL BUS DEL EQUIPO BASE, DE BUSES, AUTOS, ETC. QUE MARCHAN DESDE PARQUE LA REJA HACIA PARQUE PUNTA DE VACAS.</p>'),(112,'2009-12-29','L','P',0,'<p>PARQUE: MARCHA DESDE EL PARQUE HACIA EL OBELISCO ACOMPA&Ntilde;ANDO EL CIERRE DE LA MARCHA MUNDIAL POR LA PAZ Y LA NO VIOLENCIA DE CAPITAL.</p>\n<p>16 hs a 21 hs</p>'),(113,'2009-12-05','L','T',0,'<p>Conservaci&oacute;n del fuego - 15 personas - ingreso 18 hs</p>'),(114,'2009-12-06','L','T',0,'<p>Conservaci&oacute;n del fuego - 15 personas - egreso 18 hs</p>'),(115,'2009-12-02','L','P',0,'<p>Postulante 1 persona - ingreso 18 hs</p>'),(116,'2009-12-03','L','P',0,'<p>Postulante 1 persona - egreso 18 hs</p>'),(117,'2010-02-05','L','P',0,'<p>Postulantes 2 personas - ingreso 10 hs</p>'),(118,'2010-02-06','L','P',0,'<p>Postulantes 2 personas - egreso 18 hs</p>'),(119,'2010-02-07','L','L',0,''),(120,'2010-01-23','L','L',0,''),(121,'2010-01-24','L','L',0,''),(122,'2010-01-30','L','P',0,'<p>Postulantes 13 personas - ingreso 14hs</p>'),(123,'2010-01-31','L','P',0,'<p>Postulantes 13 personas - egreso 18hs</p>'),(124,'2010-03-05','L','T',0,'<p>Participantes 2 postulantes - ingreso 18 hs</p>\n<p>Participantes 2 postulantes - ingreso 18 hs</p>\n<p>Participantes 5 postulantes - ingreso 18 hs</p>\n<p>Participantes 3 postulantes - ingreso 18 hs</p>\n<p>Participantes 2 postulantes - ingreso 18 hs</p>\n<p>Participante 1 persona - ingreso 18 hs</p>'),(125,'2010-03-06','L','T',0,'<p>Participantes 2 postulantes - egreso 20 hs</p>\n<p>Participantes 2 postulantes - egreso 20 hs</p>\n<p>Participantes 5 postulantes - egreso 20 hs</p>\n<p>Participantes 3 postulantes - egreso 20 hs</p>\n<p>Participantes 2 postulantes -</p>\n<p>Paricipante 1 persona - egreso 18hs</p>'),(126,'2010-03-07','L','P',0,'<p>Participantes 2 postulantes egreso 18 hs</p>'),(127,'2010-02-27','L','L',0,''),(128,'2010-02-01','P','L',0,'<p>C de E Disciplina Energetica Maestro Silvia 3 personas ingreso 11hs</p>'),(129,'2010-02-02','P','L',0,'<p>C de E Disciplilna Energetica Maestro Silvia - 3 personas</p>'),(130,'2010-02-03','P','L',0,'<p>C d E Disciplina Energetica Maestro Silvia - 3 personas</p>'),(131,'2010-02-04','P','L',0,'<p>C d E Disciplina Energetica Maestro Silvia - 3 personas - egreso 14 hs</p>'),(132,'2010-02-12','L','L',0,''),(133,'2010-02-13','L','L',0,''),(134,'2010-02-14','L','L',0,''),(135,'2010-02-10','L','P',0,'<p>Participantes 2 personas - ingreso 18 hs</p>'),(136,'2010-02-11','L','P',0,'<p>Participantes 2 personas -egreso 18 hs</p>'),(137,'2010-03-10','L','L',0,''),(138,'2010-03-19','L','P',0,'<p>Participantes 2 personas - ingreso 18 hs</p>\n<p>Participante 1 persona - ingreso 18 hs</p>'),(139,'2010-03-20','L','P',0,'<p><strong>Reuni&oacute;n de Nivelaci&oacute;n 2da camada - 8am a 8 pm</strong></p>\n<p>&nbsp;</p>\n<p>Participantes 2 personas - egreso 18 hs</p>\n<p>Participante 2 personas - ingresan 18hs</p>'),(140,'2010-04-17','L','P',0,'<p><span style=\"font-size: xx-small;\"><strong>Segundo retiro de Disciplinas - segunda cuaterna</strong></span></p>\n<p><span style=\"font-size: xx-small;\">Participantes 2 disc&iacute;pulos La Pampa - egreso 20 hs</span></p>\n<p><span style=\"font-size: xx-small;\">Participantes 3 disc&iacute;pulo C&oacute;rdoba - egreso 20 hs</span></p>\n<p><span style=\"font-size: xx-small;\">Participantes 1 disc&iacute;pulo MDP - egreso 20 hs</span></p>\n<p><span style=\"font-size: xx-small;\">Participantes 5 disc&iacute;pulos C.A.B.A - egreso 20 hs<br /></span></p>\n<p><span style=\"font-size: xx-small;\">Participantes 1 disc&iacute;pulo - ingreso 18 hs</span></p>'),(141,'2010-05-22','T','P',1,'<p><strong>Tercer retiro de Disciplinas - tercera cuaterna</strong></p>\n<p>C de T: 6 disc&iacute;pulos egreso 20hs</p>'),(142,'2010-05-15','T','T',1,'<p><strong>Reuni&oacute;n de Nivelaci&oacute;n 2da camada</strong></p>\n<p>Participantes 9 postulantes egreso 20hs</p>\n<p>Participantes 15 disc&iacute;pulos disc. mental - ingreso 21 hs<strong><br /></strong></p>'),(143,'2010-08-07','T','T',1,'<p><strong>Primer Retiro Disciplinas. Segunda camada.</strong></p>\n<p><strong><br /></strong></p>'),(144,'2010-09-18','T','P',1,'<p><strong>Segundo Retiro de Disciplina de Segunda Camada: Segunda Cuaterna</strong></p>\n<p>CdeT: 3 participante de nivelaci&oacute;n - egreso 20 hs</p>\n<p>CdeT: 1 Maestro Energetica -&nbsp; ingreso 18hs</p>'),(145,'2010-03-21','L','P',0,'<p>Participantes 2 personas - egreso 18 hs</p>'),(146,'2010-05-29','L','L',0,''),(147,'2010-03-26','L','P',0,'<p>Participantes 4 disc&iacute;pulos - ingreso 18hs</p>'),(148,'2010-03-27','L','P',0,'<p>Participantes 4 disc&iacute;pulos - egreso 18 hs</p>'),(149,'2010-04-01','L','P',0,'<p>Participantes 10 disc&iacute;pulos energ&eacute;tica - ingreso 18 hs</p>'),(150,'2010-04-02','L','T',0,'<p>Participantes 10 disc&iacute;pulos energ&eacute;tica - egreso 18 hs</p>\n<p>Participantes 15 disc&iacute;pulos energ&eacute;tica - ingreso 18 hs</p>'),(151,'2010-04-03','L','T',0,'<p>Participantes 15 disc&iacute;pulos energ&eacute;tica - egreso 18 hs</p>\n<p>Participantes&nbsp;8 disc&iacute;pulos morfol&oacute;gica - ingreso 18 hs</p>'),(152,'2010-04-04','L','P',0,'<p>Participantes&nbsp;8 disc&iacute;pulos morfol&oacute;gica - egreso 18 hs</p>'),(153,'2010-04-16','L','P',0,'<p>Participantes 2 disc&iacute;pulos La Pampa - ingreso 18 hs</p>\n<p>Participantes 3 disc&iacute;pulo Cordoba - ingreso 18 hs</p>\n<p>Participantes 1 disc&iacute;pulo MDP - ingreso 18 hs</p>\n<p><span style=\"font-size: x-small;\">Participantes 5 disc&iacute;pulos C.A.B.A</span> - ingreso 18hs</p>\n<p>&nbsp;</p>'),(154,'2010-04-09','L','P',0,'<p>Participantes 2 disc&iacute;pulos disc&iacute;plina material - ingreso 18 hs</p>\n<p>Participantes 12 disc&iacute;pulos disc&iacute;plina energ&eacute;tica - ingreso 18 hs</p>'),(155,'2010-04-10','P','P',0,'<p>Disciplina Morfol&oacute;gica maestro Daniel Z. 5 personas - ingreso 13 hs</p>\n<p>Participantes 2 disc&iacute;pulos disc&iacute;plina material - egreso 18 hs</p>\n<p>Participantes 12 disc&iacute;pulos disc&iacute;plina energ&eacute;tica - egreso 18 hs</p>\n<p>Participantes 15 disc&iacute;pulos disc&iacute;plina mental - ingreso 18 hs</p>'),(156,'2010-04-11','P','P',0,'<p>Disciplina Morfol&oacute;gica maestro Daniel Z. 5 personas - egreso&nbsp;21 hs</p>\n<p>Participantes 15 disc&iacute;pulos disc&iacute;plina mental - egreso 18 hs</p>'),(157,'2010-04-18','L','P',0,'<p>Participantes 1 disc&iacute;pulo - egreso 18 hs</p>'),(158,'2010-05-08','L','T',1,'<p><span style=\"font-size: x-small;\">Participantes 15 disc&iacute;pulos disc. energ&eacute;tica - ingreso 18 hs</span></p>\n<p>Participantes 15 disc&iacute;pulos disc. energ&eacute;tica - egreso 18 hs</p>'),(159,'2010-05-09','T','T',1,'<p><span style=\"font-size: small;\">Participantes 15 disc&iacute;pulos disc. energ&eacute;tica - Egreso 18 hs </span></p>\n<p><span style=\"font-size: small;\"><strong>19.00 Hs. Habla Silo: El Mensaje - Parque Completo.</strong><br /></span></p>\n<p><span style=\"font-size: small;\">Participantes 1 disc. energ&eacute;tica - ingreso 18hs<br /></span></p>'),(160,'2010-05-07','L','T',1,'<p>Participantes 15 disc&iacute;pulos disc. energ&eacute;tica - ingreso 18 hs</p>'),(161,'2010-05-16','L','T',0,'<p>Participantes 15 disc&iacute;pulos disc. mental - egreso 21 hs</p>\n<p>Participantes 10 disc&iacute;pulos disc. morfol&oacute;gica - ingreso 18 hs</p>'),(162,'2010-05-02','T','T',1,'<p><span style=\"font-size: small;\"><strong>Celebraci&oacute;n del 41 aniversario de 14 hs a 18 hs</strong></span></p>'),(163,'2010-05-10','L','P',0,'<p><span style=\"font-size: small;\">Participantes  1 disc. energ&eacute;tica</span></p>'),(164,'2010-05-17','L','P',1,'<p>Participantes 10 disc&iacute;pulos disc. morfol&oacute;gica - egreso 18 hs</p>\n<p>Participantes 2 disc. mental - ingreso 18 hs</p>'),(165,'2010-09-03','P','T',1,'<p>CdeT: Retiro Maestros Disc. Energ&eacute;tica - 15 Maestros - Ingreso 18.00 Hs.</p>\n<p>CdeE: Retiro M. Disc. Energ&eacute;tica 2 maestros - ingreso 18 hs</p>'),(166,'2010-07-03','L','T',1,'<p>Tercer Retiro Postulantes. Segunda camada. Parque ocupado totalmente</p>\n<p>CdeT: 3 postulantes - egreso 18 hs</p>\n<p>C de T: 15 postulantes - ingreso 18 hs.</p>\n<p>&nbsp;</p>'),(167,'2010-07-04','L','T',1,'<p>Tercer Retiro Postulantes. Segunda camada. Parque ocupado totalmente</p>\n<p>C de T:&nbsp; 15 postulantes - egreso 20 hs.</p>'),(168,'2010-09-19','L','P',0,'<p><strong>Taller:</strong><strong> Conservaci&oacute;n y producci&oacute;n del fuego</strong>. Desde las 12 hs hasta la noche. Participaci&oacute;n abierta.</p>\n<p>CdeT. 1 Maestro Energetica - egreso 18hs</p>'),(169,'2010-10-23','T','P',1,'<p><strong>Tercer Retiro Disciplinas. Segunda camada. </strong><strong>Todos los &aacute;mbitos ocupados.</strong></p>\n<p>&nbsp;CdT: 1 Discipulo ingreso 21hs.</p>'),(170,'2010-05-23','P','L',1,'<p>C d E Disciplina Energetica - Maestro Silvia, 3 personas. Ingreso 11.00 Hs.</p>'),(171,'2010-05-24','P','P',1,'<p>C d E Disciplina Energetica - Maestro Silvia, 3 personas. Egreso 20 Hs.</p>\n<p>CdeT Participantes 1 disc&iacute;pulo material - ingreso 18hs</p>'),(172,'2010-05-25','P','P',1,'<p>C d E Disciplina Energetica - Maestro Edgardo, 4 personas. Ingreso</p>\n<p>&nbsp;&nbsp;&nbsp;&nbsp;&nbsp;&nbsp;&nbsp; Disciplima Mental - Maestro Guillermo, 4 personas. Ingreso 12.00 Hs.</p>\n<p>CdeT Participantes 1 disc&iacute;pulo material - egreso 18hs</p>'),(173,'2010-05-26','P','L',1,'<p>C d E Disciplina Energetica - Maestro Edgardo, 4 personas</p>\n<p>&nbsp;&nbsp;&nbsp;&nbsp;&nbsp;&nbsp;&nbsp; Disciplina Mental - Maestro Guillermo, 4 personas. Egreso 18.00 Hs.</p>'),(174,'2010-05-27','P','L',1,'<p>C d E Disciplina Energetica - Maestro Edgardo, 4 personas egreso</p>'),(175,'2010-06-04','L','P',0,'<p>Participantes 13 disc&iacute;pulos disc. Morfol&oacute;gica - ingreso 18 hs</p>'),(176,'2010-06-05','L','T',0,'<p>Participantes 13 disc&iacute;pulos disc. Morfol&oacute;gica - egreso 18 hs</p>\n<p>Participantes 15 postulantes Operativa - ingreso 18 hs</p>'),(177,'2010-05-14','L','P',0,'<p>Participantes 9 postulantes ingreso 18hs</p>\n<p>reservas 4 lugares ayudas del retiro del d&iacute;a 15</p>\n<p>Participante 1 disc. energ&eacute;tica - egreso 18 hs</p>\n<p>&nbsp;</p>'),(178,'2010-05-21','L','P',0,'<p>Participantes 6 disc&iacute;pulos ingreso 18hs</p>'),(179,'2010-06-11','L','T',0,'<p>Participantes 15 disc&iacute;pulos - ingreso 18 hs</p>'),(180,'2010-06-12','L','T',0,'<p>Participantes 15 disc&iacute;pulos - egreso 18 hs</p>\n<p>Participantes 15 disc&iacute;pulos disc. energ&eacute;tica ingreso 18hs</p>'),(181,'2010-06-18','L','T',0,'<p>Participantes 15 disc. energ&eacute;tica - ingreso 18 hs</p>'),(182,'2010-06-19','L','P',0,'<p>Participantes 15 disc. energ&eacute;tica - egreso 18 hs</p>\n<p>Participantes 14 disc. morfol&oacute;gica - ingreso 18 hs</p>'),(183,'2010-06-25','L','P',0,'<p>Participantes 11 disc. - ingreso 18 hs</p>'),(184,'2010-06-26','L','T',0,'<p>Participantes 15 disc. energ&eacute;tica</p>'),(185,'2010-06-27','L','T',0,'<p>Participantes 15 disc. energ&eacute;tica - egreso 18 hs</p>'),(186,'2010-06-20','L','P',0,'<p>Participantes 13 disc. morfol&oacute;gica - egreso 18 hs</p>\n<p>Participantes 14 disc. morfol&oacute;gica - ingreso 18 hs</p>'),(187,'2010-05-11','L','P',0,'<p><span style=\"font-size: small;\">Participantes  1 disc. energ&eacute;tica</span></p>'),(188,'2010-05-12','L','P',0,'<p><span style=\"font-size: small;\">Participantes  1 disc. energ&eacute;tica</span></p>'),(189,'2010-05-13','L','P',0,'<p><span style=\"font-size: small;\">Participantes  1 disc. energ&eacute;tica</span></p>'),(190,'2010-05-19','L','P',0,'<p>Participantes 11 disc. morfol&oacute;gica - ingreso 18 hs</p>'),(191,'2010-05-20','L','P',0,'<p>Participantes 11 disc. morfol&oacute;gica - egreso 18hs</p>'),(192,'2010-05-18','L','P',0,'<p>Participantes 2 disc. mental - egreso 18 hs</p>'),(193,'2010-06-06','L','T',0,'<p>Participantes 15 postulantes Operativa - egreso 18 hs</p>'),(194,'2010-07-10','L','T',1,'<p>Participantes 15 disc. Mental - ingreso 18hs</p>\n<p>&nbsp;</p>\n<p>16.00 Hs.: Charla Hugo Novotny sobre su viaje a Mongolia</p>'),(195,'2010-07-11','L','T',1,'<p>Participantes 15 disc. Mental - egreso 18hs</p>'),(196,'2010-07-09','L','T',1,'<p>Participantes 15 disc. energ&eacute;tica - egreso 18 hs</p>'),(197,'2010-06-13','L','T',0,'<p>Participantes 15 disc&iacute;pulos disc. energ&eacute;tica egreso 18hs</p>'),(198,'2010-06-21','L','P',0,'<p>Participantes 14 disc&iacute;pulos disc. morfol&oacute;gica - egreso 18 hs</p>'),(199,'2010-06-23','L','P',0,'<p>Participantes 13 disc&iacute;pulos disc. Morfol&oacute;gica - ingreso 18 hs</p>'),(200,'2010-06-24','L','P',0,'<p>Participantes 13 disc&iacute;pulos disc. Morfol&oacute;gica - egreso 18 hs</p>'),(201,'2010-06-16','L','P',0,'<p>Participantes 2 disc&iacute;pulos - ingreso 18 hs</p>'),(202,'2010-06-17','L','P',0,'<p>Participantes 2 disc&iacute;pulos - egreso 18 hs</p>'),(203,'2010-07-02','L','P',1,'<p>C de T: 3 postulantes- ingreso 18 hs</p>'),(204,'2010-07-08','L','T',1,'<p>CdeT: Participantes 15 disc. Morfol&oacute;gicos - egreso 18 hs</p>\n<p>CdeT:Participantes 15 disc. energ&eacute;tica - ingreso 18 hs</p>'),(205,'2010-07-17','T','P',1,'<p>Postulaciones a Escuela.</p>\n<p>Parque cerrado, uso exclusivo Escuela.</p>\n<p>C de T: alojan 15 disc&iacute;pulos</p>'),(206,'2010-07-18','T','P',1,'<p>Postulaciones a Escuela.</p>\n<p>Parque cerrado, uso exclusivo Escuela.</p>\n<p>C de T: alojan 15 disc&iacute;pulos</p>'),(207,'2010-06-29','L','P',0,'<p>CdeT: Participante 1 disc. energ&eacute;tica - ingreso 18 hs</p>'),(208,'2010-06-30','L','P',0,'<p>CdeT: Participante 1 disc. energ&eacute;tica - egreso 18 hs</p>'),(209,'2010-07-07','L','T',1,'<p>CdeT: 15 disc. Morfol&oacute;gicos - ingreso 18 hs</p>'),(210,'2010-07-19','T','P',1,'<p>Reuni&oacute;n de Bienvenida e intercambio.</p>\n<p>Parque cerrado, uso exclusivo Escuela.</p>\n<p>C de T: Alojan 3 disc&iacute;pulos</p>'),(211,'2010-08-15','L','L',0,''),(212,'2010-07-16','L','P',0,'<p>C de T: alojan 9 disc&iacute;pulos</p>'),(213,'2010-07-22','L','P',0,'<p>CdeT. participantes 7 nivelaci&oacute;n - ingreso 18 hs</p>'),(214,'2010-07-23','L','P',0,'<p>CdeT. participantes 7 nivelaci&oacute;n - egreso 18 hs</p>'),(215,'2010-08-06','L','P',0,'<p>C de T: participantes 2 postulantes - ingreso 18 hs</p>'),(216,'2010-07-27','L','P',0,'<p>C de T: participan 2 nivelantes - ingreso 18 hs</p>'),(217,'2010-07-28','L','P',0,'<p>C de T: participan 2 nivelantes - egreso 18 hs</p>'),(218,'2010-07-30','L','P',0,'<p>CdeT: participantes 13 nivelaci&oacute;n - ingreso 18 hs</p>'),(219,'2010-07-31','L','L',0,''),(220,'2010-08-01','L','L',0,''),(221,'2010-07-25','T','L',0,'<p>17 hs. <strong>Encuentro con Silo.</strong></p>\n<p>Se aviso 2 horas antes y asisitieron 300 amigos y desde 440 lugares en todo el mundo se conectaron por el&nbsp; stream de nuestra web.</p>'),(222,'2010-08-14','T','T',1,'<p><strong>Primer Retiro de Nivelaci&oacute;n de Cuarta Camada</strong></p>'),(223,'2010-09-11','T','T',1,'<p><strong>Segundo Retiro de Nivelaci&oacute;n de Cuarta Camada, de 8.00 a 20.00 Hs. Todos los &aacute;mbitos.<br /></strong></p>\n<p><strong>CdeT: La Comunidad. 15 personas. Ingreso 21.00 Hs<br /></strong></p>'),(224,'2010-10-09','T','P',1,'<p><strong>Tercer Retiro de Nivelaci&oacute;n de Cuarta Camada. Parque Completo ocupados. De 8.00 a 20.00 Hs.<br /></strong></p>\n<p><strong>CdT: </strong>Discipulos Energetica&nbsp;3 personas.Ingreso 21hs</p>'),(225,'2010-10-16','T','T',1,'<p><strong>Primer Retiro de Disciplinas de Cuarta Camada: Primera Cuaterna. </strong><strong>Todos los &aacute;mbitos ocupados.</strong></p>'),(226,'2010-11-13','T','T',1,'<p><strong>Segundo Retiro de Disciplinas de Cuarta Camada: Segunda Cuaterna. </strong><strong>Todos los &aacute;mbitos ocupados.</strong></p>\n<p>CdeE: participantes 15 maestros Disc Mental - ingreso 21 hs<strong><br />CdT:&nbsp;3 Discipulos y 6 Maestros- ingreso 21hs</strong></p>'),(227,'2010-12-11','T','T',1,'<p><strong>Tercer Retiro de Disciplinas de Cuarta Camada: Tercera Cuaterna. </strong><strong> Todos los &aacute;mbitos ocupados.</strong></p>'),(228,'2010-12-04','T','T',1,'<p><strong>Postulaci&oacute;n e Ingreso a Escuela de Segunda Camada. </strong><strong>Todos los &aacute;mbitos ocupados.</strong></p>\n<p><strong>CdeE: ser&aacute; centro de operaciones para los ingresos, sin alojamientos.<br /></strong></p>\n<p><strong>CdT:&nbsp;15&nbsp;Alojados- Ingreso 18hs </strong></p>'),(229,'2011-01-08','T','T',1,'<p><strong>Postulaci&oacute;n e Ingreso a Escuela de Cuarta Camada. </strong><strong>Todos los &aacute;mbitos ocupados.</strong></p>\n<p><strong>CdT: 3 Maestros- Egreso 18hs</strong></p>\n<p><strong>CdT:&nbsp;3 Postulantes alojados - ingreso 18hs.</strong></p>\n<p><strong>CdT: 12 Maestros.</strong></p>'),(230,'2010-08-21','T','T',1,'<p>C de E: Maestros Disc. Mental. 15 personas. Ingreso 18.00 Hs.</p>\n<p>C de T: Maestros Disc. Mental, 15 personasa. Ingreso 18.00 Hs.</p>'),(231,'2010-08-22','T','T',1,'<p>C de E: Maestros Disc. Mental; 15 personas. Egreso 18.00 Hs.</p>\n<p>C de T: Maestros Disc. Mental; 15 personas. Egreso 18.00 Hs.</p>'),(232,'2010-08-16','P','L',1,'<p>CdeE: Maestros Disciplina Energ&eacute;tica.</p>'),(233,'2010-08-28','P','P',1,'<p>CdeE: Retiro Maestros Morfol&oacute;gica. 7 Personas, Ingreso 18.00 Hs.</p>\n<p>C de T : 1 postulante ingreso 18 hs</p>'),(234,'2010-08-29','P','P',0,'<p>CdeE: Retiro Maestros Morfol&oacute;gica. 7 Personas, egreso 18.00 Hs.</p>\n<p>C de T : 1 postulante egreso 18 hs</p>'),(235,'2010-09-12','L','T',1,'<p>CdeT: La Comunidad. 15 personas. Egreso 20.00 Hs.</p>\n<p>CdT: Reuni&oacute;n de La Comunidad. 150 personas</p>\n<p><strong>Taller:</strong><strong> Conservaci&oacute;n y producci&oacute;n del fuego</strong>. Desde las 12 hs hasta la noche. Participaci&oacute;n abierta.</p>'),(236,'2010-09-04','P','P',1,'<p><strong>CdeT:</strong> 18hs, egreso 15 Maestros. 18hs ingreso 15 part. Energ&eacute;tica/Morfol&oacute;gica/T. Fuego</p>\n<p><strong>CdeE:</strong> Retiro 12 maestros Formal + 3 Maestros T.Fuego ingreso 18 hs.</p>\n<p><strong>CdeE</strong> :2 maestros Energ&eacute;tica egresan 18 hs</p>\n<p><strong>Taller:</strong><strong> Retiro del fuego</strong>. Desde las 14 hs hasta la noche. Participaci&oacute;n abierta.&nbsp;</p>'),(237,'2010-09-25','T','T',1,'<p><strong>Celebraci&oacute;n Estacional - A partir de las 14.00 hs.</strong></p>\n<p>C de T y C de E: Retiro Maestros Energ&eacute;tica. 31 Personas. Ingreso 18.00 Hs.</p>\n<p><strong>Taller:</strong><strong> Formaci&oacute;n de dos grupos: Materiales frios y Cer&aacute;mica (alfarer&iacute;a)</strong>. Desde las 12 hs hasta la noche. Participaci&oacute;n abierta.</p>'),(238,'2010-09-26','T','T',1,'<p>C de T y C de E: Retiro Maestros Energ&eacute;tica. 31 Personas. Egreso 18.00 Hs.</p>\n<p><strong>Taller:</strong><strong> Formaci&oacute;n de dos grupos: Materiales frios y Cer&aacute;mica (alfarer&iacute;a)</strong>. Desde las 12 hs hasta la noche. Participaci&oacute;n abierta.</p>'),(239,'2010-09-05','P','P',1,'<p>CdeT: Retiro Discipulos Energ&eacute;tica + Disc&iacute;pulos Morfol&oacute;gica + T. Fuego 15 personas - egreso 18.00 Hs.</p>\n<p><strong>CdeE:</strong> Retiro 12 maestros Formal egreso 18 hs.</p>\n<p>CdeE: 2 maestros</p>'),(240,'2010-09-17','P','P',1,'<p>CdeT: 1 participante de nivelaci&oacute;n - ingreso 18 hs</p>\n<p>CdeE: participantes 2 maestros - egreso 18 hs</p>'),(241,'2010-09-06','P','L',1,'<p>CdeE: 2 maestros</p>'),(242,'2010-09-07','P','L',1,'<p>CdeE: 2 maestros egresan 18 hs</p>'),(243,'2010-10-01','P','T',1,'<p style=\"text-align: left;\"><strong>CEREMONIAS DE HOMENAJE A SILO - SE ESPARCIRAN LAS CENIZAS</strong> - 19.00 HS.</p>\n<p>CdE: 2 Maestros de Disciplina Formal - egreso 18hs - 14 maestros disc. Formal - ingreso 18 hs</p>\n<p>CdeE: participan 2 maestros - ingreso 18 hs</p>\n<p>CdT: 1 Maestro Disciplina Energetica- 11 Maestros Disciplina Formal- Ingreso 18hs</p>\n<p>&nbsp;</p>'),(244,'2010-10-02','P','T',1,'<p>CdeE: 9 maestros disc. Formal -</p>\n<p>CdeE: participan 2 maestros - egreso 18 hs</p>\n<p>CdeT: 11 Maestros Disciplina Formal - 1 Maestro Disciplina Energetica - Egreso 13hs</p>\n<p><strong>Taller:</strong><strong> Dos grupos: Materiales frios y Cer&aacute;mica (alfarer&iacute;a)</strong>. Desde las 12 hs hasta la noche. Participaci&oacute;n abierta.</p>'),(245,'2010-10-03','P','L',1,'<p><strong>CdeE</strong>: 9 maestros disc. Formal - egreso 18 hs</p>\n<p><strong>CdeT</strong>: 11 Maestros Disciplina Formal-Egreso 18hs</p>\n<p><strong>Taller:</strong><strong> Dos grupos: Materiales frios y Cer&aacute;mica (alfarer&iacute;a)</strong>. Desde las 12 hs hasta la noche. Participaci&oacute;n abierta.</p>\n<p>&nbsp;</p>'),(246,'2010-10-10','P','P',1,'<p>&nbsp;</p>\n<p><strong>CdeE</strong>: 9 Maestros Disc. Energ&eacute;tica - ingreso 18 hs.</p>\n<p><strong>CdT</strong>: Discipulos Energetica.&nbsp;3 personas. egreso 18hs - 15 Disc. Energ&eacute;tica, ingreso 18.00 Hs.</p>\n<p><strong>Taller:</strong><strong> Dos grupos: Materiales frios y Cer&aacute;mica (alfarer&iacute;a)</strong>. Desde las 12 hs hasta la noche. Participaci&oacute;n abierta.</p>'),(247,'2010-10-11','P','L',1,'<p><strong>CdeE</strong>: participantes 9 maestros disc. Energ&eacute;tica - egreso 18 hs</p>\n<p><strong>CdeT</strong>: participantes 15 disc. Energ&eacute;tica - egreso 18 hs</p>'),(249,'2010-10-24','L','L',1,'<p><strong>CdT: 1 Discipulo egreso 21hs<br /></strong></p>\n<p><strong>Sala Multiuso: \"Encuentro de intercambio del Partido Humanista Internacional, con transmisi&oacute;n a otros parques\" de 12am a 17am (hora PdeV).<br /></strong></p>'),(250,'2010-10-30','P','T',0,'<p><strong>2 Simposio del Centro Mundial de Estudios Humanista.</strong></p>\n<p><strong>CdT:&nbsp;15 hospedados Simposio.</strong></p>\n<p>CdeE: participantes 2 maestros</p>'),(251,'2010-10-31','L','T',0,'<p><strong>2 Simposio del Centro Mundial de Estudios Huamnista - Cierre 18,30hs</strong></p>\n<p><strong>CdT:&nbsp;15 Hospedados Simposio - egreso 18hs</strong></p>\n<p>CdeE: participantes 2 maestros</p>\n<p>&nbsp;</p>'),(252,'2010-09-15','L','L',0,''),(253,'2010-09-16','P','L',1,'<p>CdeE: participantes 2 maestros - ingreso 18 hs</p>'),(254,'2010-09-29','P','L',1,'<p><strong>CdeE</strong>: participantes 12 maestros disc. Morfol&oacute;gica - ingreso 18 hs</p>'),(255,'2010-09-30','P','P',1,'<p><strong>CdeE</strong>: participantes 12 maestros disc. Morfol&oacute;gica - egreso 18 hs</p>\n<p>&nbsp;<strong>CdE:</strong> 2 Maestros Disciplina Morfologica - ingreso 18hs</p>\n<p>CdT: 1 Maestro Disciplina Energetica - Ingreso 18hs</p>'),(256,'2010-11-06','T','T',1,'<p><strong>MULTIUSO: </strong><strong>14.00 Hs. a 19.00 Hs.&nbsp;&nbsp;&nbsp; </strong><strong>La Comunidad, presentaci&oacute;n del libro \"Hacia una cultura solidaria y no violenta\". </strong></p>\n<p>CdeE:<strong> </strong>participantes 10 maestros disc. Energ&eacute;tica - ingreso 18 hs</p>\n<p>CdeE: participante 1 maestro disc. energ&eacute;tica -</p>\n<p>CdeT: participantes 15 maestros disc. energ&eacute;tica - ingreso 18 hs</p>\n<p>CdeE: participantes 4 maestros disc. energetica - ingreso 18 hs</p>\n<p>CdeE: participantes 1 maestro - ingreso 18 hs</p>'),(257,'2010-09-21','P','L',1,'<p>CdeE: participantes 2 maestros - ingreso 18 hs</p>'),(258,'2010-09-22','P','L',1,'<p>CdeE: participantes 2 maestros - egreso 18 hs</p>'),(259,'2010-10-05','P','L',0,'<p>CdeE: participantes 3 maestros Energ. - ingreso 18hs</p>'),(260,'2010-10-06','P','L',0,'<p>CdeE: participantes 3 maestros Energ. - egreso 18hs</p>'),(261,'2010-11-07','P','T',0,'<p><strong>CdT: 15 Maestros Energetica. Egreso 14hs.</strong></p>\n<p><strong>Centro de Trabajo: Reunion Informal de Maestros aplicados al Parque 14 hs</strong></p>\n<p>CdeE:<strong> </strong>participantes 10 maestros disc. Energ&eacute;tica - egreso 18 hs</p>\n<p>CdeE: participante 1 maestro disc. energ&eacute;tica - egreso 18 hs</p>\n<p>CdeE: participante 1 maestro Disc. Energ&eacute;tica - ingreso 18 hs</p>\n<p>CdeT: participantes 15 maestros disc. energ&eacute;tica - egreso 18 hs</p>\n<p>CdeE: participantes 4 maestros disc. energ&eacute;tica - egreso 18 hs</p>\n<p>CdeE: participantes 1 maestro - egreso 18 hs</p>'),(262,'2010-10-29','P','T',0,'<p><strong>2 Simposio del Centro Mundial de Estudios Humanistas- Inicio 18hs</strong></p>\n<p><strong>CdT:&nbsp;15 hospedados Simposio&nbsp;- ingreso 18hs</strong></p>\n<p>CdeE: participantes 2 maestros - ingresos 18 hs<strong></strong></p>\n<p>CdeE: participantes 2 maestros - egreso 18 hs<strong><br /></strong></p>\n<p>&nbsp;</p>'),(263,'2010-10-14','P','L',0,'<p>CdeE: participante 1 maestro disc. Morfol&oacute;gica - ingreso 18 hs</p>'),(264,'2010-10-15','P','L',0,'<p>CdeE: participante 1 maestro disc. Morfol&oacute;gica - egreso 18 hs</p>'),(265,'2010-11-14','T','P',0,'<p><strong>Sala Multiuso:&nbsp; </strong>\"Curso sobre los consejos de no-violencia\"&nbsp; de 14 hs. a 17 hs.</p>\n<p><strong>Intercambio de Mensajeros de 14hs a 20hs.</strong></p>\n<p>CdeE: participantes 15 maestros Disc Mental - egreso 21 hs</p>\n<p>CDT:3 Discipulos y 6 Maestros- Egreso 21hs</p>\n<p>&nbsp;</p>'),(266,'2010-10-22','P','L',0,'<p>CdeE: participantes 2 maestros - egreso 18 hs</p>'),(267,'2010-11-08','P','L',0,'<p>CdeE: participante 1 maestro Disc. Energ&eacute;tica</p>\n<p>&nbsp;</p>'),(268,'2010-11-09','P','L',0,'<p>CdeE: participante 1 maestro Disc. Energ&eacute;tica - egreso 18 hs</p>\n<p>&nbsp;</p>'),(269,'2010-10-21','P','L',0,'<p>CdeE: participantes 2 maestros - ingreso 18 hs</p>'),(270,'2010-11-05','P','L',0,'<p>CdeE: participante 1 maestro disc. energ&eacute;tica - ingreso 18 hs</p>'),(271,'2010-11-01','P','L',0,'<p>CdeE: participantes 2 maestros- egreso 18hs</p>'),(272,'2010-10-28','P','L',0,'<p>CdeE: participantes 2 maestros - ingreso 18 hs</p>'),(273,'2010-11-20','T','T',1,'<p><strong>Mensaje de Silo: 17 hrs. reuni&oacute;n de estudio e intercambio. 18:30 hrs. Ceremonias en La Sala.<br /></strong></p>\n<p>CdT: Retiro 15 Discipulos Energetica- Ingreso 18hs</p>\n<p>CdeE: participantes 9 maestros disc. Morfol&oacute;gica + 1 maestro disc. energ&eacute;tica</p>\n<p>&nbsp;</p>'),(274,'2010-11-21','P','P',1,'<p><strong>17 hs. Reunion Mensaje de Silo. 18:30 hrs. Ceremonias en La Sala. Multiuso: Reunion Intercambio Comunidades del Mensaje 14 a 20hs.</strong></p>\n<p>CdT: Retiro 15 Discipulos de Energetica- Egreso 18hs.</p>\n<p>CdeE: participantes 9 maestros disc. Morfol&oacute;gica - + 1 maestro disc. energ&eacute;tica (egreso 18 hs)</p>\n<p>CdeE: participantes 12 maestros disc. Morfol&oacute;gica - ingreso 18 hs</p>'),(275,'2010-11-21','L','T',0,'<p>CdT: Retiro 15 Discipulos de Energetica- Egreso 18hs.</p>'),(276,'2010-12-05','T','T',1,'<p>CdT:15 Alojados</p>\n<p><strong>CdeE: ser&aacute; centro de operaciones para los ingresos, sin alojamientos.</strong></p>'),(277,'2010-12-06','T','T',1,'<p>CdT:&nbsp;15 Alojados- Egreso 18hs</p>\n<p><strong>CdeE: ser&aacute; centro de operaciones para los ingresos, sin alojamientos.</strong></p>'),(278,'2010-11-27','L','P',1,'<p><strong>Mensaje de Silo: </strong>a las 14 hrs. Encuentro de intercambio entre Mensajeros, presentaci&oacute;n de propuestas por Comunidad. 18 hrs. Ceremonia Mensual de Pedidos y Agradecimientos.</p>\n<p>CdT: 7 Discipulos - Egreso 18hs</p>\n<p>&nbsp;CdT:&nbsp;9 Discipulos - Ingreso 18hs</p>'),(279,'2010-11-28','L','P',1,'<p><strong>Mensaje de Silo: 17 hrs. reuni&oacute;n de estudio e intercambio. 18:30 hrs. Ceremonias en La Sala.</strong></p>\n<p>&nbsp;CdT:9 Discipulos - Egreso 18hs.</p>'),(280,'2010-11-19','P','L',1,'<p>CdeE: participantes 9 maestros disc. Morfol&oacute;gica - ingreso 18 hs.</p>'),(281,'2010-11-22','T','L',1,'<p><strong>Multiuso: Intercambio Mensajeros, de 14 a 18 hrs. Reuni&oacute;n de Estudio e intercambio sobre el libro Comentarios a El Mensaje de Silo.&nbsp;<br /></strong></p>\n<p>CdeE: participantes 12 maestros disc. Morfol&oacute;gica - egreso 18 hs</p>'),(282,'2010-12-12','L','L',0,'<p><strong>Mensaje de Silo: 17 hrs. reuni&oacute;n de estudio e intercambio. 18:30 hrs. Ceremonias en La Sala.</strong></p>'),(283,'2010-12-18','T','P',0,'<p><strong>Mensaje de Silo: 17 hrs. reuni&oacute;n de estudio e intercambio. 18:30 hrs. Ceremonias en La Sala.</strong></p>\n<p>CdeE: participan 16 maestros disc. Mental - ingreso 18 hs<strong><br />CdeT:&nbsp;2 Maestros Disciplina Mental- ingreso 18hs</strong></p>\n<p><strong>Cdt: 3 Maestros- Ingreso 18hs</strong></p>\n<p><strong>Cdt: 5 Discipulos- Ingreso 18hs</strong></p>'),(284,'2010-12-19','T','P',0,'<p><strong>Mensaje de Silo: 17 hrs. reuni&oacute;n de estudio e intercambio. 18:30 hrs. Ceremonias en La Sala.</strong></p>\n<p>CdeE: participan 16 maestros disc. Mental - egreso 18 hs</p>\n<p>CdT:&nbsp;2 Maestros Disciplina Mental - Egreso 18hs</p>\n<p>CdT: 3 Maestros - Egreso 18hs</p>\n<p>CdT: 5 Discipulos- egreso 18hs</p>'),(285,'2010-12-25','L','L',1,'<p><strong>Mensaje de Silo: 14 hrs. - Encuentro de intercambio entre Mensajeros.<br /><br /></strong></p>'),(286,'2010-12-26','L','L',1,'<p><strong>Mensaje de Silo: 17 hrs. reuni&oacute;n de estudio e intercambio. 18 hs. Ceremonia de Pedidos y Agradeciemientos.</strong></p>\n<p><br />Cena compartida de Fin de A&ntilde;o a partir de las 18.00 hs.</p>'),(287,'2011-01-01','L','L',0,'<p><strong>Mensaje de Silo: 17 hrs. reuni&oacute;n de estudio e intercambio. 18:30 hrs. Ceremonias en La Sala.</strong></p>'),(288,'2011-01-02','L','L',0,'<p><strong>Mensaje de Silo: 17 hrs. reuni&oacute;n de estudio e intercambio. 18:30 hrs. Ceremonias en La Sala.</strong></p>'),(289,'2011-01-29','L','L',0,'<p><strong>14 hrs. - Encuentro de intercambio entre Mensajeros.<br />19 hrs. - Ceremonia de Pedidos y Agradecimientos.<br /><br /></strong></p>'),(290,'2011-02-26','P','T',1,'<p>CdT: 4 Maestros</p>\n<p><strong>CdeE:&nbsp;7 Maestros - Ingreso -&nbsp;18 hs</strong></p>\n<p><strong>CdT:&nbsp;11 Maestros <br />\n</strong></p>\n<p>&nbsp;CdeE: 1 Maestro - Egreso 18 hs</p>\n<p>&nbsp;</p>'),(291,'2011-03-26','P','P',1,'<p><strong>CdeE: 11 Maestros&nbsp;</strong> (Responsable Paula Aiello)</p>\n<p><strong>CdeE:&nbsp;2 Maestros&nbsp;</strong> (Responsable Marina Repetto)</p>\n<p>&nbsp; <strong>CdeE:&nbsp;1 Maestro&nbsp;</strong> (Responsable Sebastian Grosso)</p>\n<p><strong>&nbsp;14 hrs. - Encuentro de intercambio entre Mensajeros. &nbsp; &nbsp; &nbsp; &nbsp; &nbsp; &nbsp; &nbsp; &nbsp; &nbsp; &nbsp; &nbsp; &nbsp; &nbsp; &nbsp; &nbsp; &nbsp; &nbsp; &nbsp; &nbsp; &nbsp; &nbsp; &nbsp; &nbsp; &nbsp; &nbsp; &nbsp; &nbsp; &nbsp; &nbsp; &nbsp; &nbsp; &nbsp; &nbsp; &nbsp; &nbsp; &nbsp; &nbsp; &nbsp; &nbsp; &nbsp; &nbsp; &nbsp; &nbsp; &nbsp; &nbsp; &nbsp; &nbsp; &nbsp; &nbsp; &nbsp; &nbsp;</strong><strong>17 hrs.- Celebraci&oacute;n Estacional - Comunidades del Mensaje de Silo -<br />\n&nbsp;19 hrs. - Ceremonia de Pedidos y Agradecimientos.<br />\n<br />\n</strong></p>\n<p>CdT: 8 Maestros- Egreso 18hs</p>\n<p>CdT: 1 Maestro - Ingreso 18hs</p>'),(292,'2010-11-26','L','P',0,'<p>CdT: 7 Discipulos- ingreso 18hs</p>'),(293,'2010-12-09','L','L',1,'<p>Agrupacion Humanista Vivir sin violencia, Ceremonia en memoria de Nestor Kirchner- 18 a 20hs</p>'),(294,'2011-01-10','L','P',1,'<p><strong>CdT: 2 Alojados - Egreso 18hs</strong></p>'),(295,'2011-01-10','L','T',0,'<p><strong>CdT: 2 Alojados - Egreso 18hs</strong></p>'),(296,'2011-01-09','L','T',1,'<p><strong>CdT:&nbsp;3 Postulantes alojados - 1 Egreso</strong></p>\n<p><strong>CdT: 12 Maestros. Egreso 18hs</strong></p>'),(297,'2011-01-07','T','T',1,'<p>CdT: 12 Maestros-Ingreso 18hs</p>\n<p>CdT: 3 Maestros - Ingreso 18hs</p>'),(298,'2011-01-21','T','T',1,'<p>CdeE: participan 15 maestros - ingresos 18 hs</p>\n<p>CdeE: participan&nbsp;16 maestros - egresos 18 hs</p>\n<p>CdT:&nbsp;15 Maestros - Egreso - 18hs</p>\n<p>CdT: 8 Maestros - Ingreso 18hs</p>\n<p><strong>CdT El Mensaje de Silo, Encuentro de Intercambio y Reflexi&oacute;n de 15 a 21hs</strong></p>\n<p>&nbsp;</p>'),(299,'2011-01-22','P','P',1,'<p>CdeE: participan 13 maestros -</p>\n<p>CdeE: 2 Maestros - Egreso 18 hs</p>\n<p>CdT: 10 Maestros Mental - Ingreso 18hs</p>\n<p>CdT: 7 Maestros - Egreso- 18hs</p>'),(300,'2011-01-23','P','P',1,'<p>CdeE: participan 12 maestros - egresos 18 hs</p>\n<p>CdeE: alojados 4 maestros - Ingresos 18 hs</p>\n<p>CdT: 10 Maestros Mental - egreso 18hs</p>\n<p>CdT: 1 Maestro Energetica - Egreso 18hs</p>'),(301,'2010-12-14','L','L',0,''),(302,'2010-12-15','L','L',0,''),(303,'2010-12-29','P','L',0,'<p>CdeE: participantes 1 maestra - ingreso 18 hs</p>'),(304,'2010-12-30','P','L',0,'<p>CdeE: participantes 1 maestra - egreso 18 hs</p>'),(305,'2011-01-20','T','T',1,'<p>CdT:&nbsp;15 Maestros - ingreso 18hs</p>\n<p>CdeE: participan&nbsp;16 maestros - ingresos 18 hs</p>\n<p><strong>CdT El Mensaje de Silo, Encuentro de Intercambio y Reflexi&oacute;n de 13 a 21hs</strong></p>'),(306,'2011-01-14','P','P',1,'<p>CdT Ingresa 1 Maestro&nbsp; Disciplina&nbsp;Energetica - ingreso 18 hs.</p>\n<p>CdE Ingresan 4 Maestros Disciplina Morfologica</p>'),(307,'2011-01-15','P','P',1,'<p>CdT&nbsp; 1 Maestro Disciplina Energetica</p>\n<p>CdT: 2 Maestros - Ingreso 18hs</p>\n<p>CdE 4 Maestros Disciplina Morfologica</p>\n<p>Taller: trabajos con el fuego. Conservaci&oacute;n y producci&oacute;n, comienza 15 hs.</p>'),(308,'2011-01-16','P','L',1,'<p>CdE Egresan 4 Maestros Disciplina Morfologica - Egreso&nbsp;18 hs.</p>\n<p>CdT:&nbsp;3 Maestros - Egreso 18hs</p>'),(309,'2011-01-18','P','L',1,'<p>Participan 2 Maestros&nbsp; Retiro Disciplina Energetica - Ingreso 18 hs -</p>'),(310,'2011-01-19','P','L',1,'<p>Participan 2 Maestros Disciplina Energetica - Egreso 18 hs -</p>'),(311,'2011-02-05','T','T',1,'<p>CdeE:&nbsp;3 Maestros - Egreso 18 hs</p>\n<p>CdeE: participan 15 Maestros - Ingreso 18 hs</p>\n<p>CdeE: 1 Maestro - Ingreso 18 hs</p>\n<p>CdT: 15 Maestros- Ingreso 18hs</p>'),(312,'2011-02-06','T','T',1,'<p>CdeE: participan&nbsp;15 Maestros - Egreso 18 hs</p>\n<p>CdeE: 1 Maestro - Egreso 18 hs</p>\n<p>CdT:&nbsp;15 Maestros - Egreso 18hs</p>'),(314,'2011-02-25','P','T',1,'<p>CdT: 4 Maestros- Ingreso 18hs</p>\n<p>CdT: 11 Maestros - Ingreso 18hs</p>\n<p>CdeE:&nbsp;2 Maestro - Egreso 18 hs</p>'),(315,'2011-02-27','P','T',1,'<p>CdT:&nbsp;4 Maestros - Egreso 18hs</p>\n<p><strong>CdeE:&nbsp;7 Maestros - Egreso 18 hs</strong></p>\n<p><strong>CdT:&nbsp;11 Maestros&nbsp;- Egreso 18hs.</strong></p>\n<p>CdT: 1 Maestro - ingreso 18hs.</p>\n<p>&nbsp;</p>'),(316,'2011-02-12','P','T',1,'<p><strong>CdeE: 2 Maestros - Egreso 18 hs</strong></p>\n<p><strong>CdeE:&nbsp;5 Maestros&nbsp; - Ingreso 18 hs</strong></p>\n<p><strong>CdT: 10 Maestros Mental - ingreso 18hs</strong></p>'),(317,'2011-02-13','P','T',1,'<p><strong>CdeE:&nbsp;5 Maestros&nbsp; - Egreso 18 hs</strong></p>\n<p><strong>CdT: 10 Maestros Mental - Egreso 18hs</strong></p>'),(318,'2011-01-25','P','L',1,'<p>CdeE -&nbsp;6 participantes Maestros Disciplina Material - Ingreso 18 hs -</p>'),(319,'2011-01-26','P','L',1,'<p>CdeE -&nbsp;6 participantes Maestros Disciplina Material - Egreso 18 hs -</p>'),(320,'2011-01-24','P','L',1,'<p>CdeE: alojados 4 maestros - Egresos 18 hs</p>'),(321,'2011-01-30','L','L',1,'<p>Multiuso, 14 a 20 hs. Reunion Humanista equipo de base.</p>'),(322,'2011-02-15','P','P',1,'<p>CdeE: 1 Maestro - Ingreso 18 hs -</p>\n<p>CdT 3 Maestros ingreso 18 hs.</p>\n<p>CdT: 2 Maestros - Ingreso 18hs</p>'),(323,'2011-02-16','P','P',1,'<p>CdeE: 1 Maestro - Egreso 18 hs -</p>\n<p>CdT 3 Maestros</p>\n<p>CdT: 2 Maestros.</p>'),(324,'2011-02-02','P','L',1,'<p>CdeE: 2 maestros - Ingreso 18 hs</p>'),(325,'2011-02-03','P','L',1,'<p>CdeE: participan&nbsp;2 Maestros</p>\n<p>CdeE: 1 Maestro - Ingreso 18 hs</p>'),(326,'2011-02-04','P','L',1,'<p>CdeE: participan&nbsp;3 Maestros</p>'),(327,'2011-02-17','P','P',1,'<p>CdeE: 4 Maestros - Ingreso 18 hs -</p>\n<p>CdT: 3 Maestros</p>\n<p>CdT: 2 Maestros.</p>'),(328,'2011-02-18','P','T',1,'<p>CdT: 10 Maestros - Ingreso 18hs (Retiro)</p>\n<p><strong>CdT: 3 Maestros Cuidadores.</strong></p>\n<p>CdT: 2 Maestros.</p>\n<p>CdE: 5 Maestros- Ingreso 18hs. (Retiro)</p>\n<p>CdeE: 4 Maestros - Egreso 18 hs&nbsp;</p>'),(329,'2011-02-19','P','T',1,'<p>CdT: 10 Maestros (Retiro)</p>\n<p><strong>CdT: 3 Maestros Cuidadores.</strong></p>\n<p>CdT: 2 Maestros- Egreso 18hs</p>\n<p>CdE: 5 Maestro (Retiro)</p>'),(330,'2011-02-20','P','P',1,'<p>CdeE:&nbsp;3 Maestros - Ingreso 18 hs -</p>\n<p>CdT: 10 Maestros - Egreso 18hs (Retiro)</p>\n<p><strong>CdT: 3 Maestros Cuidadores.</strong></p>\n<p>CdE: 5 Maestros - Egreso 18hs (Retiro)</p>'),(331,'2011-03-01','P','P',1,'<p>CdT: 3 Maestros</p>\n<p>CdeE: 1 Maestro - Ingreso 18 hs</p>'),(332,'2011-03-02','P','P',1,'<p>CdT: 3 Maestros</p>\n<p>CdeE: 1 Maestro - Egreso 18 hs</p>'),(333,'2011-03-03','L','P',1,'<p>CdT: 3 Maestros</p>'),(334,'2011-03-04','L','P',1,'<p>CdT: 3 Maestros</p>\n<p>CdeT: 3 personas - Ingreso 18 hs -</p>\n<p>&nbsp;</p>\n<p>&nbsp;</p>'),(335,'2011-03-12','L','P',1,'<p>Taller: egreso de 12 personas por la ma&ntilde;ana,</p>\n<p>CdT; 1 Maestro - Ingreso 18hs</p>\n<p>CdT: 1 Maestro - Ingreso 18 hs - (Responsable Norma Melo)</p>\n<p>CdT: 5 Maestro - Egreso 18 hs - (Responsable Cecilia Benitez)</p>'),(336,'2011-03-05','P','T',1,'<p>CdT: 3 Maestros</p>\n<p>CdT: Retiro de la Fuerza. Mensaje de Silo -12 Personas- Ingreso 18hs.</p>\n<p>CdeE:&nbsp;7 Maestros - Ingreso 18 hs -</p>\n<p>CdeE:&nbsp;4 Maestros - Ingreso18 hs</p>'),(337,'2011-03-06','P','T',1,'<p>CdT: 3 Maestros</p>\n<p>CdT: Retiro de la Fuerza. Mensaje de Silo - 12 Personas.</p>\n<p>CdeE:&nbsp;7 Maestros - Egreso 18 hs -</p>\n<p>CdeE:&nbsp;4 Maestros</p>\n<p>CdeE:&nbsp;4 Maestros - Ingreso 18 hs</p>'),(338,'2011-03-13','L','P',1,'<p>&nbsp;CdT: 1 Maestro - egreso 18hs</p>\n<p>CdT: 1 Maestro - Egreso 18 hs - (Responsable Norma Melo)</p>'),(339,'2011-03-11','L','P',1,'<p>CdT: 3 Maestros - Egreso 18hs</p>\n<p>CdT: 5 Maestros - Ingreso 18 hs - (Responsable Cecilia Benitez)</p>\n<p>Taller: 12 personas, trabajos con el Fuego y torno alfarero. Ingreso 18 hs.</p>'),(340,'2011-02-21','P','P',1,'<p>CdeE: participan&nbsp;3 Maestros</p>\n<p>CdT: 3 Maestros</p>'),(341,'2011-02-22','P','P',1,'<p>CdeE:&nbsp;3 Maestros - Egreso 18 hs -</p>\n<p>CdT: 3 Maestros</p>'),(342,'2011-02-23','L','P',1,'<p>CdT: 3 Maestros</p>'),(343,'2011-02-24','P','P',1,'<p>CdT: 3 Maestros</p>\n<p>CdeE: 1 Maestro - Ingreso 18 hs -</p>'),(344,'2011-03-07','P','T',1,'<p>CdT: 3 Maestros</p>\n<p>CdT: Retiro de la Fuerza. Mensaje de Silo - 12 Personas- egreso 18hs.</p>\n<p>CdeE:&nbsp;6 Maestros - Egreso 18 hs</p>\n<p>Taller: 6 Maestros, frragua y horno tacho, de 15 hs hasta la noche.</p>\n<p>CdeE:&nbsp;6 Maestro - Ingreso 18 hs -</p>'),(345,'2011-03-08','P','P',1,'<p>CdT: 3 Maestros</p>\n<p><strong>Multiuso: 9,20 hs. Seminario sobre &quot;El Pedido&quot;, El Mensaje de Silo. aprox. 20 personas</strong></p>\n<p><strong>CdeE: 1 Maestro</strong></p>\n<p><strong>CdeE:&nbsp;5 Maestros - Egreso 18 hs</strong></p>'),(346,'2011-03-09','P','P',1,'<p>CdT: 3 Maestros</p>\n<p>CdeE: 1 Maestro&nbsp; - Egreso 18 hs</p>'),(347,'2011-03-10','L','P',1,'<p>CdT: 3 Maestros</p>'),(348,'2011-02-28','L','P',1,'<p>CdT: 3 Maestros</p>\n<p>CdT: 1 Maestro - Egreso18hs</p>\n<p>&nbsp;</p>'),(349,'2011-02-10','P','L',1,'<p>CdeE: 1 Maestro - Egreso 18 hs -</p>\n<p>CdeE:&nbsp;6 Maestros - Ingreso 18 hs -</p>'),(350,'2011-02-11','P','L',1,'<p>CdeE: 1 Maestro - Ingreso 18 hs</p>\n<p>CdeE:&nbsp;6 Maestros - Egreso 18 hs -</p>\n<p>CdE: 1 Maestro- Ingreso 18hs</p>'),(351,'2011-02-09','P','L',1,'<p>CdeE: 1 Maestro - Ingreso 18 hs</p>'),(352,'2011-04-16','P','P',1,'<p><strong>Multiuso, 17 hs. &quot;Chamanismo Siberiano y Budismo Tibetano en Mongolia&quot;. Hugo Novotny.</strong></p>\n<p>CdT: 14 alojados - Ingreso 18hs</p>\n<p><strong>CdeE</strong>:&nbsp;6 + 1 + 1 Maestros&nbsp; (Resp. Roberto Briganti) / <strong>CdeE</strong>:&nbsp;3 Maestros - Ingreso 18 hs&nbsp; (Resp. Pablo Lopez)</p>\n<p><strong>CdeE</strong>:&nbsp;2 Maestros&nbsp; - Ingreso 18 hs - (Resp.&nbsp;Carlos Sotomayor) / <strong>CdeE</strong>:&nbsp;2 Maestros&nbsp; - Ingreso 18 hs - (Resp.&nbsp;Monica Kernc)</p>\n<p><strong>Taller: </strong><strong> 1 persona desde 16 hs. </strong><strong>Trabajos con el fuego comienza 20 hs. (Resp. Mariel Valentin)<br />\n</strong></p>'),(353,'2011-03-19','L','P',1,'<p>&nbsp;</p>\n<p style=\"background: none repeat scroll 0% 0% white;\"><strong><span style=\"font-size: 8pt; font-family: &quot;Arial&quot;,&quot;sans-serif&quot;; color: black;\">&nbsp;CdT: &nbsp;2 Alojados. Ingreso 18hs.</span></strong></p>\n<p style=\"background: none repeat scroll 0% 0% white;\"><span style=\"font-size: 8pt; font-family: &quot;Arial&quot;,&quot;sans-serif&quot;; color: black;\"><o:p></o:p></span></p>\n<p style=\"background: none repeat scroll 0% 0% white;\"><strong><span style=\"font-size: 8pt; font-family: &quot;Arial&quot;,&quot;sans-serif&quot;; color: black;\"><span class=\"Apple-style-span\" style=\"font-family: Arial, Verdana, sans-serif; font-size: 12px; font-weight: normal; \"><strong><span style=\"font-size: 8pt; font-family: Arial, sans-serif; color: black; \">CdT: &nbsp;2 Alojados. Ingreso 18hs.</span></strong></span></span></strong></p>\n<p style=\"background: none repeat scroll 0% 0% white;\"><strong><span style=\"font-size: 8pt; font-family: &quot;Arial&quot;,&quot;sans-serif&quot;; color: black;\">Multiuso (aviso de uso): Reuni&oacute;n del Mensaje de Silo referida al tema &quot;El Fracaso&quot;&nbsp;de 14 hs a 19 hs. &nbsp;(Responsable: Carlos Santos)&nbsp;</span></strong><span style=\"font-size: 8pt; font-family: &quot;Arial&quot;,&quot;sans-serif&quot;; color: black;\"><o:p></o:p></span></p>\n<p>&nbsp;</p>\n<p><strong>Taller: de 15 a 20 hs trabajo con el torno alfarero. </strong>Contacto, Claudia Alvarez.</p>'),(354,'2011-03-20','L','P',1,'<p>&nbsp;CdT: 2 Alojados. - Egreso 18hs</p>\n<p>CdT: 2 Alojados. - Egreso 18hs</p>\n<p>Multiuso (aviso de uso):&nbsp;Equipo Aporte mensual al Parque La Reja. de 14 hs a 17 hs, aprox. 30 personas (pedido por Ana Martinez)&nbsp;</p>'),(355,'2011-04-29','T','T',1,'<p>CdeE: 16 Maestros - Ingreso 18 hs (Responsable: Alicia Ovejero)</p>\n<p>CdT: 15 &nbsp;Maestro- Ingreso 18hs</p>'),(356,'2011-04-30','T','T',1,'<p>CdeE: 16 Maestros (Responsable Alicia Ovejero)</p>\n<p>CdT: 15 Maestros</p>\n<p>Multiuso (aviso de uso):&nbsp;Equipo Aporte mensual al Parque La Reja. de 15  hs a 18 hs, aprox. 30 personas (pedido por Ana Martinez)</p>\n<p>18 hs. Comunidades de El Mensaje de Silo:&nbsp; Ceremonia Mensual de Pedidos y Agradecimientos.</p>'),(357,'2011-05-01','T','T',1,'<p><strong>Multiuso</strong>&nbsp;(aviso de uso): Seminario &quot;<span class=\"Apple-style-span\" style=\"border-collapse: collapse; font-family: arial, sans-serif; font-size: 13px; \">Cambio profundo y esencial</span>&quot; del manual para Mensajeros (Responsable: Norma Coronel) 11hs a 19 hs. Aprox. 30 personas.</p>\n<p>CdeE: 16 Maestros - Egreso 18 hs&nbsp; (Responsable Alicia Ovejero)</p>\n<p>CdT: 15 Maestros - Egreso 18hs</p>'),(358,'2011-03-25','P','P',1,'<p>CdeE:&nbsp;3 Maestros -&nbsp;Egreso 18 hs - (Responsable Corinne Figueroa)</p>\n<p>CdeE:&nbsp;1 Maestros -&nbsp;Egreso 18 hs - (Responsable Adriana Ocampo)</p>\n<p>CdeE:&nbsp;1 Maestros -&nbsp;Egreso 18 hs - (Responsable Mariel Valentin)</p>\n<p>CdeE:&nbsp;1 Maestros -&nbsp;Egreso 18 hs - (Responsable Fernando Liska)</p>\n<p>CdeE: 11 Maestros - Ingreso 18 hs&nbsp; (Responsable Paula Aiello)</p>\n<p>CdeE:&nbsp;2 Maestros - Ingreso 18 hs&nbsp; (Responsable Marina Repetto)</p>\n<p><strong>CdeE:&nbsp;1 Maestro&nbsp;</strong> - Ingreso 18 hs (Responsable Sebastian Grosso)</p>\n<p>CdT: 8 Maestros</p>'),(359,'2011-03-27','P','L',1,'<p><strong>Multiuso</strong> (aviso de uso): Seminario &quot;El Gu&iacute;a&quot; del manual para Mensajeros (Responsable: Norma Coronel y otros mensajeros) 11hs a 19 hs El seminario es abierto a todos</p>\n<p><strong>CdeE</strong>: 11 Maestros - Egreso 18 hs&nbsp; (Responsable Paula Aiello)</p>\n<p><strong>CdeE</strong>:&nbsp;2 Maestros - Egreso 18 hs&nbsp; (Responsable Marina Repetto)</p>\n<p><strong>CdeE:&nbsp;1 Maestro&nbsp;</strong> - Egreso 18 hs (Responsable Sebastian Grosso)</p>\n<p>CdT: 1 Maestro - Egreso 18hs</p>\n<p>&nbsp;</p>'),(360,'2011-04-22','P','T',1,'<p><strong>Multiuso</strong>&nbsp;(aviso de uso): &nbsp;Taller sobre &quot;Trabajo Conjunto y Pensamiento Libertario&quot;,&nbsp;por 3 horas a partir de las 15:00 horas&nbsp;(Responsables:&nbsp;Andr&eacute;s Pellegrini - Julio Aquino). Aprox. 30 personas.</p>\n<p>CdT: 15 Maestros - Ingreso 18hs</p>\n<p>CdeE:&nbsp;6 Maestros - Ingreso 18 hs - (Responsable Amelia Caresana)</p>\n<p>CdeE: 2 Maestros&nbsp; (responsable Comision PLR, cuidadores)</p>'),(361,'2011-04-24','P','T',1,'<p>&nbsp;CdT: 15 Maestros -Egreso 18hs</p>\n<p>CdeE:&nbsp;6 Maestros - Egreso 18 hs - (Responsable Amelia Caresana)</p>'),(362,'2011-04-23','P','T',1,'<p>&nbsp;CdT: 15 Maestros</p>\n<p>CdeE:&nbsp;6 Maestros (responsable Amelia Caresana)</p>\n<p>CdeE: 2 Maestros&nbsp; - Egreso 18 hs -(responsable Comision PLR, cuidadores)</p>\n<p>Taller: 20 hs producci&oacute;n del fuego. ( Resp. P&iacute;a Argimon)</p>'),(363,'2011-03-22','P','L',1,'<p>CdeE: 2 Maestros - Ingreso 18 hs - (Responsable Gladys Rivero)</p>'),(364,'2011-03-23','P','L',1,'<p>CdeE: 2 Maestros&nbsp; (Responsable Gladys Rivero)</p>'),(365,'2011-03-24','P','P',1,'<p>CdeE: 2 Maestros -&nbsp;Egreso 18 hs - (Responsable Gladys Rivero)</p>\n<p>CdeE: CdeE:&nbsp;3 Maestros -&nbsp;Ingreso 18 hs - (Responsable Corinne Figueroa)</p>\n<p>CdeE:&nbsp;1 Maestros -&nbsp;Ingreso 18 hs - (Responsable Adriana Ocampo)</p>\n<p>CdeE:&nbsp;1 Maestros -&nbsp;Ingreso 18 hs - (Responsable Mariel Valentin)</p>\n<p>CdeE:&nbsp;1 Maestros -&nbsp;Ingreso 18 hs - (Responsable Fernando Liska)</p>\n<p>CdT: 8 Maestros - Ingreso 18hs.</p>\n<p>Taller: 10 Maestros, Trabajos con ceramica, ingreso15 hs, egreso 3 AM. , Resp: Gustavo Luna.</p>'),(366,'2011-04-01','L','P',0,'<p>&nbsp;CdT: 13 Maestros - Ingreso 18hs</p>'),(367,'2011-04-02','P','T',1,'<p>&nbsp;CdT: 13 Maestros - Egreso 18hs</p>\n<p>CdT: 15 Maestros - Ingreso 18hs</p>\n<p>CdeE:&nbsp;7 Maestros - Ingreso 18 hs (Responsable Monica Flores)</p>\n<p>CdeE:&nbsp;2 Maestros - Ingreso 18 hs (Responsable Amelia Caresana)</p>\n<p>CdeE:&nbsp;1 Maestros - Ingreso 18 hs (Responsable Diego Recuna)</p>\n<p>CdeE:&nbsp;1 Maestros - Ingreso 18 hs (Responsable Nezi Vazquez)</p>\n<p>CdeE:&nbsp;1 Maestros - Ingreso 18 hs (Responsable Rocio Balboa)</p>'),(368,'2011-04-05','T','T',1,'<p>CdeE: Mantenimiento edilicio (Responsable Comision PLR)</p>\n<p>CdT: Mantenimiento edilicio (Responsable Comision PLR)</p>'),(369,'2011-04-06','T','T',1,'<p>CdeE: Mantenimiento edilicio (Responsable Comision PLR)</p>\n<p>CdT: Mantenimiento edilicio(Responsable Comision PLR)</p>\n<p>&nbsp;</p>'),(370,'2011-04-07','T','T',1,'<p>CdeE: Mantenimiento edilicio (Responsable Comision PLR)</p>\n<p>CdT: Mantenimiento edilicio (Responsable Comision PLR)</p>'),(371,'2011-04-08','T','L',1,'<p>CdeE: Mantenimiento edilicio (Responsable Comision PLR)</p>'),(372,'2011-04-09','T','L',1,'<p>CdeE: Mantenimiento edilicio (Responsable Comision PLR)</p>\n<p>CdeE: 12 Maestros&nbsp; - Ingreso 18 hs (Responsable Amelia F. Vargas)</p>'),(373,'2011-04-10','P','L',1,'<p>CdeE: 12 Maestros -&nbsp;Egreso 18 hs (Responsable Amelia F. Vargas)</p>'),(374,'2011-04-03','P','T',1,'<p>&nbsp;CdT: 15 Maestros - Egreso 18hs</p>\n<p>CdeE:&nbsp;7 Maestros -&nbsp;Egreso 18 hs (Responsable Monica Flores)</p>\n<p>CdeE:&nbsp;2 Maestros - Egreso 18 hs (Responsable Amelia Caresana)</p>\n<p>CdeE:&nbsp;1 Maestro -&nbsp;Egreso 18 hs (Responsable&nbsp;Diego Recuna)</p>\n<p>CdeE:&nbsp;1 Maestros - Egreso 18 hs (Responsable Nezi Vazquez)</p>\n<p>CdeE:&nbsp;1 Maestros - Egreso 18 hs (Responsable Rocio Balboa)</p>\n<p>CdeE:&nbsp;2 Maestros - Ingreso 18 hs (Responsable Luciano Fiacchi)</p>'),(375,'2011-04-17','P','P',1,'<p><strong>Multiuso</strong>&nbsp;(aviso de uso): &nbsp;Taller sobre &quot;Trabajo Conjunto y Pensamiento Libertario&quot;,&nbsp;por 3 horas a partir de las 15:00 horas&nbsp;(Responsables:&nbsp;Andr&eacute;s Pellegrini - Julio Aquino). Aprox. 30 personas.</p>\n<p>&nbsp;CdT: 14 Alojados - Egreso 18hs</p>\n<p>CdeE:&nbsp;5 Maestros&nbsp; (Responsable Roberto Briganti) / CdeE:&nbsp;1 Maestro - Egreso 18 hs&nbsp; (Responsable Roberto Briganti)</p>\n<p>CdeE:&nbsp;2 Maestros&nbsp; -&nbsp;Egreso 18 hs - (Resp.&nbsp;Carlos Sotomayor) / <strong>CdeE</strong>:&nbsp;2 Maestros&nbsp; - Egreso 18 hs - (Resp.&nbsp;Monica Kernc)</p>\n<p>CdeE:&nbsp;3 Maestros - Egreso 18 hs (Responsable Pablo Lopez)</p>'),(376,'2011-04-15','P','L',1,'<p>CdeE:&nbsp;5 Maestros - Ingreso 18 hs (Responsable Roberto Briganti)</p>'),(377,'2011-04-18','P','L',1,'<p>CdeE:&nbsp;6 Maestros - Egreso 18 hs (Responsable Roberto Briganti)</p>'),(378,'2011-04-04','P','L',1,'<p>CdeE: 2 Maestros - Egreso 18 hs (Responsable:&nbsp;Luciano Fiacchi)</p>'),(379,'2011-04-13','P','L',1,'<p>CdeE: 2 Maestros - Ingreso 18 hs - (Responsable Carmen Souto)</p>\n<p>CdeE:&nbsp;1 Maestro - Ingreso 18 hs - (Responsable Mabel Luna)</p>\n<p>CdeE: 2 Maestros&nbsp; (Responsable Carina Fichera)</p>'),(380,'2011-04-14','P','L',1,'<p>CdeE: 2 Maestros - Egreso 18 hs - (Responsable Carmen Souto)</p>\n<p>CdeE:&nbsp;1 Maestro - Egreso 18 hs - (Responsable Mabel Luna)</p>\n<p>CdeE: 2 Maestros - Egreso 18 hs - (Responsable Carina Fichera)</p>'),(381,'2011-04-19','L','P',1,'<p>Taller: Conservaci&oacute;n y producci&oacute;n del fuego. Comienza 10 hs, termina a las 8 am del 20/04</p>\n<p>Resp. Sergio Spano</p>\n<p>CdT:&nbsp;3 alojados- ingreso 18hs (Responsable Alejandra Paiz)</p>\n<p>&nbsp;</p>'),(382,'2011-04-12','P','L',1,'<p>CdeE: 2 Maestros - Ingreso 18 hs - (Responsable Carina Fichera)</p>'),(383,'2011-04-20','L','P',1,'<p>CdT:&nbsp;3 Alojados- Egreso 18hs (Responsable Alejandra Paiz)</p>\n<p>&nbsp;</p>'),(384,'2011-04-21','P','L',1,'<p>CdeE: 2 Maestros - Ingreso 18 hs - (responsable Comision PLR, cuidadores)</p>'),(385,'2011-05-15','P','T',1,'<p><strong>CdeE:</strong> 3 Maestros - Egreso 18 hs - (Responsable Ra&uacute;l Tolentino)</p>\n<p>CdeE: 1 Maestro - Egreso 18 hs - (Responsable Ra&uacute;l Moreta)</p>\n<p><strong>CdT:</strong> 15 Maestros - Egreso 18hs- (Responsable Ra&uacute;l Tolentino)</p>\n<p><strong>Multiuso (aviso de uso): </strong>Se va a hacer una filmacion de una ficcion de un porgrama de TV (Responsable Hugo Martin) Desde las 10 hs. hasta las 18:30. Aprox. 15 personas.</p>'),(386,'2011-05-16','P','L',1,'<p>&nbsp;CdeE: 1 Maestro - ingreso 18 hs - (Responsable Florencia Uruzuna)</p>\n<p>&nbsp;</p>'),(387,'2011-05-07','P','L',1,'<p>&nbsp;Celebraci&oacute;n del D&iacute;a del Testimonio. 42&ordm; aniversario.&nbsp;</p>\n<p>CdeE: 1 Maestro - Ingreso 18 hs - (Responsable : Roberto Kohanoff)</p>\n<p>CdeE: 1 Maestro - Ingreso 18 hs - (Responsable: Lucrecia)</p>'),(388,'2011-05-14','P','T',1,'<p>CdeE: 3 Maestros - Ingreso 18 hs - (Responsable Ra&uacute;l Tolentino)</p>\n<p>CdeE: 1 Maestro - Ingreso 18 hs - (Responsable Ra&uacute;l Moreta)</p>\n<p>CdT: 15 Maestros - Ingreso 18hs - (Responsable Ra&uacute;l Tolentino)</p>\n<p>Multiuso (aviso de uso): de 9 a 20 hs Seminario sobre la Reconciliaci&oacute;n (Responsables: Carla Pascuale, Amelia Caresana, Adriana Ocampo)</p>'),(389,'2011-05-24','P','P',1,'<p>Taller: Ceramica.&nbsp; Horneada, comienza 15 hs. hasta 8 am. Resp: Natalia Alvarez</p>\n<p>CdeE:&nbsp;4 Maestros - Ingreso 18 hs (Responsable: Carmen Souto)</p>\n<p>CdeE: 2 Maestros - Ingreso&nbsp; 18hs - (Resp. Marina Olivella) / CdeE:&nbsp;1 Maestro - Ingreso&nbsp; 18hs - (Resp. Martin&nbsp;Baez)</p>\n<p>CdT: 3 Maestros - Ingreso 18hs (Responsable Mariel Valentin)</p>\n<p>CdT: 1 Alojamiento. Ingreso 18 hs.</p>'),(390,'2011-05-21','P','T',1,'<p>&nbsp;CdT: 15 alojados - Ingreso 18hs ( Responsable Claudia Balea 11-6666-5399)</p>\n<p>CdeE: 6 Maestros&nbsp; (Responsable <span class=\"Apple-style-span\" new=\"\" times=\"\" style=\"line-height: normal; widows: 2; text-transform: none; font-variant: normal; font-style: normal; text-indent: 0px; border-collapse: separate; font-size: medium; font-weight: normal\"><span class=\"Apple-style-span\" style=\"border-collapse: collapse; font-family: arial, sans-serif; font-size: 13px\">Ernesto Gimeno</span></span>)</p>\n<p>CdeE:&nbsp;3 Maestros&nbsp;- &nbsp;Ingreso 18 hs - (Responsable Maria Eugenia Vittori)</p>\n<p>CdeE:&nbsp;1 Maestro&nbsp;- &nbsp;Ingreso 18 hs - (Responsable C<span class=\"Apple-style-span\" style=\"widows: 2; text-transform: none; text-indent: 0px; border-collapse: separate; font: medium \"Times New Roman\"; white-space: normal; orphans: 2; letter-spacing: normal; color: rgb(0,0,0); word-spacing: 0px; -webkit-border-horizontal-spacing: 0px; -webkit-border-vertical-spacing: 0px; -webkit-text-decorations-in-effect: none; -webkit-text-size-adjust: auto; -webkit-text-stroke-width: 0px\"><span class=\"Apple-style-span\" style=\"border-collapse: collapse; font-family: arial, sans-serif; font-size: 13px\">orinne Figueroa</span></span>)</p>'),(391,'2011-05-22','P','T',1,'<p>Cdt: 15 Alojados - Egreso 18hs ( Responsable Claudia Balea 11-6666-5399)</p>\n<p>CdeE: 6 Maestros - Egreso 18 hs - (Responsable <span class=\"Apple-style-span\" new=\"\" times=\"\" style=\"line-height: normal; widows: 2; text-transform: none; font-variant: normal; font-style: normal; text-indent: 0px; border-collapse: separate; font-size: medium; font-weight: normal\"><span class=\"Apple-style-span\" style=\"border-collapse: collapse; font-family: arial, sans-serif; font-size: 13px\">Ernesto Gimeno</span></span>)</p>\n<p>CdeE:&nbsp;3 Maestros&nbsp;-&nbsp;&nbsp;Egreso 18 hs - (Responsable Maria Eugenia Vittori)</p>\n<p>CdeE:&nbsp;1 Maestro&nbsp;-&nbsp;&nbsp;Egreso 18 hs - (Responsable C<span class=\"Apple-style-span\" style=\"widows: 2; text-transform: none; text-indent: 0px; border-collapse: separate; font: medium \"Times New Roman\"; white-space: normal; orphans: 2; letter-spacing: normal; color: rgb(0,0,0); word-spacing: 0px; -webkit-border-horizontal-spacing: 0px; -webkit-border-vertical-spacing: 0px; -webkit-text-decorations-in-effect: none; -webkit-text-size-adjust: auto; -webkit-text-stroke-width: 0px\"><span class=\"Apple-style-span\" style=\"border-collapse: collapse; font-family: arial, sans-serif; font-size: 13px\">orinne Figueroa</span></span>)</p>'),(392,'2011-05-25','P','P',1,'<p>CdeE:&nbsp;4 Maestros - Egreso 18 hs (Responsable: Carmen Souto)</p>\n<p>CdeE: 2 Maestros - Egreso&nbsp; 18hs - (Resp. Marina Olivella) / CdeE:&nbsp;1 Maestro&nbsp; (Responsable Martin Baez)</p>\n<p>CdT: 3 Maestros - Egreso 18hs (Responsable Mariel Valentin)</p>\n<p>CdT: 1 alojamiento. Egreso 18 hs.</p>'),(393,'2011-05-08','P','L',1,'<p>CdeE: 1 Maestro - Egreso 18 hs - (Responsable: Roberto Kohanoff)</p>\n<p>CdeE: 1 Maestro - Egreso 18 hs - (Responsable: Lucrecia)</p>'),(394,'2011-05-28','P','T',1,'<p><strong>Multiuso</strong> <strong>(aviso de uso):</strong> Charla sobre el servicio militar, reivindicando la campa&ntilde;a por el servicio militar optativo ideada por Silo en 1983. Desde las 15 hs. hasta&nbsp;las&nbsp;18 hs. (Responsable Jorge D`Alesio).</p>\n<p>17 hs. Comunidades de El Mensaje de Silo:&nbsp; Ceremonia Mensual de Pedidos y Agradecimientos.</p>\n<p>CdT: 15 Maestros - Ingreso 18hs ( Responsable Carmen Souto)</p>\n<p>CdeE: 2 Maestros - Ingreso 18 hs - (Resp. Celia Latuf) / CdeE: 1 Maestro - Ingreso 18 hs - (Resp. deborah tormen)</p>\n<p>CdeE: 1 Maestro - Ingreso 18 hs - (Resp. Ezio Gangale) / CdeE: 1 Maestro - Ingreso 18 hs - (Resp: Mariela Fernandez)</p>'),(395,'2011-05-11','P','L',1,'<p>CdeE: 1 Maestro - Ingreso 18 hs - (Responsable Martin Baez)</p>'),(396,'2011-05-12','P','L',1,'<p>CdeE: 1 Maestro - Egreso 18 hs - (Responsable Martin Baez)</p>'),(397,'2011-06-04','P','T',1,'<p><strong>Multiuso (aviso de uso): </strong>Taller del M&eacute;todo. A partir de las 10 hs. Organismo: CEHBA (Responsable Patricia Pedernera)</p>\n<p>CdT: 15 Alojados - Ingreso 18hs (Responsable Patricia Pedernera)</p>\n<p>CdeE:&nbsp;4 Maestros&nbsp;- Ingreso 18hs (Responsable Patricia Pedernera)</p>\n<p>CdeE:&nbsp;1 Maestro&nbsp;- Ingreso 18hs (Responsable Norma Melo)</p>'),(398,'2011-06-05','P','T',1,'<p>&nbsp;CdT: 15 alojados - Egreso 18hs (Responsable Patricia Pedernera)</p>\n<p>CdeE:&nbsp;4 Maestros&nbsp;- Egreso 18hs (Responsable Patricia Pedernera)</p>\n<p>CdeE:&nbsp;1 Maestro&nbsp;- Egreso 18hs (Responsable Norma Melo)</p>'),(399,'2011-05-20','P','L',1,'<p>CdeE: 6 Maestros - Ingreso 18 hs - (Responsable <span class=\"Apple-style-span\" style=\"widows: 2; text-transform: none; text-indent: 0px; border-collapse: separate; font: medium \"Times New Roman\"; white-space: normal; orphans: 2; letter-spacing: normal; color: rgb(0,0,0); word-spacing: 0px; -webkit-border-horizontal-spacing: 0px; -webkit-border-vertical-spacing: 0px; -webkit-text-decorations-in-effect: none; -webkit-text-size-adjust: auto; -webkit-text-stroke-width: 0px\"><span class=\"Apple-style-span\" style=\"border-collapse: collapse; font-family: arial, sans-serif; font-size: 13px\">Ernesto Gimeno</span></span>)</p>'),(400,'2011-05-17','P','L',1,'<p>&nbsp;CdeE: 1 Maestro - Egreso 18 hs - (Responsable Florencia Uruzuna)</p>'),(401,'2011-06-19','P','P',1,'<p>&nbsp;CdT: 2 alojados. Ingreso 18 hs. /&nbsp;CdT: 2 alojados. Ingreso 18 hs.</p>\n<p>CdT: 8 Maestros. (Responsable Antonella Digiovanni)</p>\n<p>Taller: reservado (Responsable Antonella Digiovanni)</p>\n<p>CdeE: 1 Maestro (Resp. Maria Eugenia Vittori) / CdeE:&nbsp;4 Maestros - Ingreso 18 hs -&nbsp; (Resp. Maria Eugenia Vittori)</p>\n<p>CdeE: 1 Maestro - Ingreso 18 hs - (Resp.Jose Luis Miranda)</p>\n<p>CdT: 1 Maestro - Ingreso 18 hs - (Resp. Maria Eugenia Pirolo)</p>'),(402,'2011-06-20','P','P',1,'<p>&nbsp;CdT: 2 alojados. Egreso 18 hs. / CdT: 2 alojados. Egreso 18 hs.</p>\n<p>CdT: 8 Maestros - Egreso 18hs (Responsable Antonella Digiovanni)</p>\n<p>Taller: reservado (Responsable Antonella Digiovanni)</p>\n<p>CdeE:&nbsp;5 Maestros - Egreso 18 hs -&nbsp; (Resp. Maria Eugenia Vittori)</p>\n<p>CdeE: 1 Maestro - Ingreso 18 hs - (Resp.Jose Luis Miranda)</p>\n<p>CdT: 1 Maestro - Egreso 18 hs - (Resp. Maria Eugenia Pirolo)</p>'),(403,'2011-05-30','P','L',1,'<p>CdeE:&nbsp;4 Maestros - Ingreso 18 hs - (Responsable Ana Martinez)</p>'),(404,'2011-05-31','P','L',1,'<p>CdeE:&nbsp;4 Maestros - Egreso 18 hs - (Responsable Ana Martinez)</p>'),(405,'2011-05-29','P','T',1,'<p>&nbsp;CdT: 15 Maestros - Egreso 18hs (Responsable Carmen Souto)</p>\n<p>Multiuso (aviso de uso): Amigos del PH de Capital. Horario de 15 hs a 18 hs. Responsable Cristina Suarez. Aprox. 50 personas.</p>\n<p>CdeE: 2 Maestros - Egreso 18 hs - (Resp. Celia Latuf) / CdeE: 1 Maestro - Egreso 18 hs - (Resp. deborah tormen)</p>\n<p>CdeE: 1 Maestro - Egreso 18 hs - (Resp. Ezio Gangale) / CdeE: 1 Maestro - Egreso 18 hs - (Resp: Mariela Fernandez)</p>'),(406,'2011-05-26','P','L',1,'<p>CdeE:&nbsp;1 Maestro&nbsp; - Egreso 18 hs - (Responsable Martin Baez)</p>'),(407,'2011-07-15','P','P',1,'<p>&nbsp;CdT: 11 Maestros Ingreso 18hs (Responsable Francisco Gorsin)</p>\n<p>CdeE: 10 Maestros Ingreso 18 hs (Responsable Guillermina Noro)</p>\n<p>CdeE: 1 Maestro - Egreso 18 hs - (Responsable Hernan Gentili)</p>'),(408,'2011-07-16','P','P',1,'<p>&nbsp;CdT: 11 Maestros (Responsable Francisco Gorsin)</p>\n<p>CdeE: 10 Maestros&nbsp; (Responsable Guillermina Noro)</p>\n<p>CdeE: 1 Maestro - Ingreso 18 hs - (Responsable Cristina Suarez)</p>'),(409,'2011-07-17','P','T',1,'<p>&nbsp;CdT: 11 Maestros - Egreso 18hs (Responsable Francisco Gorsin)</p>\n<p>CdeE: 10 Maestros Egreso 18 hs (Responsable Guillermina Noro)</p>\n<p>Multiuso (aviso de uso): Retiro de la Fuerza. (Responsable Guillermina Noro)</p>\n<p>CdeE: 1 Maestro - Egreso 18 hs - (Responsable Cristina Suarez)</p>'),(410,'2011-06-12','P','T',1,'<p>Multiuso (aviso de uso):&nbsp;<span class=\"Apple-style-span\" style=\"border-collapse: collapse; font-family: arial, sans-serif; font-size: 13px\">Seminario La Direcci&oacute;n y los Aforismos -Abierto- (Responsable: Marisu Ortiz) desde las 10 hs. Aprox. 30 personas.</span></p>\n<p>&nbsp;CdeE: 1 Maestro - Egreso 18 hs - (Responsable Fabiana Martinez)</p>\n<p>&nbsp;CdeE: 2 Maestros - Egreso 18 hs - (Responsable Corinne Figueroa)</p>\n<p>CdeE: 1 Mestro - Egreso 18 hs - (Resp. Carla Pascuale) / CdeE: 1 Mestro - Egreso 18 hs - (Resp.&nbsp;Maru Gonzalez)</p>\n<p>&nbsp;</p>'),(411,'2011-07-02','P','T',1,'<p>&nbsp;CdT: 15 Alojados - Ingreso 18hs (Responsable Norma Melo)</p>\n<p>CdeE:&nbsp;3 Maestros - Ingreso 18 hs - (Responsable Norma Melo)</p>\n<p>CdeE: 6 Maestros - Ingreso 18 hs - (Responsable jose luis miranda)</p>\n<p>Taller: 6 Maestros - Ingreso 15 hs - (Responsable jose luis miranda) fragua y horno tacho</p>\n<p>CdeE: 1 Maestro - Ingreso - 18 hs - (Resp Eva Guzman) / CdeE: 1 Maestro - Ingreso 18 hs - (Resp. Danilo Scanaroti)</p>'),(412,'2011-07-03','P','T',1,'<p>&nbsp;CdT: 15 Alojados - Egreso 18hs (Responsable Norma Melo).</p>\n<p>CdeE:&nbsp;3 Maestros - Egreso 18 hs - (Responsable Norma Melo)</p>\n<p>CdeE: 6 Maestros - Egreso 18 hs - (Responsable jose luis miranda)</p>\n<p>Taller: de 10 a 20 hs ceramica 1 persona( Resp. Casto Roberto Ruiz)</p>\n<p>CdeE: 1 Maestro - Egreso - 18 hs - (Resp Eva Guzman) / CdeE: 1 Maestro - Ingreso 18 hs - (Resp. Danilo Scanaroti)</p>\n<p>Multiuso (aviso de uso):&nbsp;<span class=\"Apple-style-span\" style=\"border-collapse: collapse; font-family: arial, sans-serif; font-size: 13px\">Reuni&oacute;n semestral Equipo de Base &quot;Rebeli&oacute;n Humanista&quot; (Responsable&nbsp;</span><span class=\"Apple-style-span\" style=\"border-collapse: collapse; font-family: arial, sans-serif; font-size: 13px\">Fernando Garc&iacute;a) Desde las 13 hs. Aprox. 15 personas.</span></p>'),(413,'2011-06-25','P','T',1,'<p>&nbsp;CdT: 15 Maestros - Ingreso 18hs (responsable Antonella Digiovanni)</p>\n<p>CdeE:&nbsp;4 Maestros - Ingreso 18 hs - (Resp. Roc&iacute;o Balboa) / CdeE: 1 Maestro - Ingreso 18 hs - (Resp. Danilo Scanarotti)</p>\n<p>CdeE: 2 Maestros - Egreso 18 hs - (Resp. Gustavo Goren) / CdeE: 2 Maestros Ingreso 18 hs (Resp. maryan pozueco)</p>\n<p>CdeE: 2 Maestros - Egreso 18 hs - (Resp. Ana L&iacute;a Dellacasa) / CdeE: 2 Maestros - Ingreso 18 hs - (Resp. Jorge Pozo)</p>'),(414,'2011-06-26','P','T',1,'<p>&nbsp;CdT: 15 Maestros - Egreso 18hs (Responsable Antonella Digiovanni)</p>\n<p>CdeE:&nbsp;4 Maestros - Egreso 18 hs - (Responsable Roc&iacute;o Balboa)</p>\n<p>CdeE: 2 Maestros - Egreso 18 hs - (Resp. Jorge Pozo) / CdeE: 2 Maestros Egreso 18 hs (Resp. maryan pozueco)</p>\n<p>Multiuso (aviso de uso): Comunidad de El Mensaje de Silo Werken. (Responsable Soledad Nasif). De 10 hs a 20 hs. Aprox. 10 personas</p>'),(415,'2011-06-18','P','P',1,'<p>CdT: 2 Maestros - Egreso 18hs (Responsable Francisco Gorsin)&nbsp;</p>\n<p>CdT: 8 Maestros - Ingreso 18hs (Responsable Antonella Digiovanni)</p>\n<p>Taller: reservado (Responsable Antonella Digiovanni)</p>\n<p>CdeE: 1 Maestro - Ingreso 18 hs - (Maria Eugenia Vittori)</p>\n<p>Multiuso (aviso de uso): Reuni&oacute;n Parque zona Sur GBA. (Responsable Pablo Di Leo). De 13 hs a 20 hs. Aprox. 40 personas.</p>\n<p>&nbsp;</p>'),(416,'2011-07-18','L','L',1,'<p>Multiuso (aviso de uso): Retiro de La Fuerza (Responsable Guillermina Noro)</p>\n<p>Taller: Ceramica, lunes de 12 a 18 hs. Silvia A y Sherry.</p>'),(417,'2011-06-17','L','P',0,'<p>&nbsp;CdT: 2 Maestros - Ingreso 18hs (Responsable Francisco Gorsin)</p>'),(418,'2011-06-09','P','L',1,'<p>CdeE: 1 Maestro - Ingreso 18 hs - (Responsable  Hernan Gentili)</p>'),(419,'2011-06-10','P','L',1,'<p>CdeE: 1 Maestro - Egreso 18 hs - (Responsable Hernan Gentili)</p>\n<p>CdeE: 1 Maestro - Ingreso 18 hs - (Responsable Anabela Barberena)</p>'),(420,'2011-06-11','P','L',1,'<p>CdeE: 2 Maestros - Ingreso 18 hs - (Responsable Corinne Figueroa)</p>\n<p>CdeE: 1 Maestro - Egreso 18 hs - (Responsable Anabela Barberena)</p>\n<p>CdeE: 1 Maestro - Ingreso 18 hs - (Responsable Fabiana Martinez)</p>\n<p>CdeE: 1 Mestro - Ingreso 18 hs - (Resp. Carla Pascuale) /&nbsp;CdeE: 1 Mestro - Ingreso 18 hs - (Resp.&nbsp;Maru Gonzalez)</p>'),(421,'2011-06-14','P','L',1,'<p>CdeE: 3 Maestros - Ingreso 18 hs - (Responsable Diego Dorado)</p>'),(422,'2011-06-15','P','L',1,'<p>CdeE: 3 Maestros - Egreso 18 hs - (Responsable Diego Dorado)</p>'),(423,'2011-06-24','P','L',1,'<p>CdeE: 2 Maestros - Ingreso 18 hs - (Responsable Gustavo Goren)</p>\n<p>CdeE: 2 Maestros - Ingreso 18 hs - (Responsable Ana L&iacute;a Dellacasa)</p>\n<p>CdeE: 1 Maestro - Ingreso 18 hs - (Responsable Danilo Scanarotti)</p>'),(424,'2011-06-27','P','L',1,'<p>CdeE:&nbsp;3 Maestros - Ingreso 18 hs - (Responsable Florencia Uruzuna)</p>'),(425,'2011-06-28','P','L',1,'<p>CdeE:&nbsp;3 Maestros - Egreso 18 hs - (Responsable Florencia Uruzuna)</p>\n<p>CdeE:&nbsp;2 Maestros - Ingreso 18 hs - (Responsable Florencia Uruzuna)</p>'),(426,'2011-06-29','P','L',1,'<p>CdeE: 3 Maestros - Ingreso 18 hs - (Responsable Diego Dorado)</p>\n<p>CdeE:&nbsp;2 Maestros - Egreso 18 hs - (Responsable Florencia Uruzuna)</p>\n<p>CdeE: 1 Maestro - Ingreso 18 hs - (Responsable Alejandro Drandich)</p>'),(427,'2011-06-30','P','L',1,'<p>CdeE: 3 Maestros - Egreso 18 hs - (Responsable Diego Dorado)</p>\n<p>CdeE: 1 Maestro - Egreso 18 hs - (Responsable Alejandro Drandich)</p>'),(428,'2011-07-04','P','L',1,'<p>Taller: Ceramica, lunes de 12 a 18 hs. Silvia A y Sherry.</p>\n<p>CdeE: 1 Maestro - Ingreso 18 hs - (Responsable <span class=\"Apple-style-span\" style=\"widows: 2; text-transform: none; text-indent: 0px; border-collapse: separate; font: medium \"Times New Roman\"; white-space: normal; orphans: 2; letter-spacing: normal; color: rgb(0,0,0); word-spacing: 0px; -webkit-border-horizontal-spacing: 0px; -webkit-border-vertical-spacing: 0px; -webkit-text-decorations-in-effect: none; -webkit-text-size-adjust: auto; -webkit-text-stroke-width: 0px\"><span class=\"Apple-style-span\" style=\"border-collapse: collapse; font-family: arial, sans-serif; font-size: 13px\">Gabriel Drab)</span></span></p>'),(429,'2011-07-11','L','P',1,'<p>Taller: Ceramica, lunes de 12 a 18 hs. Silvia A y Sherry.</p>\n<p>CdT: 1 Maestro- (Responsable Mirta Gatica)</p>'),(430,'2011-07-25','L','L',1,'<p>Taller: Ceramica, lunes de 12 a 18 hs. Silvia A y Sherry.</p>'),(431,'2011-07-05','P','L',1,'<p>CdeE: 1 Maestro - Egreso 18 hs - (Responsable <span class=\"Apple-style-span\" style=\"widows: 2; text-transform: none; text-indent: 0px; border-collapse: separate; font: medium \"Times New Roman\"; white-space: normal; orphans: 2; letter-spacing: normal; color: rgb(0,0,0); word-spacing: 0px; -webkit-border-horizontal-spacing: 0px; -webkit-border-vertical-spacing: 0px; -webkit-text-decorations-in-effect: none; -webkit-text-size-adjust: auto; -webkit-text-stroke-width: 0px\"><span class=\"Apple-style-span\" style=\"border-collapse: collapse; font-family: arial, sans-serif; font-size: 13px\">Gabriel Drab)</span></span></p>'),(432,'2011-07-09','P','P',1,'<p>&nbsp;CdT: 3 Alojados- Ingreso 18hs (Responsable Carla Pascuale)</p>\n<p>CdeE: 1 Maestro - Egreso&nbsp;18 hs (Responsable&nbsp;Anabela Barberena)\n<p>CdT: 2 maestros (reemplazo Casero). Egreso 20 hs.</p>\n<p>CdT: 1 Alojado - Ingreso 18hs (Responsable Carla Pascuale)</p>\n</p>\n<p>&nbsp;</p>'),(433,'2011-07-10','L','P',0,'<p>&nbsp;CdT: 3 Alojados - Egreso 18hs ( Responsable Carla Pascuale)</p>\n<p>CdT: 1 Alojado- Egreso 18hs (Responsable Carla Pascuale)</p>\n<p>CdT: 1 Maestro - Ingreso 18hs (Responsable Mirta Gatica).</p>'),(434,'2011-07-01','L','L',0,''),(435,'2011-07-08','P','P',1,'<p>CdT: 2 maestros (reemplazo Casero). Ingreso 18 hs.</p>\n<p>CdeE: 1 Maestro - Ingreso&nbsp;20 hs (Responsable&nbsp;Anabela Barberena)</p>'),(436,'2011-07-06','T','P',1,'<p>CdeE: Refacciones (Pintura) Comision Parque La Reja</p>\n<p>CdT: 3 Maestros - Ingreso 18hs (Responsable Diego Dorado)</p>\n<p>&nbsp;</p>'),(437,'2011-07-07','T','P',1,'<p>CdeE: Refacciones (Pintura) Comision Parque La Reja</p>\n<p>CdT: 3 Maestros - Egreso 18hs (Responsable Diego Dorado)</p>'),(438,'2011-07-12','P','P',1,'<p>&nbsp;CdT: 1 Maestro- Egreso 18hs (Responsable Mirta Gatica)</p>\n<p>CdeE: 3 Maestros - Trabajos en la Web - (Responsable Jose Luis Miranda)</p>'),(439,'2011-07-20','L','P',0,'<p>&nbsp;Cdt: 1 Reemplazo Casero -ingreso 18hs (Responsable Antonella Digiovanni)</p>'),(440,'2011-07-21','L','P',0,'<p>&nbsp;Cdt: 1 Reemplazo Casero - Egreso 18hs (Responsable Antonella Digiovanni)</p>'),(441,'2011-07-27','L','P',0,'<p>&nbsp;Cdt: 1 Reemplaza Casero - Ingreso 18hs ( Responsable Anto Digio )</p>'),(442,'2011-07-28','L','P',0,'<p>&nbsp;CdT: 1 Reemplazo Casero - Egreso 18hs (Resp. Anto Digio)</p>'),(443,'2011-08-03','L','P',0,'<p>&nbsp;CdT: 1 Reemplazo Casero - Ingreso 18hs (Responsable Anto Digio)</p>'),(444,'2011-08-04','L','P',0,'<p>&nbsp;CdT: 1 Reemplazo Casero- Egreso 18hs ( Responsable Anto Digio)</p>'),(445,'2011-08-10','L','P',0,'<p>&nbsp;CdT: 1 Reemplazo Casero - Ingreso 18hs (Resp. Anto Digio)</p>'),(446,'2011-08-11','L','P',0,'<p>&nbsp;CdT: 1 Reemplazo Casero - Egreso 18hs (Resp. Anto Digio)</p>'),(447,'2011-07-13','P','L',1,'<p>CdeE: 3 Maestros - Trabajos en la Web - (Responsable Jose Luis Miranda)</p>'),(448,'2011-07-23','P','L',1,'<p>CdeE: 5 Maestros - Ingreso 18 hs - (Responsable Cecilia Benitez)</p>\n<p>CdeE:&nbsp;8 Maestros - Ingreso 18 hs - (Responsable Carina Fichera)</p>\n<p>Taller: 6 a 8 Maestros, desde 14 hs  (Responsable Cecilia Benitez)</p>'),(449,'2011-07-24','P','L',1,'<p>CdeE: 5 Maestros - Egreso 18 hs - (Responsable Cecilia Benitez)</p>\n<p>CdeE:&nbsp;8 Maestros - Egreso 18 hs - (Responsable Carina Fichera)</p>\n<p>Taller: 6 a 8 Maestros, hasta 14 hs  (Responsable Cecilia Benitez)</p>'),(450,'2011-07-14','P','L',1,'<p>CdeE: 1 Maestro - Ingreso 18 hs - (Responsable Hernan Gentili)</p>'),(451,'2011-09-16','T','P',1,'<p>&nbsp;esetsetset</p>'),(452,'2011-09-22','P','L',0,'<p>&nbsp;asdasd</p>'),(453,'2012-02-02','T','P',1,'<p>&nbsp;asdfasdfasdfasdf</p>');
/*!40000 ALTER TABLE `reserva` ENABLE KEYS */;
UNLOCK TABLES;

--
-- Table structure for table `sf_guard_forgot_password`
--

DROP TABLE IF EXISTS `sf_guard_forgot_password`;
/*!40101 SET @saved_cs_client     = @@character_set_client */;
/*!40101 SET character_set_client = utf8 */;
CREATE TABLE `sf_guard_forgot_password` (
  `id` bigint(20) NOT NULL AUTO_INCREMENT,
  `user_id` bigint(20) NOT NULL,
  `unique_key` varchar(255) DEFAULT NULL,
  `expires_at` datetime NOT NULL,
  `created_at` datetime NOT NULL,
  `updated_at` datetime NOT NULL,
  PRIMARY KEY (`id`),
  KEY `user_id_idx` (`user_id`),
  CONSTRAINT `sf_guard_forgot_password_user_id_sf_guard_user_id` FOREIGN KEY (`user_id`) REFERENCES `sf_guard_user` (`id`) ON DELETE CASCADE
) ENGINE=InnoDB DEFAULT CHARSET=utf8;
/*!40101 SET character_set_client = @saved_cs_client */;

--
-- Dumping data for table `sf_guard_forgot_password`
--

LOCK TABLES `sf_guard_forgot_password` WRITE;
/*!40000 ALTER TABLE `sf_guard_forgot_password` DISABLE KEYS */;
/*!40000 ALTER TABLE `sf_guard_forgot_password` ENABLE KEYS */;
UNLOCK TABLES;

--
-- Table structure for table `sf_guard_group`
--

DROP TABLE IF EXISTS `sf_guard_group`;
/*!40101 SET @saved_cs_client     = @@character_set_client */;
/*!40101 SET character_set_client = utf8 */;
CREATE TABLE `sf_guard_group` (
  `id` bigint(20) NOT NULL AUTO_INCREMENT,
  `name` varchar(255) DEFAULT NULL,
  `description` text,
  `created_at` datetime NOT NULL,
  `updated_at` datetime NOT NULL,
  PRIMARY KEY (`id`),
  UNIQUE KEY `name` (`name`)
) ENGINE=InnoDB AUTO_INCREMENT=6 DEFAULT CHARSET=utf8;
/*!40101 SET character_set_client = @saved_cs_client */;

--
-- Dumping data for table `sf_guard_group`
--

LOCK TABLES `sf_guard_group` WRITE;
/*!40000 ALTER TABLE `sf_guard_group` DISABLE KEYS */;
INSERT INTO `sf_guard_group` VALUES (1,'admin','Administrator group','2010-06-29 02:51:31','2010-06-29 02:51:31'),(2,'guest','Guest group','2010-06-29 02:51:31','2010-06-29 02:51:31'),(3,'editor','Editors can edit CMS pages, provided that they have been granted control over that particular part of the site by an administrator. Editors can also upload media, and manage media that they personally uploaded.','2010-06-29 02:51:31','2010-06-29 02:51:31'),(4,'reservas','Permite administrar las reservas','2011-01-13 12:30:53','2011-01-13 12:30:53'),(5,'reservas_taller','reservas con taller','2012-04-18 16:08:58','2012-04-18 16:08:58');
/*!40000 ALTER TABLE `sf_guard_group` ENABLE KEYS */;
UNLOCK TABLES;

--
-- Table structure for table `sf_guard_group_permission`
--

DROP TABLE IF EXISTS `sf_guard_group_permission`;
/*!40101 SET @saved_cs_client     = @@character_set_client */;
/*!40101 SET character_set_client = utf8 */;
CREATE TABLE `sf_guard_group_permission` (
  `group_id` bigint(20) NOT NULL DEFAULT '0',
  `permission_id` bigint(20) NOT NULL DEFAULT '0',
  `created_at` datetime NOT NULL,
  `updated_at` datetime NOT NULL,
  PRIMARY KEY (`group_id`,`permission_id`),
  KEY `sf_guard_group_permission_permission_id_sf_guard_permission_id` (`permission_id`),
  CONSTRAINT `sf_guard_group_permission_group_id_sf_guard_group_id` FOREIGN KEY (`group_id`) REFERENCES `sf_guard_group` (`id`) ON DELETE CASCADE,
  CONSTRAINT `sf_guard_group_permission_permission_id_sf_guard_permission_id` FOREIGN KEY (`permission_id`) REFERENCES `sf_guard_permission` (`id`) ON DELETE CASCADE
) ENGINE=InnoDB DEFAULT CHARSET=utf8;
/*!40101 SET character_set_client = @saved_cs_client */;

--
-- Dumping data for table `sf_guard_group_permission`
--

LOCK TABLES `sf_guard_group_permission` WRITE;
/*!40000 ALTER TABLE `sf_guard_group_permission` DISABLE KEYS */;
INSERT INTO `sf_guard_group_permission` VALUES (1,1,'2010-06-29 02:51:31','2010-06-29 02:51:31'),(1,2,'2010-06-29 02:51:31','2010-06-29 02:51:31'),(1,3,'2010-06-29 02:51:31','2010-06-29 02:51:31'),(1,4,'2010-06-29 02:51:31','2010-06-29 02:51:31'),(1,5,'2010-06-29 02:51:31','2010-06-29 02:51:31'),(1,8,'2010-06-29 02:51:31','2010-06-29 02:51:31'),(2,6,'2010-06-29 02:51:31','2010-06-29 02:51:31'),(2,8,'2010-06-29 02:51:31','2010-06-29 02:51:31'),(3,4,'2010-06-29 02:51:31','2010-06-29 02:51:31'),(3,7,'2010-06-29 02:51:31','2010-06-29 02:51:31'),(3,8,'2010-06-29 02:51:31','2010-06-29 02:51:31'),(4,9,'2011-01-13 14:38:37','2011-01-13 14:38:37'),(5,9,'2012-04-18 16:08:58','2012-04-18 16:08:58');
/*!40000 ALTER TABLE `sf_guard_group_permission` ENABLE KEYS */;
UNLOCK TABLES;

--
-- Table structure for table `sf_guard_permission`
--

DROP TABLE IF EXISTS `sf_guard_permission`;
/*!40101 SET @saved_cs_client     = @@character_set_client */;
/*!40101 SET character_set_client = utf8 */;
CREATE TABLE `sf_guard_permission` (
  `id` bigint(20) NOT NULL AUTO_INCREMENT,
  `name` varchar(255) DEFAULT NULL,
  `description` text,
  `created_at` datetime NOT NULL,
  `updated_at` datetime NOT NULL,
  PRIMARY KEY (`id`),
  UNIQUE KEY `name` (`name`)
) ENGINE=InnoDB AUTO_INCREMENT=11 DEFAULT CHARSET=utf8;
/*!40101 SET character_set_client = @saved_cs_client */;

--
-- Dumping data for table `sf_guard_permission`
--

LOCK TABLES `sf_guard_permission` WRITE;
/*!40000 ALTER TABLE `sf_guard_permission` DISABLE KEYS */;
INSERT INTO `sf_guard_permission` VALUES (1,'admin','Administrator permission','2010-06-29 02:51:31','2010-06-29 02:51:31'),(2,'cms_admin','Executive control of the CMS','2010-06-29 02:51:31','2010-06-29 02:51:31'),(3,'media_admin','Media admin','2010-06-29 02:51:31','2010-06-29 02:51:31'),(4,'media_upload','Media upload','2010-06-29 02:51:31','2010-06-29 02:51:31'),(5,'blog_admin','Can edit and delete anyone\'s blog posts, etc. (Also applies to events)','2010-06-29 02:51:31','2010-06-29 02:51:31'),(6,'guest','Guest permission','2010-06-29 02:51:31','2010-06-29 02:51:31'),(7,'blog_author','Can post new blog posts, and also edit and delete their own. (Also applies to events)','2010-06-29 02:51:31','2010-06-29 02:51:31'),(8,'view_locked','View locked pages','2010-06-29 02:51:31','2010-06-29 02:51:31'),(9,'calendario_admin','Permite administar las reservas','2011-01-13 12:30:20','2011-01-13 12:30:20'),(10,'editor','For groups that will be granted editing privileges at some point in the site','0000-00-00 00:00:00','0000-00-00 00:00:00');
/*!40000 ALTER TABLE `sf_guard_permission` ENABLE KEYS */;
UNLOCK TABLES;

--
-- Table structure for table `sf_guard_remember_key`
--

DROP TABLE IF EXISTS `sf_guard_remember_key`;
/*!40101 SET @saved_cs_client     = @@character_set_client */;
/*!40101 SET character_set_client = utf8 */;
CREATE TABLE `sf_guard_remember_key` (
  `id` int(11) NOT NULL AUTO_INCREMENT,
  `user_id` bigint(20) DEFAULT NULL,
  `remember_key` varchar(32) DEFAULT NULL,
  `ip_address` varchar(50) NOT NULL DEFAULT '',
  `created_at` datetime NOT NULL,
  `updated_at` datetime NOT NULL,
  PRIMARY KEY (`id`,`ip_address`),
  KEY `user_id_idx` (`user_id`),
  CONSTRAINT `sf_guard_remember_key_user_id_sf_guard_user_id` FOREIGN KEY (`user_id`) REFERENCES `sf_guard_user` (`id`) ON DELETE CASCADE
) ENGINE=InnoDB AUTO_INCREMENT=38 DEFAULT CHARSET=utf8;
/*!40101 SET character_set_client = @saved_cs_client */;

--
-- Dumping data for table `sf_guard_remember_key`
--

LOCK TABLES `sf_guard_remember_key` WRITE;
/*!40000 ALTER TABLE `sf_guard_remember_key` DISABLE KEYS */;
INSERT INTO `sf_guard_remember_key` VALUES (37,10,'bbb78ddd2ed6f9465c03296ce20394cb','190.55.36.32','2011-07-11 11:22:40','2011-07-11 11:22:40');
/*!40000 ALTER TABLE `sf_guard_remember_key` ENABLE KEYS */;
UNLOCK TABLES;

--
-- Table structure for table `sf_guard_user`
--

DROP TABLE IF EXISTS `sf_guard_user`;
/*!40101 SET @saved_cs_client     = @@character_set_client */;
/*!40101 SET character_set_client = utf8 */;
CREATE TABLE `sf_guard_user` (
  `id` bigint(20) NOT NULL AUTO_INCREMENT,
  `username` varchar(128) NOT NULL,
  `algorithm` varchar(128) NOT NULL DEFAULT 'sha1',
  `salt` varchar(128) DEFAULT NULL,
  `password` varchar(128) DEFAULT NULL,
  `is_active` tinyint(1) DEFAULT '1',
  `is_super_admin` tinyint(1) DEFAULT '0',
  `last_login` datetime DEFAULT NULL,
  `created_at` datetime NOT NULL,
  `updated_at` datetime NOT NULL,
  `first_name` varchar(255) DEFAULT NULL,
  `last_name` varchar(255) DEFAULT NULL,
  `email_address` varchar(255) DEFAULT '',
  PRIMARY KEY (`id`),
  UNIQUE KEY `username` (`username`),
  UNIQUE KEY `email_address` (`email_address`),
  KEY `is_active_idx_idx` (`is_active`)
) ENGINE=InnoDB AUTO_INCREMENT=16 DEFAULT CHARSET=utf8;
/*!40101 SET character_set_client = @saved_cs_client */;

--
-- Dumping data for table `sf_guard_user`
--

LOCK TABLES `sf_guard_user` WRITE;
/*!40000 ALTER TABLE `sf_guard_user` DISABLE KEYS */;
INSERT INTO `sf_guard_user` VALUES (1,'diego','sha1','ee66e32df091cfa0070b38cb3fd90357','f25ee4f234a4594cdc03dea55cc45eaf4f8abd74',1,1,'2013-04-28 18:23:12','2010-06-29 02:51:31','2013-04-28 18:23:12',NULL,NULL,'diego@notavalidaddress'),(3,'ataskuser','sha1','443545d85f72d980c12c5ceec942bf3b','daa930cece3bf058928c1b8ee2e3c272538af848',0,1,'2010-07-27 14:31:55','2010-07-27 14:31:01','2010-07-27 14:31:55',NULL,NULL,'ataskuser@notavalidaddress'),(5,'hernan','sha1','cb199e8e967f4bdcefb9e7245cf7b2a8','e27ae15aff37f2f07c08841c33c69163ece7ba44',1,0,NULL,'2010-08-28 14:36:00','2011-01-13 12:38:45',NULL,NULL,'hernan@notavalidaddress'),(6,'silvina','sha1','e164559a38d5e4116cd17ac6db780fad','189cc8fef6c75dddc579f04ccba6c6f673fc295c',1,0,'2010-09-27 09:06:03','2010-08-28 14:37:08','2011-01-13 12:39:09',NULL,NULL,'silvina@notavalidaddress'),(7,'cristina','sha1','13954863084606325693b808b1d87498','ff4c7c4230ebdb206449ca249dae55a380c269ba',1,0,'2011-03-17 22:34:04','2010-10-29 13:39:14','2011-03-17 22:34:04',NULL,NULL,'cristina@notavalidaddress'),(8,'berty','sha1','f9c50d1808fc2b904bae8f66aad60dfc','91037c2de0af93e729558dac3237f65da6225154',1,0,'2010-12-23 20:47:49','2010-12-19 15:07:27','2011-01-13 12:39:47',NULL,NULL,'berty@notavalidaddress'),(9,'myriam','sha1','04d0d3967c7d3e988e4f5940aef846c7','3288b53f38a501c80bdcab1fdc7703afe0507040',1,0,'2011-07-11 13:30:28','2011-01-13 12:29:21','2012-04-18 16:06:50','','','myriam@gmail.com'),(10,'franscisco','sha1','3101569ac6857d382185ca2b4070fac5','8b512deab1f7addf6fabaaa041b63fe6cfd6e786',1,0,'2011-07-11 11:22:40','2011-01-13 12:35:53','2011-07-11 11:22:40',NULL,NULL,'franscisco@notavalidaddress'),(11,'ariel','sha1','27b4283f3e2e39ff1df7a89e2b555225','aab78ca96878d808ca003ee602c079785941e220',1,0,'2011-07-11 20:57:54','2011-01-13 12:36:57','2012-04-18 16:09:26','','','ariel@notavalidaddress'),(12,'antonella','sha1','c94a095d83a880f77f45c3b62dec4832','b0633bce6099aa6f41734e68aeb2dae96c78f889',1,0,'2011-07-03 19:13:13','2011-01-13 12:37:44','2011-07-03 19:13:13',NULL,NULL,'antonella@notavalidaddress'),(13,'roberto','sha1','e653530a4c5bf68728e926f4deb8dc4a','6f14f2b2d793a0431e288a7d9ad0f7c26a809d9e',1,0,'2011-01-14 12:29:13','2011-01-13 12:38:12','2011-01-14 12:29:13',NULL,NULL,'roberto@notavalidaddress'),(14,'alejandro','sha1','1c865018aed2eed8f3852114d5f9cd48','99a4445cc147bb2e060b0a4e32a3753b1eec9446',1,0,NULL,'2011-01-13 12:40:15','2011-01-13 12:40:15',NULL,NULL,'alejandro@notavalidaddress'),(15,'jose','sha1','dba8ec3c5c503fa65584a0f51c4cda06','32104679881ea65d26acff95eb05b297a2088cc0',1,0,'2011-06-25 21:30:37','2011-03-01 17:45:39','2011-06-25 21:30:37',NULL,NULL,'jose@notavalidaddress');
/*!40000 ALTER TABLE `sf_guard_user` ENABLE KEYS */;
UNLOCK TABLES;

--
-- Table structure for table `sf_guard_user_group`
--

DROP TABLE IF EXISTS `sf_guard_user_group`;
/*!40101 SET @saved_cs_client     = @@character_set_client */;
/*!40101 SET character_set_client = utf8 */;
CREATE TABLE `sf_guard_user_group` (
  `user_id` bigint(20) NOT NULL DEFAULT '0',
  `group_id` bigint(20) NOT NULL DEFAULT '0',
  `created_at` datetime NOT NULL,
  `updated_at` datetime NOT NULL,
  PRIMARY KEY (`user_id`,`group_id`),
  KEY `sf_guard_user_group_group_id_sf_guard_group_id` (`group_id`),
  CONSTRAINT `sf_guard_user_group_group_id_sf_guard_group_id` FOREIGN KEY (`group_id`) REFERENCES `sf_guard_group` (`id`) ON DELETE CASCADE,
  CONSTRAINT `sf_guard_user_group_user_id_sf_guard_user_id` FOREIGN KEY (`user_id`) REFERENCES `sf_guard_user` (`id`) ON DELETE CASCADE
) ENGINE=InnoDB DEFAULT CHARSET=utf8;
/*!40101 SET character_set_client = @saved_cs_client */;

--
-- Dumping data for table `sf_guard_user_group`
--

LOCK TABLES `sf_guard_user_group` WRITE;
/*!40000 ALTER TABLE `sf_guard_user_group` DISABLE KEYS */;
INSERT INTO `sf_guard_user_group` VALUES (5,1,'2010-08-28 14:36:00','2010-08-28 14:36:00'),(6,3,'2011-01-13 12:39:09','2011-01-13 12:39:09'),(7,3,'2010-10-29 13:39:14','2010-10-29 13:39:14'),(7,4,'2011-01-13 12:30:53','2011-01-13 12:30:53'),(8,3,'2011-01-13 12:39:47','2011-01-13 12:39:47'),(9,3,'2011-01-13 12:34:27','2011-01-13 12:34:27'),(9,4,'2011-01-13 12:34:27','2011-01-13 12:34:27'),(10,3,'2011-01-13 12:35:53','2011-01-13 12:35:53'),(10,4,'2011-01-13 12:35:53','2011-01-13 12:35:53'),(11,3,'2011-01-13 12:36:57','2011-01-13 12:36:57'),(11,5,'2012-04-18 16:09:26','2012-04-18 16:09:26'),(12,3,'2011-01-13 12:37:44','2011-01-13 12:37:44'),(12,4,'2011-01-13 12:37:44','2011-01-13 12:37:44'),(13,3,'2011-01-13 12:38:12','2011-01-13 12:38:12'),(13,4,'2011-01-13 12:38:12','2011-01-13 12:38:12'),(14,3,'2011-01-13 12:40:15','2011-01-13 12:40:15'),(15,1,'2011-03-01 17:45:39','2011-03-01 17:45:39');
/*!40000 ALTER TABLE `sf_guard_user_group` ENABLE KEYS */;
UNLOCK TABLES;

--
-- Table structure for table `sf_guard_user_permission`
--

DROP TABLE IF EXISTS `sf_guard_user_permission`;
/*!40101 SET @saved_cs_client     = @@character_set_client */;
/*!40101 SET character_set_client = utf8 */;
CREATE TABLE `sf_guard_user_permission` (
  `user_id` bigint(20) NOT NULL DEFAULT '0',
  `permission_id` bigint(20) NOT NULL DEFAULT '0',
  `created_at` datetime NOT NULL,
  `updated_at` datetime NOT NULL,
  PRIMARY KEY (`user_id`,`permission_id`),
  KEY `sf_guard_user_permission_permission_id_sf_guard_permission_id` (`permission_id`),
  CONSTRAINT `sf_guard_user_permission_permission_id_sf_guard_permission_id` FOREIGN KEY (`permission_id`) REFERENCES `sf_guard_permission` (`id`) ON DELETE CASCADE,
  CONSTRAINT `sf_guard_user_permission_user_id_sf_guard_user_id` FOREIGN KEY (`user_id`) REFERENCES `sf_guard_user` (`id`) ON DELETE CASCADE
) ENGINE=InnoDB DEFAULT CHARSET=utf8;
/*!40101 SET character_set_client = @saved_cs_client */;

--
-- Dumping data for table `sf_guard_user_permission`
--

LOCK TABLES `sf_guard_user_permission` WRITE;
/*!40000 ALTER TABLE `sf_guard_user_permission` DISABLE KEYS */;
/*!40000 ALTER TABLE `sf_guard_user_permission` ENABLE KEYS */;
UNLOCK TABLES;

--
-- Table structure for table `tag`
--

DROP TABLE IF EXISTS `tag`;
/*!40101 SET @saved_cs_client     = @@character_set_client */;
/*!40101 SET character_set_client = utf8 */;
CREATE TABLE `tag` (
  `id` bigint(20) NOT NULL AUTO_INCREMENT,
  `name` varchar(100) DEFAULT NULL,
  `is_triple` tinyint(1) DEFAULT NULL,
  `triple_namespace` varchar(100) DEFAULT NULL,
  `triple_key` varchar(100) DEFAULT NULL,
  `triple_value` varchar(100) DEFAULT NULL,
  PRIMARY KEY (`id`),
  KEY `name_idx` (`name`),
  KEY `triple1_idx` (`triple_namespace`),
  KEY `triple2_idx` (`triple_key`),
  KEY `triple3_idx` (`triple_value`)
) ENGINE=InnoDB AUTO_INCREMENT=13 DEFAULT CHARSET=utf8;
/*!40101 SET character_set_client = @saved_cs_client */;

--
-- Dumping data for table `tag`
--

LOCK TABLES `tag` WRITE;
/*!40000 ALTER TABLE `tag` DISABLE KEYS */;
INSERT INTO `tag` VALUES (1,'caca',0,NULL,NULL,NULL),(2,'pedo',0,NULL,NULL,NULL),(3,'culo',0,NULL,NULL,NULL),(4,'alojamiento',0,NULL,NULL,NULL),(5,'multiuso',0,NULL,NULL,NULL),(9,'laboratorio',0,NULL,NULL,NULL),(10,'acido',0,NULL,NULL,NULL),(11,'mercurio',0,NULL,NULL,NULL),(12,'horno',0,NULL,NULL,NULL);
/*!40000 ALTER TABLE `tag` ENABLE KEYS */;
UNLOCK TABLES;

--
-- Table structure for table `tagging`
--

DROP TABLE IF EXISTS `tagging`;
/*!40101 SET @saved_cs_client     = @@character_set_client */;
/*!40101 SET character_set_client = utf8 */;
CREATE TABLE `tagging` (
  `id` bigint(20) NOT NULL AUTO_INCREMENT,
  `tag_id` bigint(20) NOT NULL,
  `taggable_model` varchar(30) DEFAULT NULL,
  `taggable_id` bigint(20) DEFAULT NULL,
  PRIMARY KEY (`id`),
  KEY `tag_idx` (`tag_id`),
  KEY `taggable_idx` (`taggable_model`,`taggable_id`)
) ENGINE=InnoDB AUTO_INCREMENT=24 DEFAULT CHARSET=utf8;
/*!40101 SET character_set_client = @saved_cs_client */;

--
-- Dumping data for table `tagging`
--

LOCK TABLES `tagging` WRITE;
/*!40000 ALTER TABLE `tagging` DISABLE KEYS */;
INSERT INTO `tagging` VALUES (1,5,'aMediaItem',56),(17,9,'aMediaItem',465),(18,10,'aMediaItem',465),(19,11,'aMediaItem',465),(20,12,'aMediaItem',466),(21,12,'aMediaItem',467),(22,12,'aMediaItem',468),(23,12,'aMediaItem',469);
/*!40000 ALTER TABLE `tagging` ENABLE KEYS */;
UNLOCK TABLES;
/*!40103 SET TIME_ZONE=@OLD_TIME_ZONE */;

/*!40101 SET SQL_MODE=@OLD_SQL_MODE */;
/*!40014 SET FOREIGN_KEY_CHECKS=@OLD_FOREIGN_KEY_CHECKS */;
/*!40014 SET UNIQUE_CHECKS=@OLD_UNIQUE_CHECKS */;
/*!40101 SET CHARACTER_SET_CLIENT=@OLD_CHARACTER_SET_CLIENT */;
/*!40101 SET CHARACTER_SET_RESULTS=@OLD_CHARACTER_SET_RESULTS */;
/*!40101 SET COLLATION_CONNECTION=@OLD_COLLATION_CONNECTION */;
/*!40111 SET SQL_NOTES=@OLD_SQL_NOTES */;

-- Dump completed on 2013-11-28 23:39:18
